pcid,timestep,community,growth_rate,density_change,degree_change,fraud_growth,clustering_change,feature_drift,variance_drift,lifetime,persistence,average_match_score,node_churn,structural_stability,is_fraud_community,afei,feature_contributions
161.0,22.0,18.0,0.9603975535168197,0.04032258064516128,0.8095238095238096,0.4242424242424243,0.7652582159624413,0.08140096281475626,0.030348715697297798,5.0,1.0,0.8736600000000001,0.9603975535168197,0.4800495762034225,1.0,0.5359404021154572,"{'growth_rate': np.float64(0.19207951070336393), 'density_change': np.float64(0.004032258064516128), 'degree_change': np.float64(0.08095238095238097), 'fraud_growth': np.float64(0.08484848484848487), 'clustering_change': np.float64(0.038262910798122066), 'feature_drift': np.float64(0.012210144422213439), 'variance_drift': np.float64(0.00151743578486489), 'node_churn': np.float64(0.09603975535168197), 'structural_stability': np.float64(0.025997521189828877)}"
66.0,21.0,52.0,0.8774209989806321,0.046875,1.0,0.4242424242424243,0.7652582159624413,0.061533274302705554,0.08293699450630375,2.0,0.4,0.8166,0.8774209989806321,0.3919432090318166,0.0,0.5348048757599267,"{'growth_rate': np.float64(0.17548419979612642), 'density_change': np.float64(0.004687500000000001), 'degree_change': np.float64(0.1), 'fraud_growth': np.float64(0.08484848484848487), 'clustering_change': np.float64(0.038262910798122066), 'feature_drift': np.float64(0.009229991145405833), 'variance_drift': np.float64(0.0041468497253151874), 'node_churn': np.float64(0.08774209989806321), 'structural_stability': np.float64(0.030402839548409166)}"
330.0,22.0,10.0,1.0,0.03550469483568075,0.5618779342723006,0.4242424242424243,0.08500937474003498,0.05430290101154097,0.039212503087140076,3.0,0.6,0.8232666666666666,1.0,0.2479040347786651,0.0,0.4965480750634397,"{'growth_rate': np.float64(0.2), 'density_change': np.float64(0.003550469483568075), 'degree_change': np.float64(0.056187793427230064), 'fraud_growth': np.float64(0.08484848484848487), 'clustering_change': np.float64(0.004250468737001749), 'feature_drift': np.float64(0.008145435151731144), 'variance_drift': np.float64(0.001960625154357004), 'node_churn': np.float64(0.1), 'structural_stability': np.float64(0.037604798261066746)}"
855.0,24.0,38.0,0.6959097859327218,0.05555555555555555,0.8395061728395062,0.4242424242424243,0.7652582159624413,0.10388414724172143,0.03390447229549216,2.0,0.4,0.91605,0.6959097859327218,0.4851965601965601,0.0,0.46440852195713445,"{'growth_rate': np.float64(0.13918195718654436), 'density_change': np.float64(0.005555555555555556), 'degree_change': np.float64(0.08395061728395063), 'fraud_growth': np.float64(0.08484848484848487), 'clustering_change': np.float64(0.038262910798122066), 'feature_drift': np.float64(0.015582622086258213), 'variance_drift': np.float64(0.0016952236147746082), 'node_churn': np.float64(0.06959097859327218), 'structural_stability': np.float64(0.025740171990171996)}"
92.0,21.0,12.0,0.579224006116208,0.06666666666666665,0.8922751322751326,0.4242424242424243,0.7652582159624413,0.14955652208429995,0.022051549105124697,4.0,0.8,0.7762249999999999,0.579224006116208,0.47224251278305324,0.0,0.4426967075043977,"{'growth_rate': np.float64(0.11584480122324159), 'density_change': np.float64(0.006666666666666665), 'degree_change': np.float64(0.08922751322751327), 'fraud_growth': np.float64(0.08484848484848487), 'clustering_change': np.float64(0.038262910798122066), 'feature_drift': np.float64(0.022433478312644993), 'variance_drift': np.float64(0.0011025774552562348), 'node_churn': np.float64(0.057922400611620795), 'structural_stability': np.float64(0.026387874360847344)}"
585.0,23.0,114.0,0.15137614678899083,0.25,0.6476190476190476,0.4242424242424243,0.7652582159624413,1.0,0.023432600221989057,2.0,0.4,0.88315,0.15137614678899083,1.0,0.0,0.4094577744563084,"{'growth_rate': np.float64(0.030275229357798167), 'density_change': np.float64(0.025), 'degree_change': np.float64(0.06476190476190477), 'fraud_growth': np.float64(0.08484848484848487), 'clustering_change': np.float64(0.038262910798122066), 'feature_drift': np.float64(0.15), 'variance_drift': np.float64(0.0011716300110994528), 'node_churn': np.float64(0.015137614678899083), 'structural_stability': np.float64(0.0)}"
875.0,24.0,212.0,0.15137614678899083,0.25,0.6476190476190476,0.4242424242424243,0.7652582159624413,0.9389639418441249,0.023432600221989057,2.0,0.4,0.9309000000000001,0.15137614678899083,1.0,0.0,0.4003023657329271,"{'growth_rate': np.float64(0.030275229357798167), 'density_change': np.float64(0.025), 'degree_change': np.float64(0.06476190476190477), 'fraud_growth': np.float64(0.08484848484848487), 'clustering_change': np.float64(0.038262910798122066), 'feature_drift': np.float64(0.14084459127661872), 'variance_drift': np.float64(0.0011716300110994528), 'node_churn': np.float64(0.015137614678899083), 'structural_stability': np.float64(0.0)}"
212.0,21.0,34.0,0.5014334862385321,0.07692307692307693,0.8302808302808304,0.4242424242424243,0.7652582159624413,0.041569993614145845,0.07590842912598354,5.0,1.0,0.7801,0.5014334862385321,0.5212728857890149,0.0,0.3982291084475276,"{'growth_rate': np.float64(0.10028669724770643), 'density_change': np.float64(0.007692307692307693), 'degree_change': np.float64(0.08302808302808305), 'fraud_growth': np.float64(0.08484848484848487), 'clustering_change': np.float64(0.038262910798122066), 'feature_drift': np.float64(0.0062354990421218765), 'variance_drift': np.float64(0.0037954214562991775), 'node_churn': np.float64(0.050143348623853216), 'structural_stability': np.float64(0.023936355710549258)}"
531.0,23.0,35.0,0.5014334862385321,0.07692307692307693,0.5867317867317867,0.4242424242424243,0.7652582159624413,0.1937164196015861,0.016136696090867198,2.0,0.4,0.92315,0.5014334862385321,0.5944725764138856,0.0,0.39004759680773987,"{'growth_rate': np.float64(0.10028669724770643), 'density_change': np.float64(0.007692307692307693), 'degree_change': np.float64(0.05867317867317867), 'fraud_growth': np.float64(0.08484848484848487), 'clustering_change': np.float64(0.038262910798122066), 'feature_drift': np.float64(0.02905746294023791), 'variance_drift': np.float64(0.00080683480454336), 'node_churn': np.float64(0.050143348623853216), 'structural_stability': np.float64(0.02027637117930572)}"
6.0,21.0,11.0,0.12780326197757394,0.2946428571428571,0.6194616977225673,1.0,0.7652582159624413,0.07874249010996198,0.030361844162372496,2.0,0.4,0.8591,0.1278032619775739,0.8654281992836212,1.0,0.3880724006383685,"{'growth_rate': np.float64(0.02556065239551479), 'density_change': np.float64(0.02946428571428571), 'degree_change': np.float64(0.06194616977225673), 'fraud_growth': np.float64(0.2), 'clustering_change': np.float64(0.038262910798122066), 'feature_drift': np.float64(0.011811373516494297), 'variance_drift': np.float64(0.001518092208118625), 'node_churn': np.float64(0.012780326197757392), 'structural_stability': np.float64(0.006728590035818938)}"
491.0,23.0,50.0,0.47982500849473336,0.08333333333333334,0.60466472303207,0.4242424242424243,0.7652582159624413,0.18321020690820436,0.027870181537651993,3.0,0.6,0.9380666666666667,0.4798250084947332,0.6165763713599705,0.0,0.38390492537668197,"{'growth_rate': np.float64(0.09596500169894667), 'density_change': np.float64(0.008333333333333335), 'degree_change': np.float64(0.060466472303207), 'fraud_growth': np.float64(0.08484848484848487), 'clustering_change': np.float64(0.038262910798122066), 'feature_drift': np.float64(0.027481531036230654), 'variance_drift': np.float64(0.0013935090768825997), 'node_churn': np.float64(0.04798250084947332), 'structural_stability': np.float64(0.01917118143200148)}"
741.0,24.0,95.0,0.22916666666666669,0.16666666666666666,0.8634920634920635,0.4242424242424243,0.7652582159624413,0.07189578655127457,1.0,3.0,0.6,0.8249666666666666,0.22916666666666669,0.6449631449631448,1.0,0.3734134793970139,"{'growth_rate': np.float64(0.04583333333333334), 'density_change': np.float64(0.016666666666666666), 'degree_change': np.float64(0.08634920634920636), 'fraud_growth': np.float64(0.08484848484848487), 'clustering_change': np.float64(0.038262910798122066), 'feature_drift': np.float64(0.010784367982691185), 'variance_drift': np.float64(0.05), 'node_churn': np.float64(0.02291666666666667), 'structural_stability': np.float64(0.017751842751842762)}"
212.0,22.0,121.0,0.390731592566455,0.12926136363636365,0.8674170274170275,0.4242424242424243,0.7652582159624413,0.056310777876358076,0.03936000550367383,5.0,1.0,0.7801,0.39073159256645495,0.5798912330227364,0.0,0.37141876782738314,"{'growth_rate': np.float64(0.07814631851329101), 'density_change': np.float64(0.012926136363636365), 'degree_change': np.float64(0.08674170274170276), 'fraud_growth': np.float64(0.08484848484848487), 'clustering_change': np.float64(0.038262910798122066), 'feature_drift': np.float64(0.008446616681453712), 'variance_drift': np.float64(0.0019680002751836915), 'node_churn': np.float64(0.0390731592566455), 'structural_stability': np.float64(0.021005438348863183)}"
25.0,22.0,3.0,0.41067787971457703,0.09374999999999997,0.7133928571428572,0.4242424242424243,0.7652582159624413,0.05614126214603881,0.025766104660394015,4.0,0.8,0.7503,0.41067787971457703,0.619284378718341,0.0,0.35577432089427424,"{'growth_rate': np.float64(0.08213557594291541), 'density_change': np.float64(0.009374999999999998), 'degree_change': np.float64(0.07133928571428572), 'fraud_growth': np.float64(0.08484848484848487), 'clustering_change': np.float64(0.038262910798122066), 'feature_drift': np.float64(0.00842118932190582), 'variance_drift': np.float64(0.0012883052330197008), 'node_churn': np.float64(0.04106778797145771), 'structural_stability': np.float64(0.019035781064082952)}"
25.0,23.0,41.0,0.03469036697247708,1.0,0.5511651469098279,0.4242424242424243,0.7652582159624413,0.08438810253747771,0.02506420341280131,4.0,0.8,0.7503,0.03469036697247708,0.0,0.0,0.35254644598059454,"{'growth_rate': np.float64(0.006938073394495416), 'density_change': np.float64(0.1), 'degree_change': np.float64(0.05511651469098279), 'fraud_growth': np.float64(0.08484848484848487), 'clustering_change': np.float64(0.038262910798122066), 'feature_drift': np.float64(0.012658215380621656), 'variance_drift': np.float64(0.0012532101706400657), 'node_churn': np.float64(0.003469036697247708), 'structural_stability': np.float64(0.05)}"
828.0,24.0,12.0,0.3458524464831804,0.12418300653594772,0.781254724111867,0.4242424242424243,0.7652582159624413,0.10092190459519183,0.016995941758257537,2.0,0.4,0.8811,0.3458524464831804,0.6264651260875777,1.0,0.3520757291291553,"{'growth_rate': np.float64(0.06917048929663609), 'density_change': np.float64(0.012418300653594772), 'degree_change': np.float64(0.07812547241118671), 'fraud_growth': np.float64(0.08484848484848487), 'clustering_change': np.float64(0.038262910798122066), 'feature_drift': np.float64(0.015138285689278774), 'variance_drift': np.float64(0.0008497970879128769), 'node_churn': np.float64(0.034585244648318046), 'structural_stability': np.float64(0.01867674369562112)}"
865.0,24.0,79.0,0.15137614678899083,0.25,0.6476190476190476,0.4242424242424243,0.7652582159624413,0.6141320344957241,0.023432600221989057,2.0,0.4,0.9189499999999999,0.15137614678899083,1.0,0.0,0.35157757963066694,"{'growth_rate': np.float64(0.030275229357798167), 'density_change': np.float64(0.025), 'degree_change': np.float64(0.06476190476190477), 'fraud_growth': np.float64(0.08484848484848487), 'clustering_change': np.float64(0.038262910798122066), 'feature_drift': np.float64(0.09211980517435861), 'variance_drift': np.float64(0.0011716300110994528), 'node_churn': np.float64(0.015137614678899083), 'structural_stability': np.float64(0.0)}"
741.0,23.0,201.0,0.15137614678899083,0.25,0.6476190476190476,0.8484848484848486,0.7652582159624413,0.05373639934240931,0.0006020083354611191,3.0,0.6,0.8249666666666666,0.15137614678899083,1.0,1.0,0.3512251896118282,"{'growth_rate': np.float64(0.030275229357798167), 'density_change': np.float64(0.025), 'degree_change': np.float64(0.06476190476190477), 'fraud_growth': np.float64(0.16969696969696973), 'clustering_change': np.float64(0.038262910798122066), 'feature_drift': np.float64(0.008060459901361396), 'variance_drift': np.float64(3.0100416773055954e-05), 'node_churn': np.float64(0.015137614678899083), 'structural_stability': np.float64(0.0)}"
137.0,22.0,195.0,0.15137614678899083,0.25,0.8095238095238096,0.4242424242424243,0.7652582159624413,0.38699761739203425,0.015407678766446031,5.0,1.0,0.8477600000000001,0.15137614678899083,0.8497920997920994,0.0,0.34080704219320757,"{'growth_rate': np.float64(0.030275229357798167), 'density_change': np.float64(0.025), 'degree_change': np.float64(0.08095238095238097), 'fraud_growth': np.float64(0.08484848484848487), 'clustering_change': np.float64(0.038262910798122066), 'feature_drift': np.float64(0.05804964260880514), 'variance_drift': np.float64(0.0007703839383223016), 'node_churn': np.float64(0.015137614678899083), 'structural_stability': np.float64(0.0075103950103950325)}"
161.0,24.0,17.0,0.20323649337410807,0.1875,0.6638095238095238,0.6363636363636365,0.7652582159624413,0.1327493048144373,0.011981823132816658,5.0,1.0,0.8736600000000001,0.2032364933741081,0.8360325974829792,1.0,0.34034739546869164,"{'growth_rate': np.float64(0.040647298674821614), 'density_change': np.float64(0.018750000000000003), 'degree_change': np.float64(0.06638095238095239), 'fraud_growth': np.float64(0.1272727272727273), 'clustering_change': np.float64(0.038262910798122066), 'feature_drift': np.float64(0.019912395722165594), 'variance_drift': np.float64(0.000599091156640833), 'node_churn': np.float64(0.02032364933741081), 'structural_stability': np.float64(0.00819837012585104)}"
317.0,21.0,144.0,0.22916666666666669,0.16666666666666666,0.8634920634920635,0.4242424242424243,0.7652582159624413,0.168730440912674,0.0037908605078154625,4.0,0.8,0.8690249999999999,0.22916666666666669,0.6449631449631448,0.0,0.33812822057661457,"{'growth_rate': np.float64(0.04583333333333334), 'density_change': np.float64(0.016666666666666666), 'degree_change': np.float64(0.08634920634920636), 'fraud_growth': np.float64(0.08484848484848487), 'clustering_change': np.float64(0.038262910798122066), 'feature_drift': np.float64(0.0253095661369011), 'variance_drift': np.float64(0.00018954302539077314), 'node_churn': np.float64(0.02291666666666667), 'structural_stability': np.float64(0.017751842751842762)}"
846.0,24.0,176.0,0.15137614678899083,0.25,0.6476190476190476,0.4242424242424243,0.7652582159624413,0.511822720954282,0.023432600221989057,2.0,0.4,0.9708,0.15137614678899083,1.0,0.0,0.3362311825994507,"{'growth_rate': np.float64(0.030275229357798167), 'density_change': np.float64(0.025), 'degree_change': np.float64(0.06476190476190477), 'fraud_growth': np.float64(0.08484848484848487), 'clustering_change': np.float64(0.038262910798122066), 'feature_drift': np.float64(0.0767734081431423), 'variance_drift': np.float64(0.0011716300110994528), 'node_churn': np.float64(0.015137614678899083), 'structural_stability': np.float64(0.0)}"
789.0,23.0,163.0,0.15137614678899083,0.25,0.6476190476190476,0.4242424242424243,0.7652582159624413,0.49906044845613007,0.023432600221989057,2.0,0.4,0.89305,0.15137614678899083,1.0,0.0,0.33431684172472786,"{'growth_rate': np.float64(0.030275229357798167), 'density_change': np.float64(0.025), 'degree_change': np.float64(0.06476190476190477), 'fraud_growth': np.float64(0.08484848484848487), 'clustering_change': np.float64(0.038262910798122066), 'feature_drift': np.float64(0.07485906726841951), 'variance_drift': np.float64(0.0011716300110994528), 'node_churn': np.float64(0.015137614678899083), 'structural_stability': np.float64(0.0)}"
811.0,24.0,9.0,0.3548282756998354,0.11206896551724138,0.724973544973545,0.3676767676767677,0.7652582159624413,0.06031609584650487,0.05626725834315932,2.0,0.4,0.8947499999999999,0.3548282756998353,0.6430039440123716,1.0,0.33166157818601993,"{'growth_rate': np.float64(0.07096565513996708), 'density_change': np.float64(0.01120689655172414), 'degree_change': np.float64(0.0724973544973545), 'fraud_growth': np.float64(0.07353535353535355), 'clustering_change': np.float64(0.038262910798122066), 'feature_drift': np.float64(0.00904741437697573), 'variance_drift': np.float64(0.002813362917157966), 'node_churn': np.float64(0.035482827569983534), 'structural_stability': np.float64(0.01784980279938142)}"
21.0,22.0,1.0,0.3555762614678899,0.1141141141141141,0.5816453816453817,0.4242424242424243,0.7652582159624413,0.07451311687837012,0.030144307882409058,3.0,0.6,0.7920000000000001,0.3555762614678899,0.6542772098503671,0.0,0.3293305460962811,"{'growth_rate': np.float64(0.07111525229357799), 'density_change': np.float64(0.01141141141141141), 'degree_change': np.float64(0.058164538164538176), 'fraud_growth': np.float64(0.08484848484848487), 'clustering_change': np.float64(0.038262910798122066), 'feature_drift': np.float64(0.011176967531755518), 'variance_drift': np.float64(0.001507215394120453), 'node_churn': np.float64(0.03555762614678899), 'structural_stability': np.float64(0.017286139507481646)}"
121.0,24.0,51.0,0.30695718654434256,0.125,0.7555555555555556,0.4242424242424243,0.7652582159624413,0.040411802820000196,0.04330454307106281,5.0,1.0,0.81692,0.30695718654434256,0.6449631449631448,0.0,0.3292329474938613,"{'growth_rate': np.float64(0.061391437308868514), 'density_change': np.float64(0.0125), 'degree_change': np.float64(0.07555555555555557), 'fraud_growth': np.float64(0.08484848484848487), 'clustering_change': np.float64(0.038262910798122066), 'feature_drift': np.float64(0.006061770423000029), 'variance_drift': np.float64(0.0021652271535531407), 'node_churn': np.float64(0.030695718654434257), 'structural_stability': np.float64(0.017751842751842762)}"
92.0,23.0,99.0,0.12025993883792052,0.3125,0.6296296296296297,0.4242424242424243,0.7652582159624413,0.34213548282969286,0.24157461289746662,4.0,0.8,0.7762249999999999,0.12025993883792052,0.8345167201099404,0.0,0.3250755573247763,"{'growth_rate': np.float64(0.024051987767584104), 'density_change': np.float64(0.03125), 'degree_change': np.float64(0.06296296296296297), 'fraud_growth': np.float64(0.08484848484848487), 'clustering_change': np.float64(0.038262910798122066), 'feature_drift': np.float64(0.051320322424453925), 'variance_drift': np.float64(0.012078730644873331), 'node_churn': np.float64(0.012025993883792052), 'structural_stability': np.float64(0.008274163994502981)}"
299.0,21.0,230.0,0.15137614678899083,0.25,0.6476190476190476,0.4242424242424243,0.7652582159624413,0.42027410021928535,0.023432600221989057,3.0,0.6,0.8828,0.15137614678899083,1.0,0.0,0.32249888948920113,"{'growth_rate': np.float64(0.030275229357798167), 'density_change': np.float64(0.025), 'degree_change': np.float64(0.06476190476190477), 'fraud_growth': np.float64(0.08484848484848487), 'clustering_change': np.float64(0.038262910798122066), 'feature_drift': np.float64(0.0630411150328928), 'variance_drift': np.float64(0.0011716300110994528), 'node_churn': np.float64(0.015137614678899083), 'structural_stability': np.float64(0.0)}"
378.0,22.0,502.0,0.15137614678899083,0.25,0.6476190476190476,0.4242424242424243,0.7652582159624413,0.41894835572894595,0.023432600221989057,2.0,0.4,0.9473,0.15137614678899083,1.0,0.0,0.32230002781565026,"{'growth_rate': np.float64(0.030275229357798167), 'density_change': np.float64(0.025), 'degree_change': np.float64(0.06476190476190477), 'fraud_growth': np.float64(0.08484848484848487), 'clustering_change': np.float64(0.038262910798122066), 'feature_drift': np.float64(0.06284225335934189), 'variance_drift': np.float64(0.0011716300110994528), 'node_churn': np.float64(0.015137614678899083), 'structural_stability': np.float64(0.0)}"
137.0,24.0,132.0,0.15137614678899083,0.25,0.6476190476190476,0.4242424242424243,0.7652582159624413,0.40300713040759045,0.06609567807479018,5.0,1.0,0.8477600000000001,0.15137614678899083,1.0,0.0,0.322041997910087,"{'growth_rate': np.float64(0.030275229357798167), 'density_change': np.float64(0.025), 'degree_change': np.float64(0.06476190476190477), 'fraud_growth': np.float64(0.08484848484848487), 'clustering_change': np.float64(0.038262910798122066), 'feature_drift': np.float64(0.06045106956113856), 'variance_drift': np.float64(0.003304783903739509), 'node_churn': np.float64(0.015137614678899083), 'structural_stability': np.float64(0.0)}"
775.0,23.0,149.0,0.15137614678899083,0.25,0.6476190476190476,0.4242424242424243,0.7652582159624413,0.4021798530886147,0.023432600221989057,2.0,0.4,0.8849,0.15137614678899083,1.0,0.0,0.3197847524196006,"{'growth_rate': np.float64(0.030275229357798167), 'density_change': np.float64(0.025), 'degree_change': np.float64(0.06476190476190477), 'fraud_growth': np.float64(0.08484848484848487), 'clustering_change': np.float64(0.038262910798122066), 'feature_drift': np.float64(0.0603269779632922), 'variance_drift': np.float64(0.0011716300110994528), 'node_churn': np.float64(0.015137614678899083), 'structural_stability': np.float64(0.0)}"
835.0,24.0,110.0,0.15137614678899083,0.25,0.6476190476190476,0.4242424242424243,0.7652582159624413,0.39523221111820167,0.01191560919085312,2.0,0.4,0.9299999999999999,0.15137614678899083,1.0,0.0,0.31816675657248183,"{'growth_rate': np.float64(0.030275229357798167), 'density_change': np.float64(0.025), 'degree_change': np.float64(0.06476190476190477), 'fraud_growth': np.float64(0.08484848484848487), 'clustering_change': np.float64(0.038262910798122066), 'feature_drift': np.float64(0.05928483166773025), 'variance_drift': np.float64(0.0005957804595426561), 'node_churn': np.float64(0.015137614678899083), 'structural_stability': np.float64(0.0)}"
55.0,24.0,89.0,0.15137614678899083,0.25,0.6476190476190476,0.4242424242424243,0.7652582159624413,0.3700499474095709,0.06021700485584873,5.0,1.0,0.7614,0.15137614678899083,1.0,0.0,0.316804486799437,"{'growth_rate': np.float64(0.030275229357798167), 'density_change': np.float64(0.025), 'degree_change': np.float64(0.06476190476190477), 'fraud_growth': np.float64(0.08484848484848487), 'clustering_change': np.float64(0.038262910798122066), 'feature_drift': np.float64(0.05550749211143564), 'variance_drift': np.float64(0.0030108502427924366), 'node_churn': np.float64(0.015137614678899083), 'structural_stability': np.float64(0.0)}"
753.0,23.0,77.0,0.15137614678899083,0.25,0.6476190476190476,0.4242424242424243,0.7652582159624413,0.3795505044310804,0.023432600221989057,2.0,0.4,0.9723999999999999,0.15137614678899083,1.0,0.0,0.3163903501209704,"{'growth_rate': np.float64(0.030275229357798167), 'density_change': np.float64(0.025), 'degree_change': np.float64(0.06476190476190477), 'fraud_growth': np.float64(0.08484848484848487), 'clustering_change': np.float64(0.038262910798122066), 'feature_drift': np.float64(0.05693257566466206), 'variance_drift': np.float64(0.0011716300110994528), 'node_churn': np.float64(0.015137614678899083), 'structural_stability': np.float64(0.0)}"
490.0,24.0,179.0,0.15137614678899083,0.25,0.6476190476190476,0.4242424242424243,0.7652582159624413,0.3812671221882304,0.0077206896222080865,3.0,0.6,0.9222999999999999,0.15137614678899083,1.0,0.0,0.31586224725455386,"{'growth_rate': np.float64(0.030275229357798167), 'density_change': np.float64(0.025), 'degree_change': np.float64(0.06476190476190477), 'fraud_growth': np.float64(0.08484848484848487), 'clustering_change': np.float64(0.038262910798122066), 'feature_drift': np.float64(0.057190068328234554), 'variance_drift': np.float64(0.00038603448111040433), 'node_churn': np.float64(0.015137614678899083), 'structural_stability': np.float64(0.0)}"
830.0,24.0,23.0,0.13192851681957188,0.29965156794425085,0.7172452486149099,0.4242424242424243,0.7652582159624413,0.2746811123766607,0.021520686973710762,2.0,0.4,0.9632499999999999,0.13192851681957188,0.8191969444210341,0.0,0.31569798633252755,"{'growth_rate': np.float64(0.026385703363914378), 'density_change': np.float64(0.029965156794425088), 'degree_change': np.float64(0.07172452486149099), 'fraud_growth': np.float64(0.08484848484848487), 'clustering_change': np.float64(0.038262910798122066), 'feature_drift': np.float64(0.041202166856499106), 'variance_drift': np.float64(0.0010760343486855381), 'node_churn': np.float64(0.013192851681957189), 'structural_stability': np.float64(0.009040152778948296)}"
56.0,22.0,396.0,0.15137614678899083,0.25,0.6476190476190476,0.4242424242424243,0.7652582159624413,0.3616312264030612,0.05850342275674199,5.0,1.0,0.84526,0.15137614678899083,1.0,0.0,0.3154559995435052,"{'growth_rate': np.float64(0.030275229357798167), 'density_change': np.float64(0.025), 'degree_change': np.float64(0.06476190476190477), 'fraud_growth': np.float64(0.08484848484848487), 'clustering_change': np.float64(0.038262910798122066), 'feature_drift': np.float64(0.05424468396045918), 'variance_drift': np.float64(0.0029251711378370997), 'node_churn': np.float64(0.015137614678899083), 'structural_stability': np.float64(0.0)}"
56.0,23.0,157.0,0.15137614678899083,0.25,0.6476190476190476,0.4242424242424243,0.7652582159624413,0.3458723316654832,0.0717296395428712,5.0,1.0,0.84526,0.15137614678899083,1.0,0.0,0.31375347617217497,"{'growth_rate': np.float64(0.030275229357798167), 'density_change': np.float64(0.025), 'degree_change': np.float64(0.06476190476190477), 'fraud_growth': np.float64(0.08484848484848487), 'clustering_change': np.float64(0.038262910798122066), 'feature_drift': np.float64(0.05188084974982248), 'variance_drift': np.float64(0.0035864819771435604), 'node_churn': np.float64(0.015137614678899083), 'structural_stability': np.float64(0.0)}"
161.0,21.0,56.0,0.15137614678899083,0.25,0.6476190476190476,0.4242424242424243,0.7652582159624413,0.14082725699096169,0.6734110033936785,5.0,1.0,0.8736600000000001,0.15137614678899083,1.0,0.0,0.31308078316353705,"{'growth_rate': np.float64(0.030275229357798167), 'density_change': np.float64(0.025), 'degree_change': np.float64(0.06476190476190477), 'fraud_growth': np.float64(0.08484848484848487), 'clustering_change': np.float64(0.038262910798122066), 'feature_drift': np.float64(0.02112408854864425), 'variance_drift': np.float64(0.03367055016968393), 'node_churn': np.float64(0.015137614678899083), 'structural_stability': np.float64(0.0)}"
317.0,22.0,344.0,0.15137614678899083,0.25,0.6476190476190476,0.4242424242424243,0.7652582159624413,0.31436740904367577,0.12368216447545467,4.0,0.8,0.8690249999999999,0.15137614678899083,1.0,0.0,0.31162536402553304,"{'growth_rate': np.float64(0.030275229357798167), 'density_change': np.float64(0.025), 'degree_change': np.float64(0.06476190476190477), 'fraud_growth': np.float64(0.08484848484848487), 'clustering_change': np.float64(0.038262910798122066), 'feature_drift': np.float64(0.047155111356551364), 'variance_drift': np.float64(0.006184108223772734), 'node_churn': np.float64(0.015137614678899083), 'structural_stability': np.float64(0.0)}"
208.0,21.0,92.0,0.15137614678899083,0.25,0.6476190476190476,0.4242424242424243,0.7652582159624413,0.3456882746707483,0.023432600221989057,3.0,0.6,0.9218666666666667,0.15137614678899083,1.0,0.0,0.3113110156569206,"{'growth_rate': np.float64(0.030275229357798167), 'density_change': np.float64(0.025), 'degree_change': np.float64(0.06476190476190477), 'fraud_growth': np.float64(0.08484848484848487), 'clustering_change': np.float64(0.038262910798122066), 'feature_drift': np.float64(0.05185324120061224), 'variance_drift': np.float64(0.0011716300110994528), 'node_churn': np.float64(0.015137614678899083), 'structural_stability': np.float64(0.0)}"
767.0,23.0,107.0,0.15137614678899083,0.25,0.6476190476190476,0.4242424242424243,0.7652582159624413,0.34516190740461955,0.023432600221989057,2.0,0.4,0.8971,0.15137614678899083,1.0,0.0,0.31123206056700126,"{'growth_rate': np.float64(0.030275229357798167), 'density_change': np.float64(0.025), 'degree_change': np.float64(0.06476190476190477), 'fraud_growth': np.float64(0.08484848484848487), 'clustering_change': np.float64(0.038262910798122066), 'feature_drift': np.float64(0.05177428611069293), 'variance_drift': np.float64(0.0011716300110994528), 'node_churn': np.float64(0.015137614678899083), 'structural_stability': np.float64(0.0)}"
257.0,23.0,158.0,0.15137614678899083,0.25,0.6476190476190476,0.4242424242424243,0.7652582159624413,0.33678910159834974,0.023432600221989057,5.0,1.0,0.85396,0.15137614678899083,1.0,0.0,0.3099761396960608,"{'growth_rate': np.float64(0.030275229357798167), 'density_change': np.float64(0.025), 'degree_change': np.float64(0.06476190476190477), 'fraud_growth': np.float64(0.08484848484848487), 'clustering_change': np.float64(0.038262910798122066), 'feature_drift': np.float64(0.05051836523975246), 'variance_drift': np.float64(0.0011716300110994528), 'node_churn': np.float64(0.015137614678899083), 'structural_stability': np.float64(0.0)}"
729.0,23.0,3.0,0.15137614678899083,0.25,0.6476190476190476,0.4242424242424243,0.7652582159624413,0.3348922741229755,0.023432600221989057,3.0,0.6,0.8748333333333335,0.15137614678899083,1.0,0.0,0.30969161557475466,"{'growth_rate': np.float64(0.030275229357798167), 'density_change': np.float64(0.025), 'degree_change': np.float64(0.06476190476190477), 'fraud_growth': np.float64(0.08484848484848487), 'clustering_change': np.float64(0.038262910798122066), 'feature_drift': np.float64(0.050233841118446323), 'variance_drift': np.float64(0.0011716300110994528), 'node_churn': np.float64(0.015137614678899083), 'structural_stability': np.float64(0.0)}"
756.0,24.0,180.0,0.15137614678899083,0.25,0.6476190476190476,0.4242424242424243,0.7652582159624413,0.3335441773992683,0.023432600221989057,3.0,0.6,0.8676,0.15137614678899083,1.0,0.0,0.3094894010661986,"{'growth_rate': np.float64(0.030275229357798167), 'density_change': np.float64(0.025), 'degree_change': np.float64(0.06476190476190477), 'fraud_growth': np.float64(0.08484848484848487), 'clustering_change': np.float64(0.038262910798122066), 'feature_drift': np.float64(0.05003162660989024), 'variance_drift': np.float64(0.0011716300110994528), 'node_churn': np.float64(0.015137614678899083), 'structural_stability': np.float64(0.0)}"
262.0,21.0,145.0,0.15137614678899083,0.25,0.6476190476190476,0.4242424242424243,0.7652582159624413,0.3321483656332028,0.023432600221989057,4.0,0.8,0.88805,0.15137614678899083,1.0,0.0,0.3092800293012888,"{'growth_rate': np.float64(0.030275229357798167), 'density_change': np.float64(0.025), 'degree_change': np.float64(0.06476190476190477), 'fraud_growth': np.float64(0.08484848484848487), 'clustering_change': np.float64(0.038262910798122066), 'feature_drift': np.float64(0.04982225484498042), 'variance_drift': np.float64(0.0011716300110994528), 'node_churn': np.float64(0.015137614678899083), 'structural_stability': np.float64(0.0)}"
18.0,23.0,178.0,0.05413799694189604,0.6666666666666666,0.49342403628117915,0.4242424242424243,0.7652582159624413,0.10235479206545127,0.011778428368259859,4.0,0.8,0.793975,0.05413799694189604,0.24166885331933888,1.0,0.30922056258622405,"{'growth_rate': np.float64(0.01082759938837921), 'density_change': np.float64(0.06666666666666667), 'degree_change': np.float64(0.04934240362811792), 'fraud_growth': np.float64(0.08484848484848487), 'clustering_change': np.float64(0.038262910798122066), 'feature_drift': np.float64(0.01535321880981769), 'variance_drift': np.float64(0.000588921418412993), 'node_churn': np.float64(0.005413799694189605), 'structural_stability': np.float64(0.03791655733403306)}"
462.0,24.0,198.0,0.15137614678899083,0.25,0.6476190476190476,0.4242424242424243,0.7652582159624413,0.3207111580080243,0.02370977523720722,3.0,0.6,0.9300333333333334,0.15137614678899083,1.0,0.0,0.3075783069082729,"{'growth_rate': np.float64(0.030275229357798167), 'density_change': np.float64(0.025), 'degree_change': np.float64(0.06476190476190477), 'fraud_growth': np.float64(0.08484848484848487), 'clustering_change': np.float64(0.038262910798122066), 'feature_drift': np.float64(0.048106673701203646), 'variance_drift': np.float64(0.0011854887618603612), 'node_churn': np.float64(0.015137614678899083), 'structural_stability': np.float64(0.0)}"
721.0,23.0,136.0,0.15137614678899083,0.25,0.6476190476190476,0.4242424242424243,0.7652582159624413,0.319222978258272,0.023432600221989057,2.0,0.4,0.90215,0.15137614678899083,1.0,0.0,0.30734122119504914,"{'growth_rate': np.float64(0.030275229357798167), 'density_change': np.float64(0.025), 'degree_change': np.float64(0.06476190476190477), 'fraud_growth': np.float64(0.08484848484848487), 'clustering_change': np.float64(0.038262910798122066), 'feature_drift': np.float64(0.0478834467387408), 'variance_drift': np.float64(0.0011716300110994528), 'node_churn': np.float64(0.015137614678899083), 'structural_stability': np.float64(0.0)}"
180.0,21.0,32.0,0.15137614678899083,0.25,0.6476190476190476,0.4242424242424243,0.7652582159624413,0.3178262999740182,0.023432600221989057,5.0,1.0,0.92034,0.15137614678899083,1.0,0.0,0.3071317194524111,"{'growth_rate': np.float64(0.030275229357798167), 'density_change': np.float64(0.025), 'degree_change': np.float64(0.06476190476190477), 'fraud_growth': np.float64(0.08484848484848487), 'clustering_change': np.float64(0.038262910798122066), 'feature_drift': np.float64(0.047673944996102724), 'variance_drift': np.float64(0.0011716300110994528), 'node_churn': np.float64(0.015137614678899083), 'structural_stability': np.float64(0.0)}"
490.0,23.0,113.0,0.15137614678899083,0.25,0.518095238095238,0.4242424242424243,0.7652582159624413,0.358636710599926,0.02582856086445772,3.0,0.6,0.9222999999999999,0.15137614678899083,0.877956081081081,0.0,0.30652289407198574,"{'growth_rate': np.float64(0.030275229357798167), 'density_change': np.float64(0.025), 'degree_change': np.float64(0.051809523809523805), 'fraud_growth': np.float64(0.08484848484848487), 'clustering_change': np.float64(0.038262910798122066), 'feature_drift': np.float64(0.053795506589988905), 'variance_drift': np.float64(0.001291428043222886), 'node_churn': np.float64(0.015137614678899083), 'structural_stability': np.float64(0.006102195945945949)}"
214.0,21.0,142.0,0.15137614678899083,0.25,0.6476190476190476,0.4242424242424243,0.7652582159624413,0.31254047151025666,0.023432600221989057,5.0,1.0,0.8680200000000001,0.15137614678899083,1.0,0.0,0.3063388451828469,"{'growth_rate': np.float64(0.030275229357798167), 'density_change': np.float64(0.025), 'degree_change': np.float64(0.06476190476190477), 'fraud_growth': np.float64(0.08484848484848487), 'clustering_change': np.float64(0.038262910798122066), 'feature_drift': np.float64(0.0468810707265385), 'variance_drift': np.float64(0.0011716300110994528), 'node_churn': np.float64(0.015137614678899083), 'structural_stability': np.float64(0.0)}"
851.0,24.0,77.0,0.15137614678899083,0.25,0.6476190476190476,0.4242424242424243,0.7652582159624413,0.3092589674331222,0.027258794243607394,2.0,0.4,0.89045,0.15137614678899083,1.0,0.0,0.3060379292723576,"{'growth_rate': np.float64(0.030275229357798167), 'density_change': np.float64(0.025), 'degree_change': np.float64(0.06476190476190477), 'fraud_growth': np.float64(0.08484848484848487), 'clustering_change': np.float64(0.038262910798122066), 'feature_drift': np.float64(0.04638884511496833), 'variance_drift': np.float64(0.0013629397121803699), 'node_churn': np.float64(0.015137614678899083), 'structural_stability': np.float64(0.0)}"
257.0,21.0,206.0,0.15137614678899083,0.25,0.6476190476190476,0.4242424242424243,0.7652582159624413,0.3094774164354941,0.023432600221989057,5.0,1.0,0.85396,0.15137614678899083,1.0,0.0,0.30587938692163247,"{'growth_rate': np.float64(0.030275229357798167), 'density_change': np.float64(0.025), 'degree_change': np.float64(0.06476190476190477), 'fraud_growth': np.float64(0.08484848484848487), 'clustering_change': np.float64(0.038262910798122066), 'feature_drift': np.float64(0.046421612465324114), 'variance_drift': np.float64(0.0011716300110994528), 'node_churn': np.float64(0.015137614678899083), 'structural_stability': np.float64(0.0)}"
708.0,24.0,92.0,0.15137614678899083,0.25,0.6476190476190476,0.4242424242424243,0.7652582159624413,0.2991720249221817,0.023432600221989057,3.0,0.6,0.8391000000000001,0.15137614678899083,1.0,0.0,0.3043335781946356,"{'growth_rate': np.float64(0.030275229357798167), 'density_change': np.float64(0.025), 'degree_change': np.float64(0.06476190476190477), 'fraud_growth': np.float64(0.08484848484848487), 'clustering_change': np.float64(0.038262910798122066), 'feature_drift': np.float64(0.04487580373832725), 'variance_drift': np.float64(0.0011716300110994528), 'node_churn': np.float64(0.015137614678899083), 'structural_stability': np.float64(0.0)}"
39.0,23.0,67.0,0.15137614678899083,0.25,0.6476190476190476,0.4242424242424243,0.7652582159624413,0.3030812112961604,0.009163136227113063,4.0,0.8,0.7692500000000001,0.15137614678899083,1.0,0.0,0.3042064829509886,"{'growth_rate': np.float64(0.030275229357798167), 'density_change': np.float64(0.025), 'degree_change': np.float64(0.06476190476190477), 'fraud_growth': np.float64(0.08484848484848487), 'clustering_change': np.float64(0.038262910798122066), 'feature_drift': np.float64(0.04546218169442406), 'variance_drift': np.float64(0.00045815681135565316), 'node_churn': np.float64(0.015137614678899083), 'structural_stability': np.float64(0.0)}"
257.0,24.0,64.0,0.15137614678899083,0.25,0.6476190476190476,0.4242424242424243,0.7652582159624413,0.29218514340993834,0.023432600221989057,5.0,1.0,0.85396,0.15137614678899083,1.0,0.0,0.3032855459677991,"{'growth_rate': np.float64(0.030275229357798167), 'density_change': np.float64(0.025), 'degree_change': np.float64(0.06476190476190477), 'fraud_growth': np.float64(0.08484848484848487), 'clustering_change': np.float64(0.038262910798122066), 'feature_drift': np.float64(0.04382777151149075), 'variance_drift': np.float64(0.0011716300110994528), 'node_churn': np.float64(0.015137614678899083), 'structural_stability': np.float64(0.0)}"
310.0,22.0,336.0,0.15137614678899083,0.25,0.6476190476190476,0.4242424242424243,0.7652582159624413,0.2885728382165621,0.023432600221989057,3.0,0.6,0.9209333333333333,0.15137614678899083,1.0,0.0,0.30274370018879265,"{'growth_rate': np.float64(0.030275229357798167), 'density_change': np.float64(0.025), 'degree_change': np.float64(0.06476190476190477), 'fraud_growth': np.float64(0.08484848484848487), 'clustering_change': np.float64(0.038262910798122066), 'feature_drift': np.float64(0.04328592573248431), 'variance_drift': np.float64(0.0011716300110994528), 'node_churn': np.float64(0.015137614678899083), 'structural_stability': np.float64(0.0)}"
353.0,22.0,84.0,0.11248088685015292,0.3333333333333333,0.5756613756613758,0.4242424242424243,0.7652582159624413,0.2630923171784165,0.053324573667484484,2.0,0.4,0.8443499999999999,0.11248088685015292,0.7480383609415867,0.0,0.3024832908141811,"{'growth_rate': np.float64(0.022496177370030585), 'density_change': np.float64(0.03333333333333333), 'degree_change': np.float64(0.05756613756613758), 'fraud_growth': np.float64(0.08484848484848487), 'clustering_change': np.float64(0.038262910798122066), 'feature_drift': np.float64(0.039463847576762474), 'variance_drift': np.float64(0.0026662286833742245), 'node_churn': np.float64(0.011248088685015293), 'structural_stability': np.float64(0.012598081952920665)}"
55.0,21.0,17.0,0.06651376146788993,0.55,0.569904761904762,0.4242424242424243,0.7652582159624413,0.1102340797670025,0.018373720060718038,5.0,1.0,0.7614,0.06651376146788993,0.40334084084084076,0.0,0.3023427562034944,"{'growth_rate': np.float64(0.013302752293577986), 'density_change': np.float64(0.05500000000000001), 'degree_change': np.float64(0.0569904761904762), 'fraud_growth': np.float64(0.08484848484848487), 'clustering_change': np.float64(0.038262910798122066), 'feature_drift': np.float64(0.016535111965050375), 'variance_drift': np.float64(0.000918686003035902), 'node_churn': np.float64(0.006651376146788993), 'structural_stability': np.float64(0.029832957957957963)}"
293.0,22.0,185.0,0.15137614678899083,0.25,0.6476190476190476,0.4242424242424243,0.7652582159624413,0.2819537687041934,0.023432600221989057,3.0,0.6,0.858,0.15137614678899083,1.0,0.0,0.3017508397619374,"{'growth_rate': np.float64(0.030275229357798167), 'density_change': np.float64(0.025), 'degree_change': np.float64(0.06476190476190477), 'fraud_growth': np.float64(0.08484848484848487), 'clustering_change': np.float64(0.038262910798122066), 'feature_drift': np.float64(0.04229306530562901), 'variance_drift': np.float64(0.0011716300110994528), 'node_churn': np.float64(0.015137614678899083), 'structural_stability': np.float64(0.0)}"
121.0,23.0,118.0,0.20323649337410807,0.1875,0.7285714285714286,0.4242424242424243,0.7652582159624413,0.0982652915531196,0.005982869597762702,5.0,1.0,0.81692,0.2032364933741081,0.7830330330330328,0.0,0.3015767720771867,"{'growth_rate': np.float64(0.040647298674821614), 'density_change': np.float64(0.018750000000000003), 'degree_change': np.float64(0.07285714285714287), 'fraud_growth': np.float64(0.08484848484848487), 'clustering_change': np.float64(0.038262910798122066), 'feature_drift': np.float64(0.014739793732967939), 'variance_drift': np.float64(0.0002991434798881351), 'node_churn': np.float64(0.02032364933741081), 'structural_stability': np.float64(0.010848348348348358)}"
176.0,22.0,57.0,0.15137614678899083,0.25,0.6476190476190476,0.4242424242424243,0.7652582159624413,0.27915587700813815,0.023432600221989057,3.0,0.6,0.8832999999999999,0.15137614678899083,1.0,0.0,0.3013311560075291,"{'growth_rate': np.float64(0.030275229357798167), 'density_change': np.float64(0.025), 'degree_change': np.float64(0.06476190476190477), 'fraud_growth': np.float64(0.08484848484848487), 'clustering_change': np.float64(0.038262910798122066), 'feature_drift': np.float64(0.04187338155122072), 'variance_drift': np.float64(0.0011716300110994528), 'node_churn': np.float64(0.015137614678899083), 'structural_stability': np.float64(0.0)}"
39.0,22.0,217.0,0.12025993883792052,0.3125,0.6071428571428572,0.4242424242424243,0.7652582159624413,0.25392222383634216,0.05573523435565915,4.0,0.8,0.7692500000000001,0.12025993883792052,0.8157827638959712,0.0,0.30123962011070454,"{'growth_rate': np.float64(0.024051987767584104), 'density_change': np.float64(0.03125), 'degree_change': np.float64(0.06071428571428572), 'fraud_growth': np.float64(0.08484848484848487), 'clustering_change': np.float64(0.038262910798122066), 'feature_drift': np.float64(0.03808833357545132), 'variance_drift': np.float64(0.0027867617177829576), 'node_churn': np.float64(0.012025993883792052), 'structural_stability': np.float64(0.009210861805201443)}"
282.0,21.0,234.0,0.15137614678899083,0.25,0.6476190476190476,0.4242424242424243,0.7652582159624413,0.2766046784953616,0.023432600221989057,3.0,0.6,0.8922333333333333,0.15137614678899083,1.0,1.0,0.3009484762306126,"{'growth_rate': np.float64(0.030275229357798167), 'density_change': np.float64(0.025), 'degree_change': np.float64(0.06476190476190477), 'fraud_growth': np.float64(0.08484848484848487), 'clustering_change': np.float64(0.038262910798122066), 'feature_drift': np.float64(0.04149070177430424), 'variance_drift': np.float64(0.0011716300110994528), 'node_churn': np.float64(0.015137614678899083), 'structural_stability': np.float64(0.0)}"
619.0,24.0,106.0,0.15137614678899083,0.25,0.6476190476190476,0.4242424242424243,0.7652582159624413,0.2756771717374347,0.023432600221989057,3.0,0.6,0.8744,0.15137614678899083,1.0,0.0,0.30080935021692357,"{'growth_rate': np.float64(0.030275229357798167), 'density_change': np.float64(0.025), 'degree_change': np.float64(0.06476190476190477), 'fraud_growth': np.float64(0.08484848484848487), 'clustering_change': np.float64(0.038262910798122066), 'feature_drift': np.float64(0.041351575760615204), 'variance_drift': np.float64(0.0011716300110994528), 'node_churn': np.float64(0.015137614678899083), 'structural_stability': np.float64(0.0)}"
254.0,21.0,205.0,0.15137614678899083,0.25,0.6476190476190476,0.4242424242424243,0.7652582159624413,0.19926023987229816,0.24809986135036632,4.0,0.8,0.85185,0.15137614678899083,1.0,0.0,0.30058017349357197,"{'growth_rate': np.float64(0.030275229357798167), 'density_change': np.float64(0.025), 'degree_change': np.float64(0.06476190476190477), 'fraud_growth': np.float64(0.08484848484848487), 'clustering_change': np.float64(0.038262910798122066), 'feature_drift': np.float64(0.029889035980844723), 'variance_drift': np.float64(0.012404993067518317), 'node_churn': np.float64(0.015137614678899083), 'structural_stability': np.float64(0.0)}"
870.0,24.0,139.0,0.15137614678899083,0.25,0.6476190476190476,0.4242424242424243,0.7652582159624413,0.27412816360798703,0.023432600221989057,2.0,0.4,0.9091,0.15137614678899083,1.0,0.0,0.3005769989975064,"{'growth_rate': np.float64(0.030275229357798167), 'density_change': np.float64(0.025), 'degree_change': np.float64(0.06476190476190477), 'fraud_growth': np.float64(0.08484848484848487), 'clustering_change': np.float64(0.038262910798122066), 'feature_drift': np.float64(0.041119224541198054), 'variance_drift': np.float64(0.0011716300110994528), 'node_churn': np.float64(0.015137614678899083), 'structural_stability': np.float64(0.0)}"
462.0,23.0,61.0,0.12025993883792052,0.3125,0.48571428571428577,0.4242424242424243,0.7652582159624413,0.3134756548608097,0.011164870092310984,3.0,0.6,0.9300333333333334,0.12025993883792052,0.7210424710424709,0.0,0.30053827405102507,"{'growth_rate': np.float64(0.024051987767584104), 'density_change': np.float64(0.03125), 'degree_change': np.float64(0.04857142857142858), 'fraud_growth': np.float64(0.08484848484848487), 'clustering_change': np.float64(0.038262910798122066), 'feature_drift': np.float64(0.047021348229121455), 'variance_drift': np.float64(0.0005582435046155493), 'node_churn': np.float64(0.012025993883792052), 'structural_stability': np.float64(0.013947876447876456)}"
736.0,23.0,111.0,0.15137614678899083,0.25,0.6476190476190476,0.4242424242424243,0.7652582159624413,0.23987291115738366,0.12038228967656202,2.0,0.4,0.8589,0.15137614678899083,1.0,0.0,0.3002861956026446,"{'growth_rate': np.float64(0.030275229357798167), 'density_change': np.float64(0.025), 'degree_change': np.float64(0.06476190476190477), 'fraud_growth': np.float64(0.08484848484848487), 'clustering_change': np.float64(0.038262910798122066), 'feature_drift': np.float64(0.03598093667360755), 'variance_drift': np.float64(0.006019114483828102), 'node_churn': np.float64(0.015137614678899083), 'structural_stability': np.float64(0.0)}"
795.0,23.0,169.0,0.15137614678899083,0.25,0.6476190476190476,0.4242424242424243,0.7652582159624413,0.2704980549753662,0.023432600221989057,2.0,0.4,0.91435,0.15137614678899083,1.0,0.0,0.3000324827026133,"{'growth_rate': np.float64(0.030275229357798167), 'density_change': np.float64(0.025), 'degree_change': np.float64(0.06476190476190477), 'fraud_growth': np.float64(0.08484848484848487), 'clustering_change': np.float64(0.038262910798122066), 'feature_drift': np.float64(0.04057470824630493), 'variance_drift': np.float64(0.0011716300110994528), 'node_churn': np.float64(0.015137614678899083), 'structural_stability': np.float64(0.0)}"
176.0,21.0,187.0,0.15137614678899083,0.25,0.6476190476190476,0.4242424242424243,0.7652582159624413,0.2704900859640512,0.023432600221989057,3.0,0.6,0.8832999999999999,0.15137614678899083,1.0,0.0,0.30003128735091605,"{'growth_rate': np.float64(0.030275229357798167), 'density_change': np.float64(0.025), 'degree_change': np.float64(0.06476190476190477), 'fraud_growth': np.float64(0.08484848484848487), 'clustering_change': np.float64(0.038262910798122066), 'feature_drift': np.float64(0.04057351289460768), 'variance_drift': np.float64(0.0011716300110994528), 'node_churn': np.float64(0.015137614678899083), 'structural_stability': np.float64(0.0)}"
766.0,24.0,186.0,0.15137614678899083,0.25,0.6476190476190476,0.4242424242424243,0.7652582159624413,0.27007601451445346,0.023432600221989057,3.0,0.6,0.9049333333333333,0.15137614678899083,1.0,0.0,0.2999691766334764,"{'growth_rate': np.float64(0.030275229357798167), 'density_change': np.float64(0.025), 'degree_change': np.float64(0.06476190476190477), 'fraud_growth': np.float64(0.08484848484848487), 'clustering_change': np.float64(0.038262910798122066), 'feature_drift': np.float64(0.04051140217716802), 'variance_drift': np.float64(0.0011716300110994528), 'node_churn': np.float64(0.015137614678899083), 'structural_stability': np.float64(0.0)}"
454.0,23.0,181.0,0.15137614678899083,0.25,0.6476190476190476,0.4242424242424243,0.7652582159624413,0.26839574430961105,0.023432600221989057,2.0,0.4,0.8605499999999999,0.15137614678899083,1.0,0.0,0.29971713610275,"{'growth_rate': np.float64(0.030275229357798167), 'density_change': np.float64(0.025), 'degree_change': np.float64(0.06476190476190477), 'fraud_growth': np.float64(0.08484848484848487), 'clustering_change': np.float64(0.038262910798122066), 'feature_drift': np.float64(0.04025936164644166), 'variance_drift': np.float64(0.0011716300110994528), 'node_churn': np.float64(0.015137614678899083), 'structural_stability': np.float64(0.0)}"
293.0,21.0,200.0,0.15137614678899083,0.25,0.6476190476190476,0.4242424242424243,0.7652582159624413,0.26673560868551105,0.023432600221989057,3.0,0.6,0.858,0.15137614678899083,1.0,0.0,0.299468115759135,"{'growth_rate': np.float64(0.030275229357798167), 'density_change': np.float64(0.025), 'degree_change': np.float64(0.06476190476190477), 'fraud_growth': np.float64(0.08484848484848487), 'clustering_change': np.float64(0.038262910798122066), 'feature_drift': np.float64(0.04001034130282666), 'variance_drift': np.float64(0.0011716300110994528), 'node_churn': np.float64(0.015137614678899083), 'structural_stability': np.float64(0.0)}"
141.0,21.0,165.0,0.15137614678899083,0.25,0.6476190476190476,0.4242424242424243,0.7652582159624413,0.26521852334865664,0.023432600221989057,2.0,0.4,0.879,0.15137614678899083,1.0,0.0,0.29924055295860685,"{'growth_rate': np.float64(0.030275229357798167), 'density_change': np.float64(0.025), 'degree_change': np.float64(0.06476190476190477), 'fraud_growth': np.float64(0.08484848484848487), 'clustering_change': np.float64(0.038262910798122066), 'feature_drift': np.float64(0.03978277850229849), 'variance_drift': np.float64(0.0011716300110994528), 'node_churn': np.float64(0.015137614678899083), 'structural_stability': np.float64(0.0)}"
708.0,23.0,108.0,0.15137614678899083,0.25,0.6476190476190476,0.4242424242424243,0.7652582159624413,0.2622600907781715,0.023432600221989057,3.0,0.6,0.8391000000000001,0.15137614678899083,1.0,0.0,0.29879678807303406,"{'growth_rate': np.float64(0.030275229357798167), 'density_change': np.float64(0.025), 'degree_change': np.float64(0.06476190476190477), 'fraud_growth': np.float64(0.08484848484848487), 'clustering_change': np.float64(0.038262910798122066), 'feature_drift': np.float64(0.03933901361672572), 'variance_drift': np.float64(0.0011716300110994528), 'node_churn': np.float64(0.015137614678899083), 'structural_stability': np.float64(0.0)}"
636.0,23.0,85.0,0.15137614678899083,0.25,0.6476190476190476,0.4242424242424243,0.7652582159624413,0.2620010684241157,0.023432600221989057,3.0,0.6,0.9079333333333333,0.15137614678899083,1.0,0.0,0.29875793471992573,"{'growth_rate': np.float64(0.030275229357798167), 'density_change': np.float64(0.025), 'degree_change': np.float64(0.06476190476190477), 'fraud_growth': np.float64(0.08484848484848487), 'clustering_change': np.float64(0.038262910798122066), 'feature_drift': np.float64(0.03930016026361735), 'variance_drift': np.float64(0.0011716300110994528), 'node_churn': np.float64(0.015137614678899083), 'structural_stability': np.float64(0.0)}"
771.0,23.0,137.0,0.15137614678899083,0.25,0.6476190476190476,0.4242424242424243,0.7652582159624413,0.2593289086499607,0.023432600221989057,2.0,0.4,0.87595,0.15137614678899083,1.0,0.0,0.29835711075380245,"{'growth_rate': np.float64(0.030275229357798167), 'density_change': np.float64(0.025), 'degree_change': np.float64(0.06476190476190477), 'fraud_growth': np.float64(0.08484848484848487), 'clustering_change': np.float64(0.038262910798122066), 'feature_drift': np.float64(0.038899336297494105), 'variance_drift': np.float64(0.0011716300110994528), 'node_churn': np.float64(0.015137614678899083), 'structural_stability': np.float64(0.0)}"
756.0,23.0,162.0,0.15137614678899083,0.25,0.6476190476190476,0.4242424242424243,0.7652582159624413,0.2591541793008361,0.023432600221989057,3.0,0.6,0.8676,0.15137614678899083,1.0,0.0,0.29833090135143375,"{'growth_rate': np.float64(0.030275229357798167), 'density_change': np.float64(0.025), 'degree_change': np.float64(0.06476190476190477), 'fraud_growth': np.float64(0.08484848484848487), 'clustering_change': np.float64(0.038262910798122066), 'feature_drift': np.float64(0.03887312689512542), 'variance_drift': np.float64(0.0011716300110994528), 'node_churn': np.float64(0.015137614678899083), 'structural_stability': np.float64(0.0)}"
137.0,23.0,120.0,0.15137614678899083,0.25,0.518095238095238,0.4242424242424243,0.7652582159624413,0.29560027042778336,0.04179987782564681,5.0,1.0,0.8477600000000001,0.15137614678899083,0.877956081081081,0.0,0.2978659938942238,"{'growth_rate': np.float64(0.030275229357798167), 'density_change': np.float64(0.025), 'degree_change': np.float64(0.051809523809523805), 'fraud_growth': np.float64(0.08484848484848487), 'clustering_change': np.float64(0.038262910798122066), 'feature_drift': np.float64(0.0443400405641675), 'variance_drift': np.float64(0.0020899938912823405), 'node_churn': np.float64(0.015137614678899083), 'structural_stability': np.float64(0.006102195945945949)}"
180.0,22.0,355.0,0.15137614678899083,0.25,0.6476190476190476,0.4242424242424243,0.7652582159624413,0.2557980644370437,0.023432600221989057,5.0,1.0,0.92034,0.15137614678899083,1.0,0.0,0.2978274841218649,"{'growth_rate': np.float64(0.030275229357798167), 'density_change': np.float64(0.025), 'degree_change': np.float64(0.06476190476190477), 'fraud_growth': np.float64(0.08484848484848487), 'clustering_change': np.float64(0.038262910798122066), 'feature_drift': np.float64(0.038369709665556556), 'variance_drift': np.float64(0.0011716300110994528), 'node_churn': np.float64(0.015137614678899083), 'structural_stability': np.float64(0.0)}"
171.0,21.0,21.0,0.15137614678899083,0.25,0.6476190476190476,0.4242424242424243,0.7652582159624413,0.2557087104092469,0.023432600221989057,2.0,0.4,0.8673500000000001,0.15137614678899083,1.0,0.0,0.2978140810176954,"{'growth_rate': np.float64(0.030275229357798167), 'density_change': np.float64(0.025), 'degree_change': np.float64(0.06476190476190477), 'fraud_growth': np.float64(0.08484848484848487), 'clustering_change': np.float64(0.038262910798122066), 'feature_drift': np.float64(0.038356306561387034), 'variance_drift': np.float64(0.0011716300110994528), 'node_churn': np.float64(0.015137614678899083), 'structural_stability': np.float64(0.0)}"
277.0,21.0,3.0,0.15137614678899083,0.25,0.6476190476190476,0.4242424242424243,0.7652582159624413,0.25490179859979234,0.023432600221989057,3.0,0.6,0.8802666666666666,0.15137614678899083,1.0,0.0,0.2976930442462772,"{'growth_rate': np.float64(0.030275229357798167), 'density_change': np.float64(0.025), 'degree_change': np.float64(0.06476190476190477), 'fraud_growth': np.float64(0.08484848484848487), 'clustering_change': np.float64(0.038262910798122066), 'feature_drift': np.float64(0.03823526978996885), 'variance_drift': np.float64(0.0011716300110994528), 'node_churn': np.float64(0.015137614678899083), 'structural_stability': np.float64(0.0)}"
592.0,23.0,66.0,0.18249235474006117,0.20833333333333331,0.5396825396825398,0.4242424242424243,0.7652582159624413,0.22352131936033887,0.033251677689082534,2.0,0.4,0.93475,0.1824923547400612,0.8047297297297294,0.0,0.2976149846722311,"{'growth_rate': np.float64(0.036498470948012236), 'density_change': np.float64(0.020833333333333332), 'degree_change': np.float64(0.05396825396825398), 'fraud_growth': np.float64(0.08484848484848487), 'clustering_change': np.float64(0.038262910798122066), 'feature_drift': np.float64(0.03352819790405083), 'variance_drift': np.float64(0.0016625838844541267), 'node_churn': np.float64(0.01824923547400612), 'structural_stability': np.float64(0.009763513513513528)}"
768.0,24.0,199.0,0.15137614678899083,0.25,0.6476190476190476,0.4242424242424243,0.7652582159624413,0.25414912590501487,0.023432600221989057,3.0,0.6,0.927,0.15137614678899083,1.0,0.0,0.29758014334206057,"{'growth_rate': np.float64(0.030275229357798167), 'density_change': np.float64(0.025), 'degree_change': np.float64(0.06476190476190477), 'fraud_growth': np.float64(0.08484848484848487), 'clustering_change': np.float64(0.038262910798122066), 'feature_drift': np.float64(0.03812236888575223), 'variance_drift': np.float64(0.0011716300110994528), 'node_churn': np.float64(0.015137614678899083), 'structural_stability': np.float64(0.0)}"
867.0,24.0,129.0,0.15137614678899083,0.25,0.6476190476190476,0.4242424242424243,0.7652582159624413,0.2501255373708413,0.023432600221989057,2.0,0.4,0.8896999999999999,0.15137614678899083,1.0,0.0,0.2969766050619346,"{'growth_rate': np.float64(0.030275229357798167), 'density_change': np.float64(0.025), 'degree_change': np.float64(0.06476190476190477), 'fraud_growth': np.float64(0.08484848484848487), 'clustering_change': np.float64(0.038262910798122066), 'feature_drift': np.float64(0.0375188306056262), 'variance_drift': np.float64(0.0011716300110994528), 'node_churn': np.float64(0.015137614678899083), 'structural_stability': np.float64(0.0)}"
270.0,22.0,114.0,0.15137614678899083,0.25,0.6476190476190476,0.4242424242424243,0.7652582159624413,0.25007880093405266,0.023432600221989057,3.0,0.6,0.8976999999999999,0.15137614678899083,1.0,0.0,0.29696959459641625,"{'growth_rate': np.float64(0.030275229357798167), 'density_change': np.float64(0.025), 'degree_change': np.float64(0.06476190476190477), 'fraud_growth': np.float64(0.08484848484848487), 'clustering_change': np.float64(0.038262910798122066), 'feature_drift': np.float64(0.0375118201401079), 'variance_drift': np.float64(0.0011716300110994528), 'node_churn': np.float64(0.015137614678899083), 'structural_stability': np.float64(0.0)}"
253.0,21.0,132.0,0.15137614678899083,0.25,0.6476190476190476,0.4242424242424243,0.7652582159624413,0.2494259040999692,0.023432600221989057,2.0,0.4,0.92665,0.15137614678899083,1.0,0.0,0.2968716600713037,"{'growth_rate': np.float64(0.030275229357798167), 'density_change': np.float64(0.025), 'degree_change': np.float64(0.06476190476190477), 'fraud_growth': np.float64(0.08484848484848487), 'clustering_change': np.float64(0.038262910798122066), 'feature_drift': np.float64(0.03741388561499538), 'variance_drift': np.float64(0.0011716300110994528), 'node_churn': np.float64(0.015137614678899083), 'structural_stability': np.float64(0.0)}"
791.0,23.0,121.0,0.15137614678899083,0.25,0.6476190476190476,0.4242424242424243,0.7652582159624413,0.24663610292428742,0.023432600221989057,3.0,0.6,0.9387,0.15137614678899083,1.0,0.0,0.29645318989495145,"{'growth_rate': np.float64(0.030275229357798167), 'density_change': np.float64(0.025), 'degree_change': np.float64(0.06476190476190477), 'fraud_growth': np.float64(0.08484848484848487), 'clustering_change': np.float64(0.038262910798122066), 'feature_drift': np.float64(0.03699541543864311), 'variance_drift': np.float64(0.0011716300110994528), 'node_churn': np.float64(0.015137614678899083), 'structural_stability': np.float64(0.0)}"
288.0,21.0,156.0,0.15137614678899083,0.25,0.6476190476190476,0.4242424242424243,0.7652582159624413,0.2442623937976067,0.023432600221989057,2.0,0.4,0.90665,0.15137614678899083,1.0,0.0,0.29609713352594935,"{'growth_rate': np.float64(0.030275229357798167), 'density_change': np.float64(0.025), 'degree_change': np.float64(0.06476190476190477), 'fraud_growth': np.float64(0.08484848484848487), 'clustering_change': np.float64(0.038262910798122066), 'feature_drift': np.float64(0.036639359069641005), 'variance_drift': np.float64(0.0011716300110994528), 'node_churn': np.float64(0.015137614678899083), 'structural_stability': np.float64(0.0)}"
174.0,21.0,59.0,0.15137614678899083,0.25,0.6476190476190476,0.4242424242424243,0.7652582159624413,0.24308391123317746,0.023432600221989057,2.0,0.4,0.8593500000000001,0.15137614678899083,1.0,0.0,0.29592036114128495,"{'growth_rate': np.float64(0.030275229357798167), 'density_change': np.float64(0.025), 'degree_change': np.float64(0.06476190476190477), 'fraud_growth': np.float64(0.08484848484848487), 'clustering_change': np.float64(0.038262910798122066), 'feature_drift': np.float64(0.036462586684976615), 'variance_drift': np.float64(0.0011716300110994528), 'node_churn': np.float64(0.015137614678899083), 'structural_stability': np.float64(0.0)}"
729.0,24.0,158.0,0.15137614678899083,0.25,0.6476190476190476,0.4242424242424243,0.7652582159624413,0.2396191895728432,0.023432600221989057,3.0,0.6,0.8748333333333335,0.15137614678899083,1.0,0.0,0.2954006528922348,"{'growth_rate': np.float64(0.030275229357798167), 'density_change': np.float64(0.025), 'degree_change': np.float64(0.06476190476190477), 'fraud_growth': np.float64(0.08484848484848487), 'clustering_change': np.float64(0.038262910798122066), 'feature_drift': np.float64(0.03594287843592648), 'variance_drift': np.float64(0.0011716300110994528), 'node_churn': np.float64(0.015137614678899083), 'structural_stability': np.float64(0.0)}"
234.0,23.0,92.0,0.15137614678899083,0.25,0.6476190476190476,0.4242424242424243,0.7652582159624413,0.23920161320068992,0.023432600221989057,5.0,1.0,0.8778600000000001,0.15137614678899083,1.0,0.0,0.29533801643641183,"{'growth_rate': np.float64(0.030275229357798167), 'density_change': np.float64(0.025), 'degree_change': np.float64(0.06476190476190477), 'fraud_growth': np.float64(0.08484848484848487), 'clustering_change': np.float64(0.038262910798122066), 'feature_drift': np.float64(0.035880241980103485), 'variance_drift': np.float64(0.0011716300110994528), 'node_churn': np.float64(0.015137614678899083), 'structural_stability': np.float64(0.0)}"
724.0,23.0,133.0,0.15137614678899083,0.25,0.6476190476190476,0.4242424242424243,0.7652582159624413,0.23898833773123626,0.023432600221989057,2.0,0.4,0.9464,0.15137614678899083,1.0,0.0,0.2953060251159938,"{'growth_rate': np.float64(0.030275229357798167), 'density_change': np.float64(0.025), 'degree_change': np.float64(0.06476190476190477), 'fraud_growth': np.float64(0.08484848484848487), 'clustering_change': np.float64(0.038262910798122066), 'feature_drift': np.float64(0.035848250659685436), 'variance_drift': np.float64(0.0011716300110994528), 'node_churn': np.float64(0.015137614678899083), 'structural_stability': np.float64(0.0)}"
261.0,23.0,205.0,0.15137614678899083,0.25,0.6476190476190476,0.4242424242424243,0.7652582159624413,0.23795700725335492,0.023432600221989057,5.0,1.0,0.92978,0.15137614678899083,1.0,0.0,0.29515132554431156,"{'growth_rate': np.float64(0.030275229357798167), 'density_change': np.float64(0.025), 'degree_change': np.float64(0.06476190476190477), 'fraud_growth': np.float64(0.08484848484848487), 'clustering_change': np.float64(0.038262910798122066), 'feature_drift': np.float64(0.035693551088003234), 'variance_drift': np.float64(0.0011716300110994528), 'node_churn': np.float64(0.015137614678899083), 'structural_stability': np.float64(0.0)}"
257.0,22.0,455.0,0.15137614678899083,0.25,0.6476190476190476,0.4242424242424243,0.7652582159624413,0.23615237822808072,0.023432600221989057,5.0,1.0,0.85396,0.15137614678899083,1.0,0.0,0.29488063119052044,"{'growth_rate': np.float64(0.030275229357798167), 'density_change': np.float64(0.025), 'degree_change': np.float64(0.06476190476190477), 'fraud_growth': np.float64(0.08484848484848487), 'clustering_change': np.float64(0.038262910798122066), 'feature_drift': np.float64(0.0354228567342121), 'variance_drift': np.float64(0.0011716300110994528), 'node_churn': np.float64(0.015137614678899083), 'structural_stability': np.float64(0.0)}"
692.0,24.0,103.0,0.15137614678899083,0.25,0.6476190476190476,0.4242424242424243,0.7652582159624413,0.23610876618755172,0.023432600221989057,3.0,0.6,0.8823666666666666,0.15137614678899083,1.0,0.0,0.2948740893844411,"{'growth_rate': np.float64(0.030275229357798167), 'density_change': np.float64(0.025), 'degree_change': np.float64(0.06476190476190477), 'fraud_growth': np.float64(0.08484848484848487), 'clustering_change': np.float64(0.038262910798122066), 'feature_drift': np.float64(0.035416314928132756), 'variance_drift': np.float64(0.0011716300110994528), 'node_churn': np.float64(0.015137614678899083), 'structural_stability': np.float64(0.0)}"
619.0,23.0,166.0,0.15137614678899083,0.25,0.6476190476190476,0.4242424242424243,0.7652582159624413,0.23535795565184028,0.023432600221989057,3.0,0.6,0.8744,0.15137614678899083,1.0,0.0,0.2947614678040844,"{'growth_rate': np.float64(0.030275229357798167), 'density_change': np.float64(0.025), 'degree_change': np.float64(0.06476190476190477), 'fraud_growth': np.float64(0.08484848484848487), 'clustering_change': np.float64(0.038262910798122066), 'feature_drift': np.float64(0.03530369334777604), 'variance_drift': np.float64(0.0011716300110994528), 'node_churn': np.float64(0.015137614678899083), 'structural_stability': np.float64(0.0)}"
204.0,21.0,216.0,0.15137614678899083,0.25,0.6476190476190476,0.4242424242424243,0.7652582159624413,0.23529742341477483,0.023432600221989057,3.0,0.6,0.9074666666666666,0.15137614678899083,1.0,0.0,0.2947523879685246,"{'growth_rate': np.float64(0.030275229357798167), 'density_change': np.float64(0.025), 'degree_change': np.float64(0.06476190476190477), 'fraud_growth': np.float64(0.08484848484848487), 'clustering_change': np.float64(0.038262910798122066), 'feature_drift': np.float64(0.03529461351221622), 'variance_drift': np.float64(0.0011716300110994528), 'node_churn': np.float64(0.015137614678899083), 'structural_stability': np.float64(0.0)}"
277.0,22.0,378.0,0.15137614678899083,0.25,0.6476190476190476,0.4242424242424243,0.7652582159624413,0.23508161937706024,0.023432600221989057,3.0,0.6,0.8802666666666666,0.15137614678899083,1.0,0.0,0.2947200173628674,"{'growth_rate': np.float64(0.030275229357798167), 'density_change': np.float64(0.025), 'degree_change': np.float64(0.06476190476190477), 'fraud_growth': np.float64(0.08484848484848487), 'clustering_change': np.float64(0.038262910798122066), 'feature_drift': np.float64(0.035262242906559035), 'variance_drift': np.float64(0.0011716300110994528), 'node_churn': np.float64(0.015137614678899083), 'structural_stability': np.float64(0.0)}"
248.0,21.0,114.0,0.15137614678899083,0.25,0.6476190476190476,0.4242424242424243,0.7652582159624413,0.23226920376249552,0.021951338307402764,3.0,0.6,0.8651,0.15137614678899083,1.0,0.0,0.2942240919249534,"{'growth_rate': np.float64(0.030275229357798167), 'density_change': np.float64(0.025), 'degree_change': np.float64(0.06476190476190477), 'fraud_growth': np.float64(0.08484848484848487), 'clustering_change': np.float64(0.038262910798122066), 'feature_drift': np.float64(0.03484038056437433), 'variance_drift': np.float64(0.0010975669153701383), 'node_churn': np.float64(0.015137614678899083), 'structural_stability': np.float64(0.0)}"
138.0,21.0,85.0,0.15137614678899083,0.25,0.6476190476190476,0.4242424242424243,0.7652582159624413,0.23121522542784065,0.023432600221989057,2.0,0.4,0.92625,0.15137614678899083,1.0,0.0,0.29414005827048445,"{'growth_rate': np.float64(0.030275229357798167), 'density_change': np.float64(0.025), 'degree_change': np.float64(0.06476190476190477), 'fraud_growth': np.float64(0.08484848484848487), 'clustering_change': np.float64(0.038262910798122066), 'feature_drift': np.float64(0.034682283814176096), 'variance_drift': np.float64(0.0011716300110994528), 'node_churn': np.float64(0.015137614678899083), 'structural_stability': np.float64(0.0)}"
692.0,23.0,179.0,0.15137614678899083,0.25,0.6476190476190476,0.4242424242424243,0.7652582159624413,0.22853928779160784,0.023432600221989057,3.0,0.6,0.8823666666666666,0.15137614678899083,1.0,0.0,0.2937386676250495,"{'growth_rate': np.float64(0.030275229357798167), 'density_change': np.float64(0.025), 'degree_change': np.float64(0.06476190476190477), 'fraud_growth': np.float64(0.08484848484848487), 'clustering_change': np.float64(0.038262910798122066), 'feature_drift': np.float64(0.034280893168741174), 'variance_drift': np.float64(0.0011716300110994528), 'node_churn': np.float64(0.015137614678899083), 'structural_stability': np.float64(0.0)}"
701.0,23.0,188.0,0.15137614678899083,0.25,0.6476190476190476,0.4242424242424243,0.7652582159624413,0.22710147731311367,0.023432600221989057,2.0,0.4,0.9269499999999999,0.15137614678899083,1.0,0.0,0.2935229960532754,"{'growth_rate': np.float64(0.030275229357798167), 'density_change': np.float64(0.025), 'degree_change': np.float64(0.06476190476190477), 'fraud_growth': np.float64(0.08484848484848487), 'clustering_change': np.float64(0.038262910798122066), 'feature_drift': np.float64(0.03406522159696705), 'variance_drift': np.float64(0.0011716300110994528), 'node_churn': np.float64(0.015137614678899083), 'structural_stability': np.float64(0.0)}"
534.0,23.0,8.0,0.15137614678899083,0.25,0.6476190476190476,0.4242424242424243,0.7652582159624413,0.22553870516528116,0.023432600221989057,2.0,0.4,0.9170499999999999,0.15137614678899083,1.0,0.0,0.29328858023110055,"{'growth_rate': np.float64(0.030275229357798167), 'density_change': np.float64(0.025), 'degree_change': np.float64(0.06476190476190477), 'fraud_growth': np.float64(0.08484848484848487), 'clustering_change': np.float64(0.038262910798122066), 'feature_drift': np.float64(0.03383080577479217), 'variance_drift': np.float64(0.0011716300110994528), 'node_churn': np.float64(0.015137614678899083), 'structural_stability': np.float64(0.0)}"
110.0,21.0,61.0,0.15137614678899083,0.25,0.6476190476190476,0.4242424242424243,0.7652582159624413,0.22361179292827263,0.023432600221989057,2.0,0.4,0.94505,0.15137614678899083,1.0,0.0,0.29299954339554923,"{'growth_rate': np.float64(0.030275229357798167), 'density_change': np.float64(0.025), 'degree_change': np.float64(0.06476190476190477), 'fraud_growth': np.float64(0.08484848484848487), 'clustering_change': np.float64(0.038262910798122066), 'feature_drift': np.float64(0.03354176893924089), 'variance_drift': np.float64(0.0011716300110994528), 'node_churn': np.float64(0.015137614678899083), 'structural_stability': np.float64(0.0)}"
292.0,21.0,74.0,0.15137614678899083,0.25,0.6476190476190476,0.4242424242424243,0.7652582159624413,0.22277302896623885,0.023432600221989057,3.0,0.6,0.967,0.15137614678899083,1.0,0.0,0.2928737288012442,"{'growth_rate': np.float64(0.030275229357798167), 'density_change': np.float64(0.025), 'degree_change': np.float64(0.06476190476190477), 'fraud_growth': np.float64(0.08484848484848487), 'clustering_change': np.float64(0.038262910798122066), 'feature_drift': np.float64(0.03341595434493583), 'variance_drift': np.float64(0.0011716300110994528), 'node_churn': np.float64(0.015137614678899083), 'structural_stability': np.float64(0.0)}"
356.0,24.0,42.0,0.15137614678899083,0.25,0.6476190476190476,0.4242424242424243,0.7652582159624413,0.22245918003716322,0.023432600221989057,4.0,0.8,0.8804000000000001,0.15137614678899083,1.0,0.0,0.29282665146188286,"{'growth_rate': np.float64(0.030275229357798167), 'density_change': np.float64(0.025), 'degree_change': np.float64(0.06476190476190477), 'fraud_growth': np.float64(0.08484848484848487), 'clustering_change': np.float64(0.038262910798122066), 'feature_drift': np.float64(0.033368877005574483), 'variance_drift': np.float64(0.0011716300110994528), 'node_churn': np.float64(0.015137614678899083), 'structural_stability': np.float64(0.0)}"
270.0,21.0,155.0,0.15137614678899083,0.25,0.6476190476190476,0.4242424242424243,0.7652582159624413,0.22134496138173465,0.023432600221989057,3.0,0.6,0.8976999999999999,0.15137614678899083,1.0,0.0,0.29265951866356854,"{'growth_rate': np.float64(0.030275229357798167), 'density_change': np.float64(0.025), 'degree_change': np.float64(0.06476190476190477), 'fraud_growth': np.float64(0.08484848484848487), 'clustering_change': np.float64(0.038262910798122066), 'feature_drift': np.float64(0.03320174420726019), 'variance_drift': np.float64(0.0011716300110994528), 'node_churn': np.float64(0.015137614678899083), 'structural_stability': np.float64(0.0)}"
317.0,23.0,112.0,0.15137614678899083,0.25,0.6476190476190476,0.4242424242424243,0.7652582159624413,0.2216887930127883,0.01820229287312309,4.0,0.8,0.8690249999999999,0.15137614678899083,1.0,0.0,0.2924495780407833,"{'growth_rate': np.float64(0.030275229357798167), 'density_change': np.float64(0.025), 'degree_change': np.float64(0.06476190476190477), 'fraud_growth': np.float64(0.08484848484848487), 'clustering_change': np.float64(0.038262910798122066), 'feature_drift': np.float64(0.03325331895191824), 'variance_drift': np.float64(0.0009101146436561545), 'node_churn': np.float64(0.015137614678899083), 'structural_stability': np.float64(0.0)}"
876.0,24.0,166.0,0.15137614678899083,0.25,0.6476190476190476,0.4242424242424243,0.7652582159624413,0.21877418243850272,0.023432600221989057,2.0,0.4,0.90735,0.15137614678899083,1.0,0.0,0.29227390182208374,"{'growth_rate': np.float64(0.030275229357798167), 'density_change': np.float64(0.025), 'degree_change': np.float64(0.06476190476190477), 'fraud_growth': np.float64(0.08484848484848487), 'clustering_change': np.float64(0.038262910798122066), 'feature_drift': np.float64(0.032816127365775404), 'variance_drift': np.float64(0.0011716300110994528), 'node_churn': np.float64(0.015137614678899083), 'structural_stability': np.float64(0.0)}"
42.0,21.0,53.0,0.15137614678899083,0.25,0.6476190476190476,0.4242424242424243,0.7652582159624413,0.21870548127387007,0.023432600221989057,2.0,0.4,0.94875,0.15137614678899083,1.0,0.0,0.2922635966473889,"{'growth_rate': np.float64(0.030275229357798167), 'density_change': np.float64(0.025), 'degree_change': np.float64(0.06476190476190477), 'fraud_growth': np.float64(0.08484848484848487), 'clustering_change': np.float64(0.038262910798122066), 'feature_drift': np.float64(0.03280582219108051), 'variance_drift': np.float64(0.0011716300110994528), 'node_churn': np.float64(0.015137614678899083), 'structural_stability': np.float64(0.0)}"
662.0,23.0,147.0,0.15137614678899083,0.25,0.6476190476190476,0.4242424242424243,0.7652582159624413,0.21466599788527674,0.023432600221989057,2.0,0.4,0.94245,0.15137614678899083,1.0,0.0,0.2916576741390999,"{'growth_rate': np.float64(0.030275229357798167), 'density_change': np.float64(0.025), 'degree_change': np.float64(0.06476190476190477), 'fraud_growth': np.float64(0.08484848484848487), 'clustering_change': np.float64(0.038262910798122066), 'feature_drift': np.float64(0.03219989968279151), 'variance_drift': np.float64(0.0011716300110994528), 'node_churn': np.float64(0.015137614678899083), 'structural_stability': np.float64(0.0)}"
356.0,23.0,19.0,0.15137614678899083,0.25,0.6476190476190476,0.4242424242424243,0.7652582159624413,0.21360400385311912,0.023432600221989057,4.0,0.8,0.8804000000000001,0.15137614678899083,1.0,0.0,0.2914983750342762,"{'growth_rate': np.float64(0.030275229357798167), 'density_change': np.float64(0.025), 'degree_change': np.float64(0.06476190476190477), 'fraud_growth': np.float64(0.08484848484848487), 'clustering_change': np.float64(0.038262910798122066), 'feature_drift': np.float64(0.032040600577967863), 'variance_drift': np.float64(0.0011716300110994528), 'node_churn': np.float64(0.015137614678899083), 'structural_stability': np.float64(0.0)}"
151.0,22.0,426.0,0.15137614678899083,0.25,0.6476190476190476,0.4242424242424243,0.7652582159624413,0.21280782586664554,0.023432600221989057,4.0,0.8,0.8848750000000001,0.15137614678899083,1.0,0.0,0.2913789483363052,"{'growth_rate': np.float64(0.030275229357798167), 'density_change': np.float64(0.025), 'degree_change': np.float64(0.06476190476190477), 'fraud_growth': np.float64(0.08484848484848487), 'clustering_change': np.float64(0.038262910798122066), 'feature_drift': np.float64(0.03192117387999683), 'variance_drift': np.float64(0.0011716300110994528), 'node_churn': np.float64(0.015137614678899083), 'structural_stability': np.float64(0.0)}"
56.0,21.0,140.0,0.15137614678899083,0.25,0.6476190476190476,0.4242424242424243,0.7652582159624413,0.21730560080057854,0.009303206361628893,5.0,1.0,0.84526,0.15137614678899083,1.0,0.0,0.29134714488337715,"{'growth_rate': np.float64(0.030275229357798167), 'density_change': np.float64(0.025), 'degree_change': np.float64(0.06476190476190477), 'fraud_growth': np.float64(0.08484848484848487), 'clustering_change': np.float64(0.038262910798122066), 'feature_drift': np.float64(0.03259584012008678), 'variance_drift': np.float64(0.0004651603180814447), 'node_churn': np.float64(0.015137614678899083), 'structural_stability': np.float64(0.0)}"
84.0,23.0,197.0,0.15137614678899083,0.25,0.6476190476190476,0.4242424242424243,0.7652582159624413,0.21208250111562021,0.023432600221989057,5.0,1.0,0.89868,0.15137614678899083,1.0,0.0,0.2912701496236514,"{'growth_rate': np.float64(0.030275229357798167), 'density_change': np.float64(0.025), 'degree_change': np.float64(0.06476190476190477), 'fraud_growth': np.float64(0.08484848484848487), 'clustering_change': np.float64(0.038262910798122066), 'feature_drift': np.float64(0.03181237516734303), 'variance_drift': np.float64(0.0011716300110994528), 'node_churn': np.float64(0.015137614678899083), 'structural_stability': np.float64(0.0)}"
286.0,21.0,185.0,0.15137614678899083,0.25,0.6476190476190476,0.4242424242424243,0.7652582159624413,0.21120108033060897,0.023432600221989057,3.0,0.6,0.9603666666666667,0.15137614678899083,1.0,0.0,0.2911379365058997,"{'growth_rate': np.float64(0.030275229357798167), 'density_change': np.float64(0.025), 'degree_change': np.float64(0.06476190476190477), 'fraud_growth': np.float64(0.08484848484848487), 'clustering_change': np.float64(0.038262910798122066), 'feature_drift': np.float64(0.03168016204959134), 'variance_drift': np.float64(0.0011716300110994528), 'node_churn': np.float64(0.015137614678899083), 'structural_stability': np.float64(0.0)}"
639.0,23.0,89.0,0.15137614678899083,0.25,0.6476190476190476,0.4242424242424243,0.7652582159624413,0.18735351938527123,0.0930065064010738,3.0,0.6,0.8132999999999999,0.15137614678899083,1.0,0.0,0.2910394976730533,"{'growth_rate': np.float64(0.030275229357798167), 'density_change': np.float64(0.025), 'degree_change': np.float64(0.06476190476190477), 'fraud_growth': np.float64(0.08484848484848487), 'clustering_change': np.float64(0.038262910798122066), 'feature_drift': np.float64(0.028103027907790682), 'variance_drift': np.float64(0.0046503253200536904), 'node_churn': np.float64(0.015137614678899083), 'structural_stability': np.float64(0.0)}"
262.0,23.0,135.0,0.15137614678899083,0.25,0.6476190476190476,0.4242424242424243,0.7652582159624413,0.2098144485382479,0.023432600221989057,4.0,0.8,0.88805,0.15137614678899083,1.0,0.0,0.29092994173704556,"{'growth_rate': np.float64(0.030275229357798167), 'density_change': np.float64(0.025), 'degree_change': np.float64(0.06476190476190477), 'fraud_growth': np.float64(0.08484848484848487), 'clustering_change': np.float64(0.038262910798122066), 'feature_drift': np.float64(0.031472167280737186), 'variance_drift': np.float64(0.0011716300110994528), 'node_churn': np.float64(0.015137614678899083), 'structural_stability': np.float64(0.0)}"
234.0,21.0,139.0,0.15137614678899083,0.25,0.6476190476190476,0.4242424242424243,0.7652582159624413,0.20979036704335416,0.023432600221989057,5.0,1.0,0.8778600000000001,0.15137614678899083,1.0,0.0,0.2909263295128115,"{'growth_rate': np.float64(0.030275229357798167), 'density_change': np.float64(0.025), 'degree_change': np.float64(0.06476190476190477), 'fraud_growth': np.float64(0.08484848484848487), 'clustering_change': np.float64(0.038262910798122066), 'feature_drift': np.float64(0.031468555056503124), 'variance_drift': np.float64(0.0011716300110994528), 'node_churn': np.float64(0.015137614678899083), 'structural_stability': np.float64(0.0)}"
74.0,23.0,174.0,0.15137614678899083,0.25,0.6476190476190476,0.4242424242424243,0.7652582159624413,0.20590403160259274,0.03189201114608953,5.0,1.0,0.76484,0.15137614678899083,1.0,0.0,0.29076634974290233,"{'growth_rate': np.float64(0.030275229357798167), 'density_change': np.float64(0.025), 'degree_change': np.float64(0.06476190476190477), 'fraud_growth': np.float64(0.08484848484848487), 'clustering_change': np.float64(0.038262910798122066), 'feature_drift': np.float64(0.03088560474038891), 'variance_drift': np.float64(0.0015946005573044765), 'node_churn': np.float64(0.015137614678899083), 'structural_stability': np.float64(0.0)}"
79.0,22.0,302.0,0.15137614678899083,0.25,0.6476190476190476,0.4242424242424243,0.7652582159624413,0.20820690138701,0.023432600221989057,3.0,0.6,0.9213666666666667,0.15137614678899083,1.0,0.0,0.29068880966435984,"{'growth_rate': np.float64(0.030275229357798167), 'density_change': np.float64(0.025), 'degree_change': np.float64(0.06476190476190477), 'fraud_growth': np.float64(0.08484848484848487), 'clustering_change': np.float64(0.038262910798122066), 'feature_drift': np.float64(0.0312310352080515), 'variance_drift': np.float64(0.0011716300110994528), 'node_churn': np.float64(0.015137614678899083), 'structural_stability': np.float64(0.0)}"
768.0,23.0,142.0,0.15137614678899083,0.25,0.6476190476190476,0.4242424242424243,0.7652582159624413,0.20787246394644227,0.023432600221989057,3.0,0.6,0.927,0.15137614678899083,1.0,0.0,0.29063864404827466,"{'growth_rate': np.float64(0.030275229357798167), 'density_change': np.float64(0.025), 'degree_change': np.float64(0.06476190476190477), 'fraud_growth': np.float64(0.08484848484848487), 'clustering_change': np.float64(0.038262910798122066), 'feature_drift': np.float64(0.031180869591966337), 'variance_drift': np.float64(0.0011716300110994528), 'node_churn': np.float64(0.015137614678899083), 'structural_stability': np.float64(0.0)}"
339.0,22.0,347.0,0.15137614678899083,0.25,0.6476190476190476,0.4242424242424243,0.7652582159624413,0.2066311570084312,0.023432600221989057,4.0,0.8,0.8926499999999999,0.15137614678899083,1.0,0.0,0.290452448007573,"{'growth_rate': np.float64(0.030275229357798167), 'density_change': np.float64(0.025), 'degree_change': np.float64(0.06476190476190477), 'fraud_growth': np.float64(0.08484848484848487), 'clustering_change': np.float64(0.038262910798122066), 'feature_drift': np.float64(0.03099467355126468), 'variance_drift': np.float64(0.0011716300110994528), 'node_churn': np.float64(0.015137614678899083), 'structural_stability': np.float64(0.0)}"
71.0,21.0,126.0,0.15137614678899083,0.25,0.6476190476190476,0.4242424242424243,0.7652582159624413,0.2048360291217071,0.023432600221989057,2.0,0.4,0.9363,0.15137614678899083,1.0,0.0,0.2901831788245644,"{'growth_rate': np.float64(0.030275229357798167), 'density_change': np.float64(0.025), 'degree_change': np.float64(0.06476190476190477), 'fraud_growth': np.float64(0.08484848484848487), 'clustering_change': np.float64(0.038262910798122066), 'feature_drift': np.float64(0.030725404368256062), 'variance_drift': np.float64(0.0011716300110994528), 'node_churn': np.float64(0.015137614678899083), 'structural_stability': np.float64(0.0)}"
574.0,23.0,20.0,0.15137614678899083,0.25,0.6476190476190476,0.4242424242424243,0.7652582159624413,0.20805666466458558,0.007736440695374095,2.0,0.4,0.8505,0.15137614678899083,1.0,0.0,0.2898814661796655,"{'growth_rate': np.float64(0.030275229357798167), 'density_change': np.float64(0.025), 'degree_change': np.float64(0.06476190476190477), 'fraud_growth': np.float64(0.08484848484848487), 'clustering_change': np.float64(0.038262910798122066), 'feature_drift': np.float64(0.031208499699687836), 'variance_drift': np.float64(0.0003868220347687048), 'node_churn': np.float64(0.015137614678899083), 'structural_stability': np.float64(0.0)}"
307.0,21.0,35.0,0.15137614678899083,0.25,0.6476190476190476,0.4242424242424243,0.7652582159624413,0.2018270662902195,0.023432600221989057,2.0,0.4,0.9642,0.15137614678899083,1.0,0.0,0.2897318343998413,"{'growth_rate': np.float64(0.030275229357798167), 'density_change': np.float64(0.025), 'degree_change': np.float64(0.06476190476190477), 'fraud_growth': np.float64(0.08484848484848487), 'clustering_change': np.float64(0.038262910798122066), 'feature_drift': np.float64(0.03027405994353292), 'variance_drift': np.float64(0.0011716300110994528), 'node_churn': np.float64(0.015137614678899083), 'structural_stability': np.float64(0.0)}"
156.0,21.0,89.0,0.15137614678899083,0.25,0.6476190476190476,0.4242424242424243,0.7652582159624413,0.2038372531393081,0.016365385028437752,3.0,0.6,0.8133333333333334,0.15137614678899083,1.0,0.0,0.289680001667527,"{'growth_rate': np.float64(0.030275229357798167), 'density_change': np.float64(0.025), 'degree_change': np.float64(0.06476190476190477), 'fraud_growth': np.float64(0.08484848484848487), 'clustering_change': np.float64(0.038262910798122066), 'feature_drift': np.float64(0.030575587970896212), 'variance_drift': np.float64(0.0008182692514218876), 'node_churn': np.float64(0.015137614678899083), 'structural_stability': np.float64(0.0)}"
862.0,24.0,5.0,0.15137614678899083,0.25,0.6476190476190476,0.4242424242424243,0.7652582159624413,0.20135064659918459,0.023432600221989057,2.0,0.4,0.9305,0.15137614678899083,1.0,0.0,0.28966037144618606,"{'growth_rate': np.float64(0.030275229357798167), 'density_change': np.float64(0.025), 'degree_change': np.float64(0.06476190476190477), 'fraud_growth': np.float64(0.08484848484848487), 'clustering_change': np.float64(0.038262910798122066), 'feature_drift': np.float64(0.030202596989877685), 'variance_drift': np.float64(0.0011716300110994528), 'node_churn': np.float64(0.015137614678899083), 'structural_stability': np.float64(0.0)}"
248.0,22.0,235.0,0.15137614678899083,0.25,0.6476190476190476,0.4242424242424243,0.7652582159624413,0.19750533051426725,0.0330353232469898,3.0,0.6,0.8651,0.15137614678899083,1.0,0.0,0.28956371018469845,"{'growth_rate': np.float64(0.030275229357798167), 'density_change': np.float64(0.025), 'degree_change': np.float64(0.06476190476190477), 'fraud_growth': np.float64(0.08484848484848487), 'clustering_change': np.float64(0.038262910798122066), 'feature_drift': np.float64(0.029625799577140087), 'variance_drift': np.float64(0.0016517661623494902), 'node_churn': np.float64(0.015137614678899083), 'structural_stability': np.float64(0.0)}"
339.0,23.0,160.0,0.15137614678899083,0.25,0.6476190476190476,0.4242424242424243,0.7652582159624413,0.19934777170082343,0.023432600221989057,4.0,0.8,0.8926499999999999,0.15137614678899083,1.0,0.0,0.28935994021143185,"{'growth_rate': np.float64(0.030275229357798167), 'density_change': np.float64(0.025), 'degree_change': np.float64(0.06476190476190477), 'fraud_growth': np.float64(0.08484848484848487), 'clustering_change': np.float64(0.038262910798122066), 'feature_drift': np.float64(0.029902165755123514), 'variance_drift': np.float64(0.0011716300110994528), 'node_churn': np.float64(0.015137614678899083), 'structural_stability': np.float64(0.0)}"
151.0,21.0,177.0,0.15137614678899083,0.25,0.6476190476190476,0.4242424242424243,0.7652582159624413,0.19784142583852665,0.023432600221989057,4.0,0.8,0.8848750000000001,0.15137614678899083,1.0,0.0,0.28913398833208737,"{'growth_rate': np.float64(0.030275229357798167), 'density_change': np.float64(0.025), 'degree_change': np.float64(0.06476190476190477), 'fraud_growth': np.float64(0.08484848484848487), 'clustering_change': np.float64(0.038262910798122066), 'feature_drift': np.float64(0.029676213875778998), 'variance_drift': np.float64(0.0011716300110994528), 'node_churn': np.float64(0.015137614678899083), 'structural_stability': np.float64(0.0)}"
831.0,24.0,54.0,0.10692442114460465,0.35000000000000003,0.6422222222222224,0.4242424242424243,0.7652582159624413,0.14698035329581835,0.018664719707244867,2.0,0.4,0.9633499999999999,0.10692442114460464,0.7660576224145906,0.0,0.2890883520712161,"{'growth_rate': np.float64(0.02138488422892093), 'density_change': np.float64(0.035), 'degree_change': np.float64(0.06422222222222224), 'fraud_growth': np.float64(0.08484848484848487), 'clustering_change': np.float64(0.038262910798122066), 'feature_drift': np.float64(0.022047052994372752), 'variance_drift': np.float64(0.0009332359853622433), 'node_churn': np.float64(0.010692442114460465), 'structural_stability': np.float64(0.011697118879270468)}"
841.0,24.0,116.0,0.15137614678899083,0.25,0.6476190476190476,0.4242424242424243,0.7652582159624413,0.18548489003198987,0.05895284587073993,2.0,0.4,0.9550000000000001,0.15137614678899083,1.0,0.0,0.2890565202435444,"{'growth_rate': np.float64(0.030275229357798167), 'density_change': np.float64(0.025), 'degree_change': np.float64(0.06476190476190477), 'fraud_growth': np.float64(0.08484848484848487), 'clustering_change': np.float64(0.038262910798122066), 'feature_drift': np.float64(0.02782273350479848), 'variance_drift': np.float64(0.0029476422935369967), 'node_churn': np.float64(0.015137614678899083), 'structural_stability': np.float64(0.0)}"
636.0,24.0,67.0,0.15137614678899083,0.25,0.6476190476190476,0.4242424242424243,0.7652582159624413,0.19441466163045423,0.023432600221989057,3.0,0.6,0.9079333333333333,0.15137614678899083,1.0,0.0,0.2886199737008765,"{'growth_rate': np.float64(0.030275229357798167), 'density_change': np.float64(0.025), 'degree_change': np.float64(0.06476190476190477), 'fraud_growth': np.float64(0.08484848484848487), 'clustering_change': np.float64(0.038262910798122066), 'feature_drift': np.float64(0.029162199244568133), 'variance_drift': np.float64(0.0011716300110994528), 'node_churn': np.float64(0.015137614678899083), 'structural_stability': np.float64(0.0)}"
79.0,21.0,237.0,0.15137614678899083,0.25,0.6476190476190476,0.4242424242424243,0.7652582159624413,0.19338143509692593,0.023432600221989057,3.0,0.6,0.9213666666666667,0.15137614678899083,1.0,0.0,0.2884649897208472,"{'growth_rate': np.float64(0.030275229357798167), 'density_change': np.float64(0.025), 'degree_change': np.float64(0.06476190476190477), 'fraud_growth': np.float64(0.08484848484848487), 'clustering_change': np.float64(0.038262910798122066), 'feature_drift': np.float64(0.029007215264538887), 'variance_drift': np.float64(0.0011716300110994528), 'node_churn': np.float64(0.015137614678899083), 'structural_stability': np.float64(0.0)}"
234.0,22.0,353.0,0.15137614678899083,0.25,0.6476190476190476,0.4242424242424243,0.7652582159624413,0.19329282907671563,0.023432600221989057,5.0,1.0,0.8778600000000001,0.15137614678899083,1.0,0.0,0.2884516988178157,"{'growth_rate': np.float64(0.030275229357798167), 'density_change': np.float64(0.025), 'degree_change': np.float64(0.06476190476190477), 'fraud_growth': np.float64(0.08484848484848487), 'clustering_change': np.float64(0.038262910798122066), 'feature_drift': np.float64(0.028993924361507342), 'variance_drift': np.float64(0.0011716300110994528), 'node_churn': np.float64(0.015137614678899083), 'structural_stability': np.float64(0.0)}"
320.0,22.0,262.0,0.15137614678899083,0.25,0.6476190476190476,0.4242424242424243,0.7652582159624413,0.19250336685058686,0.023432600221989057,3.0,0.6,0.9264,0.15137614678899083,1.0,0.0,0.28833327948389637,"{'growth_rate': np.float64(0.030275229357798167), 'density_change': np.float64(0.025), 'degree_change': np.float64(0.06476190476190477), 'fraud_growth': np.float64(0.08484848484848487), 'clustering_change': np.float64(0.038262910798122066), 'feature_drift': np.float64(0.02887550502758803), 'variance_drift': np.float64(0.0011716300110994528), 'node_churn': np.float64(0.015137614678899083), 'structural_stability': np.float64(0.0)}"
361.0,22.0,255.0,0.15137614678899083,0.25,0.6476190476190476,0.4242424242424243,0.7652582159624413,0.19605862112388955,0.012581900293509987,4.0,0.8,0.834275,0.15137614678899083,1.0,0.0,0.28832403262846784,"{'growth_rate': np.float64(0.030275229357798167), 'density_change': np.float64(0.025), 'degree_change': np.float64(0.06476190476190477), 'fraud_growth': np.float64(0.08484848484848487), 'clustering_change': np.float64(0.038262910798122066), 'feature_drift': np.float64(0.02940879316858343), 'variance_drift': np.float64(0.0006290950146754994), 'node_churn': np.float64(0.015137614678899083), 'structural_stability': np.float64(0.0)}"
320.0,21.0,186.0,0.15137614678899083,0.25,0.6476190476190476,0.4242424242424243,0.7652582159624413,0.1923976259177128,0.023432600221989057,3.0,0.6,0.9264,0.15137614678899083,1.0,0.0,0.2883174183439653,"{'growth_rate': np.float64(0.030275229357798167), 'density_change': np.float64(0.025), 'degree_change': np.float64(0.06476190476190477), 'fraud_growth': np.float64(0.08484848484848487), 'clustering_change': np.float64(0.038262910798122066), 'feature_drift': np.float64(0.02885964388765692), 'variance_drift': np.float64(0.0011716300110994528), 'node_churn': np.float64(0.015137614678899083), 'structural_stability': np.float64(0.0)}"
234.0,24.0,220.0,0.15137614678899083,0.25,0.6476190476190476,0.4242424242424243,0.7652582159624413,0.19212417295007236,0.023432600221989057,5.0,1.0,0.8778600000000001,0.15137614678899083,1.0,0.0,0.2882764003988192,"{'growth_rate': np.float64(0.030275229357798167), 'density_change': np.float64(0.025), 'degree_change': np.float64(0.06476190476190477), 'fraud_growth': np.float64(0.08484848484848487), 'clustering_change': np.float64(0.038262910798122066), 'feature_drift': np.float64(0.028818625942510855), 'variance_drift': np.float64(0.0011716300110994528), 'node_churn': np.float64(0.015137614678899083), 'structural_stability': np.float64(0.0)}"
84.0,21.0,119.0,0.15137614678899083,0.25,0.6476190476190476,0.4242424242424243,0.7652582159624413,0.19156020659519976,0.023432600221989057,5.0,1.0,0.89868,0.15137614678899083,1.0,0.0,0.2881918054455883,"{'growth_rate': np.float64(0.030275229357798167), 'density_change': np.float64(0.025), 'degree_change': np.float64(0.06476190476190477), 'fraud_growth': np.float64(0.08484848484848487), 'clustering_change': np.float64(0.038262910798122066), 'feature_drift': np.float64(0.028734030989279964), 'variance_drift': np.float64(0.0011716300110994528), 'node_churn': np.float64(0.015137614678899083), 'structural_stability': np.float64(0.0)}"
822.0,24.0,161.0,0.15137614678899083,0.25,0.6476190476190476,0.4242424242424243,0.7652582159624413,0.19054011937744206,0.023432600221989057,2.0,0.4,0.94145,0.15137614678899083,1.0,0.0,0.2880387923629247,"{'growth_rate': np.float64(0.030275229357798167), 'density_change': np.float64(0.025), 'degree_change': np.float64(0.06476190476190477), 'fraud_growth': np.float64(0.08484848484848487), 'clustering_change': np.float64(0.038262910798122066), 'feature_drift': np.float64(0.028581017906616307), 'variance_drift': np.float64(0.0011716300110994528), 'node_churn': np.float64(0.015137614678899083), 'structural_stability': np.float64(0.0)}"
766.0,23.0,39.0,0.15137614678899083,0.25,0.6476190476190476,0.4242424242424243,0.7652582159624413,0.18987775575360083,0.023432600221989057,3.0,0.6,0.9049333333333333,0.15137614678899083,1.0,0.0,0.2879394378193485,"{'growth_rate': np.float64(0.030275229357798167), 'density_change': np.float64(0.025), 'degree_change': np.float64(0.06476190476190477), 'fraud_growth': np.float64(0.08484848484848487), 'clustering_change': np.float64(0.038262910798122066), 'feature_drift': np.float64(0.028481663363040123), 'variance_drift': np.float64(0.0011716300110994528), 'node_churn': np.float64(0.015137614678899083), 'structural_stability': np.float64(0.0)}"
632.0,24.0,53.0,0.15137614678899083,0.25,0.6476190476190476,0.4242424242424243,0.7652582159624413,0.1855572058658724,0.028092610009404842,3.0,0.6,0.9203,0.15137614678899083,1.0,0.0,0.28752435582556,"{'growth_rate': np.float64(0.030275229357798167), 'density_change': np.float64(0.025), 'degree_change': np.float64(0.06476190476190477), 'fraud_growth': np.float64(0.08484848484848487), 'clustering_change': np.float64(0.038262910798122066), 'feature_drift': np.float64(0.02783358087988086), 'variance_drift': np.float64(0.001404630500470242), 'node_churn': np.float64(0.015137614678899083), 'structural_stability': np.float64(0.0)}"
869.0,24.0,75.0,0.15137614678899083,0.25,0.6476190476190476,0.4242424242424243,0.7652582159624413,0.18676353414638702,0.023432600221989057,2.0,0.4,0.92865,0.15137614678899083,1.0,0.0,0.2874723045782664,"{'growth_rate': np.float64(0.030275229357798167), 'density_change': np.float64(0.025), 'degree_change': np.float64(0.06476190476190477), 'fraud_growth': np.float64(0.08484848484848487), 'clustering_change': np.float64(0.038262910798122066), 'feature_drift': np.float64(0.028014530121958054), 'variance_drift': np.float64(0.0011716300110994528), 'node_churn': np.float64(0.015137614678899083), 'structural_stability': np.float64(0.0)}"
18.0,22.0,68.0,0.08469855832241155,0.4375,0.5876543209876544,0.4242424242424243,0.7652582159624413,0.08879506983565794,0.03270925469109883,4.0,0.8,0.793975,0.08469855832241155,0.5718169977206119,1.0,0.2874002685659689,"{'growth_rate': np.float64(0.01693971166448231), 'density_change': np.float64(0.043750000000000004), 'degree_change': np.float64(0.05876543209876544), 'fraud_growth': np.float64(0.08484848484848487), 'clustering_change': np.float64(0.038262910798122066), 'feature_drift': np.float64(0.01331926047534869), 'variance_drift': np.float64(0.0016354627345549417), 'node_churn': np.float64(0.008469855832241155), 'structural_stability': np.float64(0.021409150113969405)}"
330.0,23.0,2.0,0.11631563078778483,0.31512090602999693,0.6120841063698207,0.4242424242424243,1.0,0.047975649981618455,0.018796951847212317,3.0,0.6,0.8232666666666666,0.11631563078778484,0.6646199877947946,1.0,0.28736887102466574,"{'growth_rate': np.float64(0.023263126157556966), 'density_change': np.float64(0.03151209060299969), 'degree_change': np.float64(0.06120841063698207), 'fraud_growth': np.float64(0.08484848484848487), 'clustering_change': np.float64(0.05), 'feature_drift': np.float64(0.007196347497242768), 'variance_drift': np.float64(0.0009398475923606159), 'node_churn': np.float64(0.011631563078778485), 'structural_stability': np.float64(0.016769000610260272)}"
254.0,22.0,410.0,0.15137614678899083,0.25,0.6476190476190476,0.4242424242424243,0.7652582159624413,0.19317005925450767,0.0016849769439033753,4.0,0.8,0.85185,0.15137614678899083,1.0,0.0,0.2873459021805802,"{'growth_rate': np.float64(0.030275229357798167), 'density_change': np.float64(0.025), 'degree_change': np.float64(0.06476190476190477), 'fraud_growth': np.float64(0.08484848484848487), 'clustering_change': np.float64(0.038262910798122066), 'feature_drift': np.float64(0.028975508888176148), 'variance_drift': np.float64(8.424884719516877e-05), 'node_churn': np.float64(0.015137614678899083), 'structural_stability': np.float64(0.0)}"
84.0,24.0,127.0,0.15137614678899083,0.25,0.6476190476190476,0.4242424242424243,0.7652582159624413,0.18510621777980696,0.023432600221989057,5.0,1.0,0.89868,0.15137614678899083,1.0,0.0,0.2872237071232794,"{'growth_rate': np.float64(0.030275229357798167), 'density_change': np.float64(0.025), 'degree_change': np.float64(0.06476190476190477), 'fraud_growth': np.float64(0.08484848484848487), 'clustering_change': np.float64(0.038262910798122066), 'feature_drift': np.float64(0.027765932666971044), 'variance_drift': np.float64(0.0011716300110994528), 'node_churn': np.float64(0.015137614678899083), 'structural_stability': np.float64(0.0)}"
442.0,24.0,182.0,0.15137614678899083,0.25,0.6476190476190476,0.4242424242424243,0.7652582159624413,0.18502925121283983,0.023432600221989057,3.0,0.6,0.8432,0.15137614678899083,1.0,0.0,0.2872121621382343,"{'growth_rate': np.float64(0.030275229357798167), 'density_change': np.float64(0.025), 'degree_change': np.float64(0.06476190476190477), 'fraud_growth': np.float64(0.08484848484848487), 'clustering_change': np.float64(0.038262910798122066), 'feature_drift': np.float64(0.027754387681925976), 'variance_drift': np.float64(0.0011716300110994528), 'node_churn': np.float64(0.015137614678899083), 'structural_stability': np.float64(0.0)}"
382.0,22.0,534.0,0.15137614678899083,0.25,0.6476190476190476,0.4242424242424243,0.7652582159624413,0.1829809383924529,0.023432600221989057,3.0,0.6,0.8661666666666665,0.15137614678899083,1.0,0.0,0.2869049152151763,"{'growth_rate': np.float64(0.030275229357798167), 'density_change': np.float64(0.025), 'degree_change': np.float64(0.06476190476190477), 'fraud_growth': np.float64(0.08484848484848487), 'clustering_change': np.float64(0.038262910798122066), 'feature_drift': np.float64(0.027447140758867936), 'variance_drift': np.float64(0.0011716300110994528), 'node_churn': np.float64(0.015137614678899083), 'structural_stability': np.float64(0.0)}"
393.0,22.0,376.0,0.15137614678899083,0.25,0.6476190476190476,0.4242424242424243,0.7652582159624413,0.1820630422626702,0.023432600221989057,2.0,0.4,0.9016,0.15137614678899083,1.0,0.0,0.28676723079570887,"{'growth_rate': np.float64(0.030275229357798167), 'density_change': np.float64(0.025), 'degree_change': np.float64(0.06476190476190477), 'fraud_growth': np.float64(0.08484848484848487), 'clustering_change': np.float64(0.038262910798122066), 'feature_drift': np.float64(0.027309456339400528), 'variance_drift': np.float64(0.0011716300110994528), 'node_churn': np.float64(0.015137614678899083), 'structural_stability': np.float64(0.0)}"
791.0,24.0,235.0,0.15137614678899083,0.25,0.6476190476190476,0.4242424242424243,0.7652582159624413,0.1809864323192055,0.023432600221989057,3.0,0.6,0.9387,0.15137614678899083,1.0,0.0,0.2866057393041892,"{'growth_rate': np.float64(0.030275229357798167), 'density_change': np.float64(0.025), 'degree_change': np.float64(0.06476190476190477), 'fraud_growth': np.float64(0.08484848484848487), 'clustering_change': np.float64(0.038262910798122066), 'feature_drift': np.float64(0.027147964847880825), 'variance_drift': np.float64(0.0011716300110994528), 'node_churn': np.float64(0.015137614678899083), 'structural_stability': np.float64(0.0)}"
161.0,23.0,12.0,0.1463574035710763,0.25833333333333336,0.6476190476190476,0.4383838383838385,0.7652582159624413,0.1554895083983342,0.032147701668428404,5.0,1.0,0.8736600000000001,0.1463574035710763,0.9785417285417286,1.0,0.28644586255753585,"{'growth_rate': np.float64(0.02927148071421526), 'density_change': np.float64(0.025833333333333337), 'degree_change': np.float64(0.06476190476190477), 'fraud_growth': np.float64(0.0876767676767677), 'clustering_change': np.float64(0.038262910798122066), 'feature_drift': np.float64(0.02332342625975013), 'variance_drift': np.float64(0.0016073850834214202), 'node_churn': np.float64(0.01463574035710763), 'structural_stability': np.float64(0.0010729135729135697)}"
261.0,22.0,523.0,0.15137614678899083,0.25,0.6476190476190476,0.4242424242424243,0.7652582159624413,0.17952517554292713,0.023432600221989057,5.0,1.0,0.92978,0.15137614678899083,1.0,0.0,0.28638655078774744,"{'growth_rate': np.float64(0.030275229357798167), 'density_change': np.float64(0.025), 'degree_change': np.float64(0.06476190476190477), 'fraud_growth': np.float64(0.08484848484848487), 'clustering_change': np.float64(0.038262910798122066), 'feature_drift': np.float64(0.02692877633143907), 'variance_drift': np.float64(0.0011716300110994528), 'node_churn': np.float64(0.015137614678899083), 'structural_stability': np.float64(0.0)}"
56.0,24.0,177.0,0.15137614678899083,0.25,0.6476190476190476,0.4242424242424243,0.7652582159624413,0.17807664627299505,0.026200038967085823,5.0,1.0,0.84526,0.15137614678899083,1.0,0.0,0.2863076433345125,"{'growth_rate': np.float64(0.030275229357798167), 'density_change': np.float64(0.025), 'degree_change': np.float64(0.06476190476190477), 'fraud_growth': np.float64(0.08484848484848487), 'clustering_change': np.float64(0.038262910798122066), 'feature_drift': np.float64(0.026711496940949257), 'variance_drift': np.float64(0.0013100019483542912), 'node_churn': np.float64(0.015137614678899083), 'structural_stability': np.float64(0.0)}"
632.0,23.0,74.0,0.15137614678899083,0.25,0.518095238095238,0.4242424242424243,0.7652582159624413,0.22747460278931148,0.01410809006189751,3.0,0.6,0.9203,0.15137614678899083,0.877956081081081,0.0,0.28626255436026554,"{'growth_rate': np.float64(0.030275229357798167), 'density_change': np.float64(0.025), 'degree_change': np.float64(0.051809523809523805), 'fraud_growth': np.float64(0.08484848484848487), 'clustering_change': np.float64(0.038262910798122066), 'feature_drift': np.float64(0.03412119041839672), 'variance_drift': np.float64(0.0007054045030948755), 'node_churn': np.float64(0.015137614678899083), 'structural_stability': np.float64(0.006102195945945949)}"
191.0,23.0,132.0,0.15137614678899083,0.25,0.6476190476190476,0.4242424242424243,0.7652582159624413,0.15136779379633317,0.10405319404325288,5.0,1.0,0.7872799999999999,0.15137614678899083,1.0,1.0,0.28619397321682155,"{'growth_rate': np.float64(0.030275229357798167), 'density_change': np.float64(0.025), 'degree_change': np.float64(0.06476190476190477), 'fraud_growth': np.float64(0.08484848484848487), 'clustering_change': np.float64(0.038262910798122066), 'feature_drift': np.float64(0.022705169069449974), 'variance_drift': np.float64(0.005202659702162644), 'node_churn': np.float64(0.015137614678899083), 'structural_stability': np.float64(0.0)}"
786.0,24.0,112.0,0.15137614678899083,0.25,0.6476190476190476,0.4242424242424243,0.7652582159624413,0.17803746885541272,0.023432600221989057,3.0,0.6,0.9170999999999999,0.15137614678899083,1.0,0.0,0.2861633947846203,"{'growth_rate': np.float64(0.030275229357798167), 'density_change': np.float64(0.025), 'degree_change': np.float64(0.06476190476190477), 'fraud_growth': np.float64(0.08484848484848487), 'clustering_change': np.float64(0.038262910798122066), 'feature_drift': np.float64(0.02670562032831191), 'variance_drift': np.float64(0.0011716300110994528), 'node_churn': np.float64(0.015137614678899083), 'structural_stability': np.float64(0.0)}"
74.0,22.0,109.0,0.15137614678899083,0.25,0.6476190476190476,0.4242424242424243,0.7652582159624413,0.17505654824381145,0.029275004572300364,5.0,1.0,0.76484,0.15137614678899083,1.0,0.0,0.28600837691039566,"{'growth_rate': np.float64(0.030275229357798167), 'density_change': np.float64(0.025), 'degree_change': np.float64(0.06476190476190477), 'fraud_growth': np.float64(0.08484848484848487), 'clustering_change': np.float64(0.038262910798122066), 'feature_drift': np.float64(0.026258482236571717), 'variance_drift': np.float64(0.0014637502286150182), 'node_churn': np.float64(0.015137614678899083), 'structural_stability': np.float64(0.0)}"
524.0,23.0,11.0,0.15137614678899083,0.25,0.518095238095238,0.4242424242424243,0.7652582159624413,0.22681955660915648,0.008022670129287715,2.0,0.4,0.9229499999999999,0.15137614678899083,0.877956081081081,0.0,0.2858600264366118,"{'growth_rate': np.float64(0.030275229357798167), 'density_change': np.float64(0.025), 'degree_change': np.float64(0.051809523809523805), 'fraud_growth': np.float64(0.08484848484848487), 'clustering_change': np.float64(0.038262910798122066), 'feature_drift': np.float64(0.03402293349137347), 'variance_drift': np.float64(0.00040113350646438575), 'node_churn': np.float64(0.015137614678899083), 'structural_stability': np.float64(0.006102195945945949)}"
358.0,22.0,95.0,0.15137614678899083,0.25,0.6476190476190476,0.4242424242424243,0.7652582159624413,0.17516240424531077,0.023432600221989057,2.0,0.4,0.96875,0.15137614678899083,1.0,0.0,0.28573213509310497,"{'growth_rate': np.float64(0.030275229357798167), 'density_change': np.float64(0.025), 'degree_change': np.float64(0.06476190476190477), 'fraud_growth': np.float64(0.08484848484848487), 'clustering_change': np.float64(0.038262910798122066), 'feature_drift': np.float64(0.026274360636796616), 'variance_drift': np.float64(0.0011716300110994528), 'node_churn': np.float64(0.015137614678899083), 'structural_stability': np.float64(0.0)}"
127.0,21.0,220.0,0.15137614678899083,0.25,0.6476190476190476,0.4242424242424243,0.7652582159624413,0.1748576168625148,0.023432600221989057,3.0,0.6,0.9557666666666668,0.15137614678899083,1.0,1.0,0.2856864169856856,"{'growth_rate': np.float64(0.030275229357798167), 'density_change': np.float64(0.025), 'degree_change': np.float64(0.06476190476190477), 'fraud_growth': np.float64(0.08484848484848487), 'clustering_change': np.float64(0.038262910798122066), 'feature_drift': np.float64(0.02622864252937722), 'variance_drift': np.float64(0.0011716300110994528), 'node_churn': np.float64(0.015137614678899083), 'structural_stability': np.float64(0.0)}"
137.0,21.0,41.0,0.15137614678899083,0.25,0.6476190476190476,0.4242424242424243,0.7652582159624413,0.16962690674180808,0.03869337797844888,5.0,1.0,0.8477600000000001,0.15137614678899083,1.0,0.0,0.2856648493554026,"{'growth_rate': np.float64(0.030275229357798167), 'density_change': np.float64(0.025), 'degree_change': np.float64(0.06476190476190477), 'fraud_growth': np.float64(0.08484848484848487), 'clustering_change': np.float64(0.038262910798122066), 'feature_drift': np.float64(0.025444036011271213), 'variance_drift': np.float64(0.001934668898922444), 'node_churn': np.float64(0.015137614678899083), 'structural_stability': np.float64(0.0)}"
703.0,23.0,103.0,0.15137614678899083,0.25,0.6476190476190476,0.4242424242424243,0.7652582159624413,0.17348164077534742,0.023432600221989057,2.0,0.4,0.9291,0.15137614678899083,1.0,0.0,0.28548002057261046,"{'growth_rate': np.float64(0.030275229357798167), 'density_change': np.float64(0.025), 'degree_change': np.float64(0.06476190476190477), 'fraud_growth': np.float64(0.08484848484848487), 'clustering_change': np.float64(0.038262910798122066), 'feature_drift': np.float64(0.026022246116302113), 'variance_drift': np.float64(0.0011716300110994528), 'node_churn': np.float64(0.015137614678899083), 'structural_stability': np.float64(0.0)}"
356.0,22.0,155.0,0.15137614678899083,0.25,0.6476190476190476,0.4242424242424243,0.7652582159624413,0.17301740790274428,0.023432600221989057,4.0,0.8,0.8804000000000001,0.15137614678899083,1.0,0.0,0.28541038564172,"{'growth_rate': np.float64(0.030275229357798167), 'density_change': np.float64(0.025), 'degree_change': np.float64(0.06476190476190477), 'fraud_growth': np.float64(0.08484848484848487), 'clustering_change': np.float64(0.038262910798122066), 'feature_drift': np.float64(0.02595261118541164), 'variance_drift': np.float64(0.0011716300110994528), 'node_churn': np.float64(0.015137614678899083), 'structural_stability': np.float64(0.0)}"
208.0,22.0,145.0,0.15137614678899083,0.25,0.6476190476190476,0.4242424242424243,0.7652582159624413,0.17187018998705073,0.023432600221989057,3.0,0.6,0.9218666666666667,0.15137614678899083,1.0,0.0,0.285238302954366,"{'growth_rate': np.float64(0.030275229357798167), 'density_change': np.float64(0.025), 'degree_change': np.float64(0.06476190476190477), 'fraud_growth': np.float64(0.08484848484848487), 'clustering_change': np.float64(0.038262910798122066), 'feature_drift': np.float64(0.02578052849805761), 'variance_drift': np.float64(0.0011716300110994528), 'node_churn': np.float64(0.015137614678899083), 'structural_stability': np.float64(0.0)}"
331.0,22.0,156.0,0.15137614678899083,0.25,0.6476190476190476,0.4242424242424243,0.7652582159624413,0.17889038324457707,0.0017648962359881934,2.0,0.4,0.83115,0.15137614678899083,1.0,1.0,0.28520794674369493,"{'growth_rate': np.float64(0.030275229357798167), 'density_change': np.float64(0.025), 'degree_change': np.float64(0.06476190476190477), 'fraud_growth': np.float64(0.08484848484848487), 'clustering_change': np.float64(0.038262910798122066), 'feature_drift': np.float64(0.02683355748668656), 'variance_drift': np.float64(8.824481179940967e-05), 'node_churn': np.float64(0.015137614678899083), 'structural_stability': np.float64(0.0)}"
361.0,23.0,143.0,0.15137614678899083,0.25,0.6476190476190476,0.4242424242424243,0.7652582159624413,0.1660634552260549,0.036003266591843996,4.0,0.8,0.834275,0.15137614678899083,1.0,0.0,0.2849958260587094,"{'growth_rate': np.float64(0.030275229357798167), 'density_change': np.float64(0.025), 'degree_change': np.float64(0.06476190476190477), 'fraud_growth': np.float64(0.08484848484848487), 'clustering_change': np.float64(0.038262910798122066), 'feature_drift': np.float64(0.024909518283908232), 'variance_drift': np.float64(0.0018001633295922), 'node_churn': np.float64(0.015137614678899083), 'structural_stability': np.float64(0.0)}"
788.0,23.0,175.0,0.15137614678899083,0.25,0.6476190476190476,0.4242424242424243,0.7652582159624413,0.16985359251156032,0.023432600221989057,2.0,0.4,0.9586,0.15137614678899083,1.0,0.0,0.2849358133330424,"{'growth_rate': np.float64(0.030275229357798167), 'density_change': np.float64(0.025), 'degree_change': np.float64(0.06476190476190477), 'fraud_growth': np.float64(0.08484848484848487), 'clustering_change': np.float64(0.038262910798122066), 'feature_drift': np.float64(0.025478038876734048), 'variance_drift': np.float64(0.0011716300110994528), 'node_churn': np.float64(0.015137614678899083), 'structural_stability': np.float64(0.0)}"
187.0,21.0,184.0,0.15137614678899083,0.25,0.6476190476190476,0.4242424242424243,0.7652582159624413,0.1692825534052962,0.023432600221989057,3.0,0.6,0.8986666666666667,0.15137614678899083,1.0,0.0,0.2848501574671028,"{'growth_rate': np.float64(0.030275229357798167), 'density_change': np.float64(0.025), 'degree_change': np.float64(0.06476190476190477), 'fraud_growth': np.float64(0.08484848484848487), 'clustering_change': np.float64(0.038262910798122066), 'feature_drift': np.float64(0.02539238301079443), 'variance_drift': np.float64(0.0011716300110994528), 'node_churn': np.float64(0.015137614678899083), 'structural_stability': np.float64(0.0)}"
132.0,21.0,163.0,0.15137614678899083,0.25,0.6476190476190476,0.4242424242424243,0.7652582159624413,0.16893259188207238,0.023432600221989057,3.0,0.6,0.9544999999999999,0.15137614678899083,1.0,0.0,0.2847976632386192,"{'growth_rate': np.float64(0.030275229357798167), 'density_change': np.float64(0.025), 'degree_change': np.float64(0.06476190476190477), 'fraud_growth': np.float64(0.08484848484848487), 'clustering_change': np.float64(0.038262910798122066), 'feature_drift': np.float64(0.025339888782310856), 'variance_drift': np.float64(0.0011716300110994528), 'node_churn': np.float64(0.015137614678899083), 'structural_stability': np.float64(0.0)}"
314.0,21.0,159.0,0.15137614678899083,0.25,0.6476190476190476,0.4242424242424243,0.7652582159624413,0.1684003488043226,0.023432600221989057,5.0,1.0,0.9340599999999999,0.15137614678899083,1.0,0.0,0.28471782677695673,"{'growth_rate': np.float64(0.030275229357798167), 'density_change': np.float64(0.025), 'degree_change': np.float64(0.06476190476190477), 'fraud_growth': np.float64(0.08484848484848487), 'clustering_change': np.float64(0.038262910798122066), 'feature_drift': np.float64(0.02526005232064839), 'variance_drift': np.float64(0.0011716300110994528), 'node_churn': np.float64(0.015137614678899083), 'structural_stability': np.float64(0.0)}"
262.0,22.0,480.0,0.15137614678899083,0.25,0.6476190476190476,0.4242424242424243,0.7652582159624413,0.16768407403697425,0.023432600221989057,4.0,0.8,0.88805,0.15137614678899083,1.0,0.0,0.2846103855618545,"{'growth_rate': np.float64(0.030275229357798167), 'density_change': np.float64(0.025), 'degree_change': np.float64(0.06476190476190477), 'fraud_growth': np.float64(0.08484848484848487), 'clustering_change': np.float64(0.038262910798122066), 'feature_drift': np.float64(0.025152611105546136), 'variance_drift': np.float64(0.0011716300110994528), 'node_churn': np.float64(0.015137614678899083), 'structural_stability': np.float64(0.0)}"
602.0,24.0,247.0,0.15137614678899083,0.25,0.6476190476190476,0.4242424242424243,0.7652582159624413,0.16754452335816564,0.023432600221989057,3.0,0.6,0.8985,0.15137614678899083,1.0,0.0,0.2845894529600332,"{'growth_rate': np.float64(0.030275229357798167), 'density_change': np.float64(0.025), 'degree_change': np.float64(0.06476190476190477), 'fraud_growth': np.float64(0.08484848484848487), 'clustering_change': np.float64(0.038262910798122066), 'feature_drift': np.float64(0.025131678503724844), 'variance_drift': np.float64(0.0011716300110994528), 'node_churn': np.float64(0.015137614678899083), 'structural_stability': np.float64(0.0)}"
639.0,24.0,80.0,0.15137614678899083,0.25,0.6476190476190476,0.4242424242424243,0.7652582159624413,0.17136329563732305,0.009465511763126069,3.0,0.6,0.8132999999999999,0.15137614678899083,1.0,0.0,0.2844639143789637,"{'growth_rate': np.float64(0.030275229357798167), 'density_change': np.float64(0.025), 'degree_change': np.float64(0.06476190476190477), 'fraud_growth': np.float64(0.08484848484848487), 'clustering_change': np.float64(0.038262910798122066), 'feature_drift': np.float64(0.025704494345598457), 'variance_drift': np.float64(0.00047327558815630344), 'node_churn': np.float64(0.015137614678899083), 'structural_stability': np.float64(0.0)}"
261.0,24.0,35.0,0.15137614678899083,0.25,0.6476190476190476,0.4242424242424243,0.7652582159624413,0.1663675857775761,0.023432600221989057,5.0,1.0,0.92978,0.15137614678899083,1.0,0.0,0.28441291232294474,"{'growth_rate': np.float64(0.030275229357798167), 'density_change': np.float64(0.025), 'degree_change': np.float64(0.06476190476190477), 'fraud_growth': np.float64(0.08484848484848487), 'clustering_change': np.float64(0.038262910798122066), 'feature_drift': np.float64(0.024955137866636414), 'variance_drift': np.float64(0.0011716300110994528), 'node_churn': np.float64(0.015137614678899083), 'structural_stability': np.float64(0.0)}"
374.0,22.0,238.0,0.15137614678899083,0.25,0.6476190476190476,0.4242424242424243,0.7652582159624413,0.1711792538576574,0.0071646913347889205,2.0,0.4,0.833,0.15137614678899083,1.0,0.0,0.28432126709059696,"{'growth_rate': np.float64(0.030275229357798167), 'density_change': np.float64(0.025), 'degree_change': np.float64(0.06476190476190477), 'fraud_growth': np.float64(0.08484848484848487), 'clustering_change': np.float64(0.038262910798122066), 'feature_drift': np.float64(0.025676888078648607), 'variance_drift': np.float64(0.00035823456673944604), 'node_churn': np.float64(0.015137614678899083), 'structural_stability': np.float64(0.0)}"
84.0,22.0,318.0,0.15137614678899083,0.25,0.6476190476190476,0.4242424242424243,0.7652582159624413,0.16459607440626353,0.023432600221989057,5.0,1.0,0.89868,0.15137614678899083,1.0,0.0,0.2841471856172479,"{'growth_rate': np.float64(0.030275229357798167), 'density_change': np.float64(0.025), 'degree_change': np.float64(0.06476190476190477), 'fraud_growth': np.float64(0.08484848484848487), 'clustering_change': np.float64(0.038262910798122066), 'feature_drift': np.float64(0.02468941116093953), 'variance_drift': np.float64(0.0011716300110994528), 'node_churn': np.float64(0.015137614678899083), 'structural_stability': np.float64(0.0)}"
311.0,21.0,2.0,0.15137614678899083,0.25,0.6476190476190476,0.4242424242424243,0.7652582159624413,0.1635186856621454,0.023432600221989057,2.0,0.4,0.97515,0.15137614678899083,1.0,0.0,0.2839855773056302,"{'growth_rate': np.float64(0.030275229357798167), 'density_change': np.float64(0.025), 'degree_change': np.float64(0.06476190476190477), 'fraud_growth': np.float64(0.08484848484848487), 'clustering_change': np.float64(0.038262910798122066), 'feature_drift': np.float64(0.02452780284932181), 'variance_drift': np.float64(0.0011716300110994528), 'node_churn': np.float64(0.015137614678899083), 'structural_stability': np.float64(0.0)}"
74.0,21.0,70.0,0.15137614678899083,0.25,0.6476190476190476,0.4242424242424243,0.7652582159624413,0.1604316874541748,0.03229350094050389,5.0,1.0,0.76484,0.15137614678899083,1.0,0.0,0.2839655726103603,"{'growth_rate': np.float64(0.030275229357798167), 'density_change': np.float64(0.025), 'degree_change': np.float64(0.06476190476190477), 'fraud_growth': np.float64(0.08484848484848487), 'clustering_change': np.float64(0.038262910798122066), 'feature_drift': np.float64(0.02406475311812622), 'variance_drift': np.float64(0.0016146750470251948), 'node_churn': np.float64(0.015137614678899083), 'structural_stability': np.float64(0.0)}"
837.0,24.0,16.0,0.08914373088685017,0.41666666666666663,0.5996472663139331,0.4242424242424243,0.7652582159624413,0.07865374988324135,0.023858046828306813,2.0,0.4,0.8454999999999999,0.08914373088685018,0.6133261974846134,1.0,0.2838105631603929,"{'growth_rate': np.float64(0.017828746177370035), 'density_change': np.float64(0.041666666666666664), 'degree_change': np.float64(0.05996472663139331), 'fraud_growth': np.float64(0.08484848484848487), 'clustering_change': np.float64(0.038262910798122066), 'feature_drift': np.float64(0.011798062482486202), 'variance_drift': np.float64(0.0011929023414153407), 'node_churn': np.float64(0.00891437308868502), 'structural_stability': np.float64(0.019333690125769333)}"
654.0,23.0,125.0,0.15137614678899083,0.25,0.6476190476190476,0.4242424242424243,0.7652582159624413,0.1603502444976771,0.023432600221989057,2.0,0.4,0.9452499999999999,0.15137614678899083,1.0,0.0,0.2835103111309599,"{'growth_rate': np.float64(0.030275229357798167), 'density_change': np.float64(0.025), 'degree_change': np.float64(0.06476190476190477), 'fraud_growth': np.float64(0.08484848484848487), 'clustering_change': np.float64(0.038262910798122066), 'feature_drift': np.float64(0.024052536674651563), 'variance_drift': np.float64(0.0011716300110994528), 'node_churn': np.float64(0.015137614678899083), 'structural_stability': np.float64(0.0)}"
18.0,21.0,87.0,0.09049660949341845,0.4107142857142857,0.6528756957328387,0.4242424242424243,0.7652582159624413,0.05483681025314795,0.024936283518073313,4.0,0.8,0.793975,0.09049660949341845,0.6518302428707052,1.0,0.2835002002096855,"{'growth_rate': np.float64(0.01809932189868369), 'density_change': np.float64(0.04107142857142857), 'degree_change': np.float64(0.06528756957328387), 'fraud_growth': np.float64(0.08484848484848487), 'clustering_change': np.float64(0.038262910798122066), 'feature_drift': np.float64(0.008225521537972192), 'variance_drift': np.float64(0.0012468141759036657), 'node_churn': np.float64(0.009049660949341846), 'structural_stability': np.float64(0.01740848785646474)}"
147.0,21.0,117.0,0.15137614678899083,0.25,0.6476190476190476,0.4242424242424243,0.7652582159624413,0.15862821223968768,0.023432600221989057,3.0,0.6,0.8967333333333333,0.15137614678899083,1.0,0.0,0.2832520062922615,"{'growth_rate': np.float64(0.030275229357798167), 'density_change': np.float64(0.025), 'degree_change': np.float64(0.06476190476190477), 'fraud_growth': np.float64(0.08484848484848487), 'clustering_change': np.float64(0.038262910798122066), 'feature_drift': np.float64(0.02379423183595315), 'variance_drift': np.float64(0.0011716300110994528), 'node_churn': np.float64(0.015137614678899083), 'structural_stability': np.float64(0.0)}"
204.0,22.0,201.0,0.15137614678899083,0.25,0.6476190476190476,0.4242424242424243,0.7652582159624413,0.15810870524541237,0.023432600221989057,3.0,0.6,0.9074666666666666,0.15137614678899083,1.0,0.0,0.2831740802431202,"{'growth_rate': np.float64(0.030275229357798167), 'density_change': np.float64(0.025), 'degree_change': np.float64(0.06476190476190477), 'fraud_growth': np.float64(0.08484848484848487), 'clustering_change': np.float64(0.038262910798122066), 'feature_drift': np.float64(0.023716305786811855), 'variance_drift': np.float64(0.0011716300110994528), 'node_churn': np.float64(0.015137614678899083), 'structural_stability': np.float64(0.0)}"
212.0,24.0,11.0,0.1325178389398573,0.24603914259086676,0.5430127041742286,0.4242424242424243,0.7652582159624413,0.22443421549389128,0.04533824920198532,5.0,1.0,0.7801,0.13251783893985733,0.8909956778953488,0.0,0.2831541928944892,"{'growth_rate': np.float64(0.02650356778797146), 'density_change': np.float64(0.024603914259086677), 'degree_change': np.float64(0.054301270417422866), 'fraud_growth': np.float64(0.08484848484848487), 'clustering_change': np.float64(0.038262910798122066), 'feature_drift': np.float64(0.03366513232408369), 'variance_drift': np.float64(0.0022669124600992662), 'node_churn': np.float64(0.013251783893985734), 'structural_stability': np.float64(0.005450216105232559)}"
15.0,21.0,9.0,0.15137614678899083,0.25,0.6476190476190476,0.4242424242424243,0.7652582159624413,0.15772181764289395,0.023432600221989057,3.0,0.6,0.9154666666666667,0.15137614678899083,1.0,0.0,0.28311604710274246,"{'growth_rate': np.float64(0.030275229357798167), 'density_change': np.float64(0.025), 'degree_change': np.float64(0.06476190476190477), 'fraud_growth': np.float64(0.08484848484848487), 'clustering_change': np.float64(0.038262910798122066), 'feature_drift': np.float64(0.02365827264643409), 'variance_drift': np.float64(0.0011716300110994528), 'node_churn': np.float64(0.015137614678899083), 'structural_stability': np.float64(0.0)}"
156.0,22.0,9.0,0.15137614678899083,0.25,0.6476190476190476,0.4242424242424243,0.7652582159624413,0.14898763768391673,0.04879567882579119,3.0,0.6,0.8133333333333334,0.15137614678899083,1.0,0.0,0.283074074039086,"{'growth_rate': np.float64(0.030275229357798167), 'density_change': np.float64(0.025), 'degree_change': np.float64(0.06476190476190477), 'fraud_growth': np.float64(0.08484848484848487), 'clustering_change': np.float64(0.038262910798122066), 'feature_drift': np.float64(0.022348145652587508), 'variance_drift': np.float64(0.0024397839412895594), 'node_churn': np.float64(0.015137614678899083), 'structural_stability': np.float64(0.0)}"
361.0,24.0,94.0,0.15137614678899083,0.25,0.6476190476190476,0.4242424242424243,0.7652582159624413,0.15977041248390667,0.014823987972297241,4.0,0.8,0.834275,0.15137614678899083,1.0,0.0,0.28299290571640984,"{'growth_rate': np.float64(0.030275229357798167), 'density_change': np.float64(0.025), 'degree_change': np.float64(0.06476190476190477), 'fraud_growth': np.float64(0.08484848484848487), 'clustering_change': np.float64(0.038262910798122066), 'feature_drift': np.float64(0.023965561872586), 'variance_drift': np.float64(0.0007411993986148621), 'node_churn': np.float64(0.015137614678899083), 'structural_stability': np.float64(0.0)}"
539.0,23.0,165.0,0.15137614678899083,0.25,0.5180952380952382,0.4242424242424243,0.7652582159624413,0.2060057045769673,0.006736499990009179,3.0,0.6,0.9303333333333333,0.15137614678899083,0.877956081081081,0.0,0.2826736401248195,"{'growth_rate': np.float64(0.030275229357798167), 'density_change': np.float64(0.025), 'degree_change': np.float64(0.05180952380952382), 'fraud_growth': np.float64(0.08484848484848487), 'clustering_change': np.float64(0.038262910798122066), 'feature_drift': np.float64(0.030900855686545093), 'variance_drift': np.float64(0.00033682499950045896), 'node_churn': np.float64(0.015137614678899083), 'structural_stability': np.float64(0.006102195945945949)}"
539.0,24.0,121.0,0.12025993883792052,0.3125,0.6071428571428572,0.4242424242424243,0.7652582159624413,0.1346300372588487,0.03862014108167442,3.0,0.6,0.9303333333333333,0.12025993883792052,0.8157827638959712,0.0,0.28249003746038126,"{'growth_rate': np.float64(0.024051987767584104), 'density_change': np.float64(0.03125), 'degree_change': np.float64(0.06071428571428572), 'fraud_growth': np.float64(0.08484848484848487), 'clustering_change': np.float64(0.038262910798122066), 'feature_drift': np.float64(0.020194505588827304), 'variance_drift': np.float64(0.0019310070540837212), 'node_churn': np.float64(0.012025993883792052), 'structural_stability': np.float64(0.009210861805201443)}"
670.0,24.0,128.0,0.15137614678899083,0.25,0.6476190476190476,0.4242424242424243,0.7652582159624413,0.15216593976170584,0.023432600221989057,3.0,0.6,0.8735333333333334,0.15137614678899083,1.0,0.0,0.28228266542056424,"{'growth_rate': np.float64(0.030275229357798167), 'density_change': np.float64(0.025), 'degree_change': np.float64(0.06476190476190477), 'fraud_growth': np.float64(0.08484848484848487), 'clustering_change': np.float64(0.038262910798122066), 'feature_drift': np.float64(0.022824890964255874), 'variance_drift': np.float64(0.0011716300110994528), 'node_churn': np.float64(0.015137614678899083), 'structural_stability': np.float64(0.0)}"
742.0,24.0,215.0,0.15137614678899083,0.25,0.6476190476190476,0.4242424242424243,0.7652582159624413,0.15120734209834394,0.023432600221989057,3.0,0.6,0.9443333333333334,0.15137614678899083,1.0,0.0,0.28213887577105995,"{'growth_rate': np.float64(0.030275229357798167), 'density_change': np.float64(0.025), 'degree_change': np.float64(0.06476190476190477), 'fraud_growth': np.float64(0.08484848484848487), 'clustering_change': np.float64(0.038262910798122066), 'feature_drift': np.float64(0.02268110131475159), 'variance_drift': np.float64(0.0011716300110994528), 'node_churn': np.float64(0.015137614678899083), 'structural_stability': np.float64(0.0)}"
381.0,22.0,131.0,0.15137614678899083,0.25,0.6476190476190476,0.4242424242424243,0.7652582159624413,0.1430930988715306,0.04555362368449367,4.0,0.8,0.851575,0.15137614678899083,1.0,1.0,0.2820277904601632,"{'growth_rate': np.float64(0.030275229357798167), 'density_change': np.float64(0.025), 'degree_change': np.float64(0.06476190476190477), 'fraud_growth': np.float64(0.08484848484848487), 'clustering_change': np.float64(0.038262910798122066), 'feature_drift': np.float64(0.021463964830729588), 'variance_drift': np.float64(0.002277681184224684), 'node_churn': np.float64(0.015137614678899083), 'structural_stability': np.float64(0.0)}"
357.0,22.0,180.0,0.12025993883792052,0.3125,0.6071428571428572,0.4242424242424243,0.7652582159624413,0.12026139205404861,0.07038665683748714,2.0,0.4,0.8339,0.12025993883792052,0.8157827638959712,0.0,0.28192306646745185,"{'growth_rate': np.float64(0.024051987767584104), 'density_change': np.float64(0.03125), 'degree_change': np.float64(0.06071428571428572), 'fraud_growth': np.float64(0.08484848484848487), 'clustering_change': np.float64(0.038262910798122066), 'feature_drift': np.float64(0.01803920880810729), 'variance_drift': np.float64(0.003519332841874357), 'node_churn': np.float64(0.012025993883792052), 'structural_stability': np.float64(0.009210861805201443)}"
151.0,23.0,176.0,0.15137614678899083,0.25,0.6476190476190476,0.4242424242424243,0.7652582159624413,0.1494687206030505,0.023432600221989057,4.0,0.8,0.8848750000000001,0.15137614678899083,1.0,0.0,0.28187808254676594,"{'growth_rate': np.float64(0.030275229357798167), 'density_change': np.float64(0.025), 'degree_change': np.float64(0.06476190476190477), 'fraud_growth': np.float64(0.08484848484848487), 'clustering_change': np.float64(0.038262910798122066), 'feature_drift': np.float64(0.022420308090457575), 'variance_drift': np.float64(0.0011716300110994528), 'node_churn': np.float64(0.015137614678899083), 'structural_stability': np.float64(0.0)}"
342.0,22.0,379.0,0.15137614678899083,0.25,0.6476190476190476,0.4242424242424243,0.7652582159624413,0.14853601622173046,0.023432600221989057,2.0,0.4,0.9621999999999999,0.15137614678899083,1.0,0.0,0.2817381768895679,"{'growth_rate': np.float64(0.030275229357798167), 'density_change': np.float64(0.025), 'degree_change': np.float64(0.06476190476190477), 'fraud_growth': np.float64(0.08484848484848487), 'clustering_change': np.float64(0.038262910798122066), 'feature_drift': np.float64(0.02228040243325957), 'variance_drift': np.float64(0.0011716300110994528), 'node_churn': np.float64(0.015137614678899083), 'structural_stability': np.float64(0.0)}"
601.0,24.0,146.0,0.15137614678899083,0.25,0.6476190476190476,0.4242424242424243,0.7652582159624413,0.14954097493666044,0.019426061336526527,3.0,0.6,0.8159666666666667,0.15137614678899083,1.0,0.0,0.2816885937525343,"{'growth_rate': np.float64(0.030275229357798167), 'density_change': np.float64(0.025), 'degree_change': np.float64(0.06476190476190477), 'fraud_growth': np.float64(0.08484848484848487), 'clustering_change': np.float64(0.038262910798122066), 'feature_drift': np.float64(0.022431146240499064), 'variance_drift': np.float64(0.0009713030668263263), 'node_churn': np.float64(0.015137614678899083), 'structural_stability': np.float64(0.0)}"
727.0,23.0,95.0,0.15137614678899083,0.25,0.6476190476190476,0.4242424242424243,0.7652582159624413,0.14787449017685547,0.023432600221989057,2.0,0.4,0.8735999999999999,0.15137614678899083,1.0,1.0,0.2816389479828367,"{'growth_rate': np.float64(0.030275229357798167), 'density_change': np.float64(0.025), 'degree_change': np.float64(0.06476190476190477), 'fraud_growth': np.float64(0.08484848484848487), 'clustering_change': np.float64(0.038262910798122066), 'feature_drift': np.float64(0.02218117352652832), 'variance_drift': np.float64(0.0011716300110994528), 'node_churn': np.float64(0.015137614678899083), 'structural_stability': np.float64(0.0)}"
308.0,21.0,151.0,0.15137614678899083,0.25,0.6476190476190476,0.4242424242424243,0.7652582159624413,0.1449023958422495,0.023432600221989057,2.0,0.4,0.89505,0.15137614678899083,1.0,0.0,0.28119313383264577,"{'growth_rate': np.float64(0.030275229357798167), 'density_change': np.float64(0.025), 'degree_change': np.float64(0.06476190476190477), 'fraud_growth': np.float64(0.08484848484848487), 'clustering_change': np.float64(0.038262910798122066), 'feature_drift': np.float64(0.021735359376337426), 'variance_drift': np.float64(0.0011716300110994528), 'node_churn': np.float64(0.015137614678899083), 'structural_stability': np.float64(0.0)}"
749.0,23.0,105.0,0.15137614678899083,0.25,0.6476190476190476,0.4242424242424243,0.7652582159624413,0.14490016105053194,0.023432600221989057,2.0,0.4,0.9319500000000001,0.15137614678899083,1.0,0.0,0.28119279861388813,"{'growth_rate': np.float64(0.030275229357798167), 'density_change': np.float64(0.025), 'degree_change': np.float64(0.06476190476190477), 'fraud_growth': np.float64(0.08484848484848487), 'clustering_change': np.float64(0.038262910798122066), 'feature_drift': np.float64(0.02173502415757979), 'variance_drift': np.float64(0.0011716300110994528), 'node_churn': np.float64(0.015137614678899083), 'structural_stability': np.float64(0.0)}"
804.0,23.0,191.0,0.15137614678899083,0.25,0.6476190476190476,0.4242424242424243,0.7652582159624413,0.1446806507070256,0.023432600221989057,3.0,0.6,0.9272333333333332,0.15137614678899083,1.0,0.0,0.2811598720623622,"{'growth_rate': np.float64(0.030275229357798167), 'density_change': np.float64(0.025), 'degree_change': np.float64(0.06476190476190477), 'fraud_growth': np.float64(0.08484848484848487), 'clustering_change': np.float64(0.038262910798122066), 'feature_drift': np.float64(0.02170209760605384), 'variance_drift': np.float64(0.0011716300110994528), 'node_churn': np.float64(0.015137614678899083), 'structural_stability': np.float64(0.0)}"
39.0,21.0,91.0,0.15137614678899083,0.25,0.6476190476190476,0.4242424242424243,0.7652582159624413,0.13641591578135395,0.04765939814233086,4.0,0.8,0.7692500000000001,0.15137614678899083,1.0,0.0,0.28113150171952855,"{'growth_rate': np.float64(0.030275229357798167), 'density_change': np.float64(0.025), 'degree_change': np.float64(0.06476190476190477), 'fraud_growth': np.float64(0.08484848484848487), 'clustering_change': np.float64(0.038262910798122066), 'feature_drift': np.float64(0.020462387367203093), 'variance_drift': np.float64(0.0023829699071165433), 'node_churn': np.float64(0.015137614678899083), 'structural_stability': np.float64(0.0)}"
847.0,24.0,230.0,0.15137614678899083,0.25,0.6476190476190476,0.4242424242424243,0.7652582159624413,0.14405140362442717,0.023432600221989057,2.0,0.4,0.90025,0.15137614678899083,1.0,0.0,0.2810654849999724,"{'growth_rate': np.float64(0.030275229357798167), 'density_change': np.float64(0.025), 'degree_change': np.float64(0.06476190476190477), 'fraud_growth': np.float64(0.08484848484848487), 'clustering_change': np.float64(0.038262910798122066), 'feature_drift': np.float64(0.021607710543664074), 'variance_drift': np.float64(0.0011716300110994528), 'node_churn': np.float64(0.015137614678899083), 'structural_stability': np.float64(0.0)}"
178.0,21.0,10.0,0.15137614678899083,0.25,0.6476190476190476,0.4242424242424243,0.7652582159624413,0.14373920738083176,0.023432600221989057,3.0,0.6,0.9132666666666666,0.15137614678899083,1.0,0.0,0.28101865556343314,"{'growth_rate': np.float64(0.030275229357798167), 'density_change': np.float64(0.025), 'degree_change': np.float64(0.06476190476190477), 'fraud_growth': np.float64(0.08484848484848487), 'clustering_change': np.float64(0.038262910798122066), 'feature_drift': np.float64(0.021560881107124764), 'variance_drift': np.float64(0.0011716300110994528), 'node_churn': np.float64(0.015137614678899083), 'structural_stability': np.float64(0.0)}"
598.0,23.0,152.0,0.15137614678899083,0.25,0.6476190476190476,0.4242424242424243,0.7652582159624413,0.14351314687651692,0.023432600221989057,2.0,0.4,0.9094,0.15137614678899083,1.0,0.0,0.2809847464877859,"{'growth_rate': np.float64(0.030275229357798167), 'density_change': np.float64(0.025), 'degree_change': np.float64(0.06476190476190477), 'fraud_growth': np.float64(0.08484848484848487), 'clustering_change': np.float64(0.038262910798122066), 'feature_drift': np.float64(0.021526972031477538), 'variance_drift': np.float64(0.0011716300110994528), 'node_churn': np.float64(0.015137614678899083), 'structural_stability': np.float64(0.0)}"
671.0,23.0,16.0,0.15137614678899083,0.25,0.6476190476190476,0.4242424242424243,0.7652582159624413,0.1428193469562749,0.023432600221989057,2.0,0.4,0.96875,0.15137614678899083,1.0,0.0,0.28088067649974957,"{'growth_rate': np.float64(0.030275229357798167), 'density_change': np.float64(0.025), 'degree_change': np.float64(0.06476190476190477), 'fraud_growth': np.float64(0.08484848484848487), 'clustering_change': np.float64(0.038262910798122066), 'feature_drift': np.float64(0.021422902043441234), 'variance_drift': np.float64(0.0011716300110994528), 'node_churn': np.float64(0.015137614678899083), 'structural_stability': np.float64(0.0)}"
625.0,23.0,72.0,0.15137614678899083,0.25,0.518095238095238,0.4242424242424243,0.7652582159624413,0.17964726009363965,0.04868134532294648,2.0,0.4,0.8506,0.15137614678899083,0.877956081081081,0.0,0.2808171157189672,"{'growth_rate': np.float64(0.030275229357798167), 'density_change': np.float64(0.025), 'degree_change': np.float64(0.051809523809523805), 'fraud_growth': np.float64(0.08484848484848487), 'clustering_change': np.float64(0.038262910798122066), 'feature_drift': np.float64(0.02694708901404595), 'variance_drift': np.float64(0.0024340672661473245), 'node_churn': np.float64(0.015137614678899083), 'structural_stability': np.float64(0.006102195945945949)}"
823.0,24.0,130.0,0.15137614678899083,0.25,0.6476190476190476,0.4242424242424243,0.7652582159624413,0.13320189398701077,0.05077099606016668,2.0,0.4,0.9076,0.15137614678899083,1.0,0.0,0.2808049783462689,"{'growth_rate': np.float64(0.030275229357798167), 'density_change': np.float64(0.025), 'degree_change': np.float64(0.06476190476190477), 'fraud_growth': np.float64(0.08484848484848487), 'clustering_change': np.float64(0.038262910798122066), 'feature_drift': np.float64(0.019980284098051613), 'variance_drift': np.float64(0.0025385498030083345), 'node_churn': np.float64(0.015137614678899083), 'structural_stability': np.float64(0.0)}"
582.0,23.0,62.0,0.15137614678899083,0.25,0.6476190476190476,0.4242424242424243,0.7652582159624413,0.14276284316913057,0.021080945008468913,2.0,0.4,0.9682999999999999,0.15137614678899083,1.0,0.0,0.28075461817100195,"{'growth_rate': np.float64(0.030275229357798167), 'density_change': np.float64(0.025), 'degree_change': np.float64(0.06476190476190477), 'fraud_growth': np.float64(0.08484848484848487), 'clustering_change': np.float64(0.038262910798122066), 'feature_drift': np.float64(0.021414426475369584), 'variance_drift': np.float64(0.0010540472504234457), 'node_churn': np.float64(0.015137614678899083), 'structural_stability': np.float64(0.0)}"
401.0,22.0,203.0,0.15137614678899083,0.25,0.6476190476190476,0.4242424242424243,0.7652582159624413,0.14012032596903087,0.023432600221989057,2.0,0.4,0.90905,0.15137614678899083,1.0,0.0,0.280475823351663,"{'growth_rate': np.float64(0.030275229357798167), 'density_change': np.float64(0.025), 'degree_change': np.float64(0.06476190476190477), 'fraud_growth': np.float64(0.08484848484848487), 'clustering_change': np.float64(0.038262910798122066), 'feature_drift': np.float64(0.02101804889535463), 'variance_drift': np.float64(0.0011716300110994528), 'node_churn': np.float64(0.015137614678899083), 'structural_stability': np.float64(0.0)}"
601.0,23.0,122.0,0.12915028396679776,0.2916666666666667,0.6296296296296298,0.4242424242424243,0.7652582159624413,0.12043175796418047,0.047444535725715824,3.0,0.6,0.8159666666666667,0.12915028396679776,0.8811398354876613,0.0,0.28036610917280574,"{'growth_rate': np.float64(0.025830056793359552), 'density_change': np.float64(0.02916666666666667), 'degree_change': np.float64(0.06296296296296298), 'fraud_growth': np.float64(0.08484848484848487), 'clustering_change': np.float64(0.038262910798122066), 'feature_drift': np.float64(0.01806476369462707), 'variance_drift': np.float64(0.0023722267862857915), 'node_churn': np.float64(0.012915028396679776), 'structural_stability': np.float64(0.005943008225616936)}"
23.0,22.0,4.0,0.1310829676904667,0.28750000000000003,0.6454603174603175,0.4242424242424243,0.7652582159624413,0.11557610246352791,0.04692529438347313,4.0,0.8,0.7716,0.13108296769046673,0.9050482829552596,1.0,0.28016258364071855,"{'growth_rate': np.float64(0.026216593538093344), 'density_change': np.float64(0.028750000000000005), 'degree_change': np.float64(0.06454603174603175), 'fraud_growth': np.float64(0.08484848484848487), 'clustering_change': np.float64(0.038262910798122066), 'feature_drift': np.float64(0.017336415369529186), 'variance_drift': np.float64(0.0023462647191736566), 'node_churn': np.float64(0.013108296769046674), 'structural_stability': np.float64(0.004747585852237019)}"
390.0,22.0,308.0,0.15137614678899083,0.25,0.6476190476190476,0.4242424242424243,0.7652582159624413,0.13736119579472553,0.023432600221989057,2.0,0.4,0.9166000000000001,0.15137614678899083,1.0,0.0,0.2800619538255172,"{'growth_rate': np.float64(0.030275229357798167), 'density_change': np.float64(0.025), 'degree_change': np.float64(0.06476190476190477), 'fraud_growth': np.float64(0.08484848484848487), 'clustering_change': np.float64(0.038262910798122066), 'feature_drift': np.float64(0.020604179369208827), 'variance_drift': np.float64(0.0011716300110994528), 'node_churn': np.float64(0.015137614678899083), 'structural_stability': np.float64(0.0)}"
92.0,22.0,25.0,0.09951580020387363,0.375,0.5640552995391704,0.4242424242424243,0.7652582159624413,0.1047626749279177,0.004127589692187841,4.0,0.8,0.7762249999999999,0.09951580020387363,0.6615315315315314,0.0,0.2797158698089065,"{'growth_rate': np.float64(0.019903160040774727), 'density_change': np.float64(0.037500000000000006), 'degree_change': np.float64(0.056405529953917045), 'fraud_growth': np.float64(0.08484848484848487), 'clustering_change': np.float64(0.038262910798122066), 'feature_drift': np.float64(0.015714401239187655), 'variance_drift': np.float64(0.00020637948460939205), 'node_churn': np.float64(0.009951580020387363), 'structural_stability': np.float64(0.016923423423423428)}"
850.0,24.0,39.0,0.15137614678899083,0.25,0.6476190476190476,0.4242424242424243,0.7652582159624413,0.13413983849326672,0.023432600221989057,2.0,0.4,0.92075,0.15137614678899083,1.0,0.0,0.2795787502302984,"{'growth_rate': np.float64(0.030275229357798167), 'density_change': np.float64(0.025), 'degree_change': np.float64(0.06476190476190477), 'fraud_growth': np.float64(0.08484848484848487), 'clustering_change': np.float64(0.038262910798122066), 'feature_drift': np.float64(0.020120975773990007), 'variance_drift': np.float64(0.0011716300110994528), 'node_churn': np.float64(0.015137614678899083), 'structural_stability': np.float64(0.0)}"
303.0,21.0,209.0,0.15137614678899083,0.25,0.6476190476190476,0.4242424242424243,0.7652582159624413,0.13355695904090015,0.023432600221989057,5.0,1.0,0.8930800000000001,0.15137614678899083,1.0,0.0,0.2794913183124434,"{'growth_rate': np.float64(0.030275229357798167), 'density_change': np.float64(0.025), 'degree_change': np.float64(0.06476190476190477), 'fraud_growth': np.float64(0.08484848484848487), 'clustering_change': np.float64(0.038262910798122066), 'feature_drift': np.float64(0.02003354385613502), 'variance_drift': np.float64(0.0011716300110994528), 'node_churn': np.float64(0.015137614678899083), 'structural_stability': np.float64(0.0)}"
449.0,23.0,10.0,0.1372324159021407,0.275,0.6965502645502647,0.4242424242424243,0.7652582159624413,0.07555924394290961,0.024344339942189843,2.0,0.4,0.9561,0.13723241590214072,0.8920479261626914,0.0,0.27938485415268693,"{'growth_rate': np.float64(0.02744648318042814), 'density_change': np.float64(0.027500000000000004), 'degree_change': np.float64(0.06965502645502647), 'fraud_growth': np.float64(0.08484848484848487), 'clustering_change': np.float64(0.038262910798122066), 'feature_drift': np.float64(0.011333886591436441), 'variance_drift': np.float64(0.0012172169971094923), 'node_churn': np.float64(0.013723241590214073), 'structural_stability': np.float64(0.005397603691865433)}"
221.0,21.0,64.0,0.15137614678899083,0.25,0.6476190476190476,0.4242424242424243,0.7652582159624413,0.13196236342261425,0.023432600221989057,3.0,0.6,0.9084,0.15137614678899083,1.0,0.0,0.2792521289697005,"{'growth_rate': np.float64(0.030275229357798167), 'density_change': np.float64(0.025), 'degree_change': np.float64(0.06476190476190477), 'fraud_growth': np.float64(0.08484848484848487), 'clustering_change': np.float64(0.038262910798122066), 'feature_drift': np.float64(0.019794354513392138), 'variance_drift': np.float64(0.0011716300110994528), 'node_churn': np.float64(0.015137614678899083), 'structural_stability': np.float64(0.0)}"
408.0,22.0,408.0,0.15137614678899083,0.25,0.6476190476190476,0.4242424242424243,0.7652582159624413,0.13134561431018846,0.023432600221989057,2.0,0.4,0.93285,0.15137614678899083,1.0,0.0,0.2791596166028366,"{'growth_rate': np.float64(0.030275229357798167), 'density_change': np.float64(0.025), 'degree_change': np.float64(0.06476190476190477), 'fraud_growth': np.float64(0.08484848484848487), 'clustering_change': np.float64(0.038262910798122066), 'feature_drift': np.float64(0.01970184214652827), 'variance_drift': np.float64(0.0011716300110994528), 'node_churn': np.float64(0.015137614678899083), 'structural_stability': np.float64(0.0)}"
197.0,21.0,102.0,0.15137614678899083,0.25,0.6476190476190476,0.4242424242424243,0.7652582159624413,0.13047630024983967,0.023432600221989057,2.0,0.4,0.87095,0.15137614678899083,1.0,1.0,0.2790292194937843,"{'growth_rate': np.float64(0.030275229357798167), 'density_change': np.float64(0.025), 'degree_change': np.float64(0.06476190476190477), 'fraud_growth': np.float64(0.08484848484848487), 'clustering_change': np.float64(0.038262910798122066), 'feature_drift': np.float64(0.01957144503747595), 'variance_drift': np.float64(0.0011716300110994528), 'node_churn': np.float64(0.015137614678899083), 'structural_stability': np.float64(0.0)}"
180.0,24.0,202.0,0.15137614678899083,0.25,0.6476190476190476,0.4242424242424243,0.7652582159624413,0.12987428718933405,0.023432600221989057,5.0,1.0,0.92034,0.15137614678899083,1.0,0.0,0.27893891753470845,"{'growth_rate': np.float64(0.030275229357798167), 'density_change': np.float64(0.025), 'degree_change': np.float64(0.06476190476190477), 'fraud_growth': np.float64(0.08484848484848487), 'clustering_change': np.float64(0.038262910798122066), 'feature_drift': np.float64(0.01948114307840011), 'variance_drift': np.float64(0.0011716300110994528), 'node_churn': np.float64(0.015137614678899083), 'structural_stability': np.float64(0.0)}"
191.0,21.0,96.0,0.15137614678899083,0.25,0.6476190476190476,0.4242424242424243,0.7652582159624413,0.13212632861232582,0.016662797109717124,5.0,1.0,0.7872799999999999,0.15137614678899083,1.0,1.0,0.2789382335925436,"{'growth_rate': np.float64(0.030275229357798167), 'density_change': np.float64(0.025), 'degree_change': np.float64(0.06476190476190477), 'fraud_growth': np.float64(0.08484848484848487), 'clustering_change': np.float64(0.038262910798122066), 'feature_drift': np.float64(0.01981894929184887), 'variance_drift': np.float64(0.0008331398554858563), 'node_churn': np.float64(0.015137614678899083), 'structural_stability': np.float64(0.0)}"
802.0,23.0,138.0,0.15137614678899083,0.25,0.6476190476190476,0.4242424242424243,0.7652582159624413,0.12778422400687284,0.023432600221989057,2.0,0.4,0.9225,0.15137614678899083,1.0,0.0,0.27862540805733926,"{'growth_rate': np.float64(0.030275229357798167), 'density_change': np.float64(0.025), 'degree_change': np.float64(0.06476190476190477), 'fraud_growth': np.float64(0.08484848484848487), 'clustering_change': np.float64(0.038262910798122066), 'feature_drift': np.float64(0.019167633601030926), 'variance_drift': np.float64(0.0011716300110994528), 'node_churn': np.float64(0.015137614678899083), 'structural_stability': np.float64(0.0)}"
379.0,22.0,149.0,0.15137614678899083,0.25,0.6476190476190476,0.4242424242424243,0.7652582159624413,0.12762884750162828,0.023432600221989057,2.0,0.4,0.90215,0.15137614678899083,1.0,0.0,0.2786021015815526,"{'growth_rate': np.float64(0.030275229357798167), 'density_change': np.float64(0.025), 'degree_change': np.float64(0.06476190476190477), 'fraud_growth': np.float64(0.08484848484848487), 'clustering_change': np.float64(0.038262910798122066), 'feature_drift': np.float64(0.01914432712524424), 'variance_drift': np.float64(0.0011716300110994528), 'node_churn': np.float64(0.015137614678899083), 'structural_stability': np.float64(0.0)}"
786.0,23.0,60.0,0.15137614678899083,0.25,0.6476190476190476,0.4242424242424243,0.7652582159624413,0.1261934787848008,0.023432600221989057,3.0,0.6,0.9170999999999999,0.15137614678899083,1.0,0.0,0.27838679627402846,"{'growth_rate': np.float64(0.030275229357798167), 'density_change': np.float64(0.025), 'degree_change': np.float64(0.06476190476190477), 'fraud_growth': np.float64(0.08484848484848487), 'clustering_change': np.float64(0.038262910798122066), 'feature_drift': np.float64(0.01892902181772012), 'variance_drift': np.float64(0.0011716300110994528), 'node_churn': np.float64(0.015137614678899083), 'structural_stability': np.float64(0.0)}"
383.0,24.0,109.0,0.15137614678899083,0.25,0.6476190476190476,0.4242424242424243,0.7652582159624413,0.1259589306327152,0.023432600221989057,4.0,0.8,0.9438249999999999,0.15137614678899083,1.0,0.0,0.2783516140512156,"{'growth_rate': np.float64(0.030275229357798167), 'density_change': np.float64(0.025), 'degree_change': np.float64(0.06476190476190477), 'fraud_growth': np.float64(0.08484848484848487), 'clustering_change': np.float64(0.038262910798122066), 'feature_drift': np.float64(0.018893839594907282), 'variance_drift': np.float64(0.0011716300110994528), 'node_churn': np.float64(0.015137614678899083), 'structural_stability': np.float64(0.0)}"
532.0,23.0,167.0,0.15137614678899083,0.25,0.6476190476190476,0.4242424242424243,0.7652582159624413,0.1254021471989759,0.023432600221989057,2.0,0.4,0.915,0.15137614678899083,1.0,0.0,0.27826809653615475,"{'growth_rate': np.float64(0.030275229357798167), 'density_change': np.float64(0.025), 'degree_change': np.float64(0.06476190476190477), 'fraud_growth': np.float64(0.08484848484848487), 'clustering_change': np.float64(0.038262910798122066), 'feature_drift': np.float64(0.018810322079846387), 'variance_drift': np.float64(0.0011716300110994528), 'node_churn': np.float64(0.015137614678899083), 'structural_stability': np.float64(0.0)}"
375.0,22.0,130.0,0.15137614678899083,0.25,0.6476190476190476,0.4242424242424243,0.7652582159624413,0.12512534848443205,0.023432600221989057,2.0,0.4,0.9855,0.15137614678899083,1.0,0.0,0.27822657672897316,"{'growth_rate': np.float64(0.030275229357798167), 'density_change': np.float64(0.025), 'degree_change': np.float64(0.06476190476190477), 'fraud_growth': np.float64(0.08484848484848487), 'clustering_change': np.float64(0.038262910798122066), 'feature_drift': np.float64(0.018768802272664805), 'variance_drift': np.float64(0.0011716300110994528), 'node_churn': np.float64(0.015137614678899083), 'structural_stability': np.float64(0.0)}"
132.0,22.0,227.0,0.15137614678899083,0.25,0.6476190476190476,0.4242424242424243,0.7652582159624413,0.12506730336732572,0.023432600221989057,3.0,0.6,0.9544999999999999,0.15137614678899083,1.0,0.0,0.2782178699614072,"{'growth_rate': np.float64(0.030275229357798167), 'density_change': np.float64(0.025), 'degree_change': np.float64(0.06476190476190477), 'fraud_growth': np.float64(0.08484848484848487), 'clustering_change': np.float64(0.038262910798122066), 'feature_drift': np.float64(0.018760095505098856), 'variance_drift': np.float64(0.0011716300110994528), 'node_churn': np.float64(0.015137614678899083), 'structural_stability': np.float64(0.0)}"
395.0,22.0,520.0,0.15137614678899083,0.25,0.6476190476190476,0.4242424242424243,0.7652582159624413,0.12470912600221194,0.023432600221989057,2.0,0.4,0.9512,0.15137614678899083,1.0,0.0,0.27816414335664014,"{'growth_rate': np.float64(0.030275229357798167), 'density_change': np.float64(0.025), 'degree_change': np.float64(0.06476190476190477), 'fraud_growth': np.float64(0.08484848484848487), 'clustering_change': np.float64(0.038262910798122066), 'feature_drift': np.float64(0.01870636890033179), 'variance_drift': np.float64(0.0011716300110994528), 'node_churn': np.float64(0.015137614678899083), 'structural_stability': np.float64(0.0)}"
696.0,23.0,127.0,0.15137614678899083,0.25,0.6476190476190476,0.4242424242424243,0.7652582159624413,0.12459831013391055,0.023432600221989057,2.0,0.4,0.88235,0.15137614678899083,1.0,0.0,0.27814752097639495,"{'growth_rate': np.float64(0.030275229357798167), 'density_change': np.float64(0.025), 'degree_change': np.float64(0.06476190476190477), 'fraud_growth': np.float64(0.08484848484848487), 'clustering_change': np.float64(0.038262910798122066), 'feature_drift': np.float64(0.01868974652008658), 'variance_drift': np.float64(0.0011716300110994528), 'node_churn': np.float64(0.015137614678899083), 'structural_stability': np.float64(0.0)}"
818.0,24.0,3.0,0.10866762607183547,0.3445945945945946,0.6231805929919138,0.4242424242424243,0.7652582159624413,0.08061972732302772,0.03270253984831147,2.0,0.4,0.8443,0.1086676260718355,0.7621427966255551,0.0,0.2781101484864004,"{'growth_rate': np.float64(0.021733525214367097), 'density_change': np.float64(0.03445945945945946), 'degree_change': np.float64(0.062318059299191375), 'fraud_growth': np.float64(0.08484848484848487), 'clustering_change': np.float64(0.038262910798122066), 'feature_drift': np.float64(0.012092959098454157), 'variance_drift': np.float64(0.0016351269924155737), 'node_churn': np.float64(0.01086676260718355), 'structural_stability': np.float64(0.011892860168722248)}"
74.0,24.0,248.0,0.09951580020387363,0.375,0.48571428571428577,0.4242424242424243,0.7652582159624413,0.12856748724736175,0.002350979368488589,5.0,1.0,0.76484,0.09951580020387363,0.6094594594594595,0.0,0.27796726336175326,"{'growth_rate': np.float64(0.019903160040774727), 'density_change': np.float64(0.037500000000000006), 'degree_change': np.float64(0.04857142857142858), 'fraud_growth': np.float64(0.08484848484848487), 'clustering_change': np.float64(0.038262910798122066), 'feature_drift': np.float64(0.019285123087104263), 'variance_drift': np.float64(0.00011754896842442945), 'node_churn': np.float64(0.009951580020387363), 'structural_stability': np.float64(0.01952702702702703)}"
657.0,23.0,164.0,0.15137614678899083,0.25,0.6476190476190476,0.4242424242424243,0.7652582159624413,0.12298396583582676,0.023432600221989057,3.0,0.6,0.8894333333333333,0.15137614678899083,1.0,0.0,0.27790536933168236,"{'growth_rate': np.float64(0.030275229357798167), 'density_change': np.float64(0.025), 'degree_change': np.float64(0.06476190476190477), 'fraud_growth': np.float64(0.08484848484848487), 'clustering_change': np.float64(0.038262910798122066), 'feature_drift': np.float64(0.018447594875374014), 'variance_drift': np.float64(0.0011716300110994528), 'node_churn': np.float64(0.015137614678899083), 'structural_stability': np.float64(0.0)}"
303.0,23.0,190.0,0.15137614678899083,0.25,0.6476190476190476,0.4242424242424243,0.7652582159624413,0.11931772346849741,0.023432600221989057,5.0,1.0,0.8930800000000001,0.15137614678899083,1.0,0.0,0.27735543297658294,"{'growth_rate': np.float64(0.030275229357798167), 'density_change': np.float64(0.025), 'degree_change': np.float64(0.06476190476190477), 'fraud_growth': np.float64(0.08484848484848487), 'clustering_change': np.float64(0.038262910798122066), 'feature_drift': np.float64(0.017897658520274612), 'variance_drift': np.float64(0.0011716300110994528), 'node_churn': np.float64(0.015137614678899083), 'structural_stability': np.float64(0.0)}"
229.0,21.0,180.0,0.15137614678899083,0.25,0.6476190476190476,0.4242424242424243,0.7652582159624413,0.11879763647090573,0.023432600221989057,2.0,0.4,0.9168000000000001,0.15137614678899083,1.0,0.0,0.2772774199269442,"{'growth_rate': np.float64(0.030275229357798167), 'density_change': np.float64(0.025), 'degree_change': np.float64(0.06476190476190477), 'fraud_growth': np.float64(0.08484848484848487), 'clustering_change': np.float64(0.038262910798122066), 'feature_drift': np.float64(0.01781964547063586), 'variance_drift': np.float64(0.0011716300110994528), 'node_churn': np.float64(0.015137614678899083), 'structural_stability': np.float64(0.0)}"
85.0,22.0,476.0,0.15137614678899083,0.25,0.6476190476190476,0.4242424242424243,0.7652582159624413,0.11720477783012424,0.023432600221989057,5.0,1.0,0.86014,0.15137614678899083,1.0,1.0,0.277038491130827,"{'growth_rate': np.float64(0.030275229357798167), 'density_change': np.float64(0.025), 'degree_change': np.float64(0.06476190476190477), 'fraud_growth': np.float64(0.08484848484848487), 'clustering_change': np.float64(0.038262910798122066), 'feature_drift': np.float64(0.017580716674518635), 'variance_drift': np.float64(0.0011716300110994528), 'node_churn': np.float64(0.015137614678899083), 'structural_stability': np.float64(0.0)}"
874.0,24.0,60.0,0.15137614678899083,0.25,0.6476190476190476,0.4242424242424243,0.7652582159624413,0.11714540337607574,0.023432600221989057,2.0,0.4,0.9209499999999999,0.15137614678899083,1.0,0.0,0.27702958496271973,"{'growth_rate': np.float64(0.030275229357798167), 'density_change': np.float64(0.025), 'degree_change': np.float64(0.06476190476190477), 'fraud_growth': np.float64(0.08484848484848487), 'clustering_change': np.float64(0.038262910798122066), 'feature_drift': np.float64(0.01757181050641136), 'variance_drift': np.float64(0.0011716300110994528), 'node_churn': np.float64(0.015137614678899083), 'structural_stability': np.float64(0.0)}"
670.0,23.0,168.0,0.15137614678899083,0.25,0.6476190476190476,0.4242424242424243,0.7652582159624413,0.11706893729845269,0.023432600221989057,3.0,0.6,0.8735333333333334,0.15137614678899083,1.0,0.0,0.27701811505107626,"{'growth_rate': np.float64(0.030275229357798167), 'density_change': np.float64(0.025), 'degree_change': np.float64(0.06476190476190477), 'fraud_growth': np.float64(0.08484848484848487), 'clustering_change': np.float64(0.038262910798122066), 'feature_drift': np.float64(0.017560340594767902), 'variance_drift': np.float64(0.0011716300110994528), 'node_churn': np.float64(0.015137614678899083), 'structural_stability': np.float64(0.0)}"
878.0,24.0,117.0,0.15137614678899083,0.25,0.6476190476190476,0.4242424242424243,0.7652582159624413,0.11677689113503799,0.023432600221989057,2.0,0.4,0.92765,0.15137614678899083,1.0,0.0,0.27697430812656404,"{'growth_rate': np.float64(0.030275229357798167), 'density_change': np.float64(0.025), 'degree_change': np.float64(0.06476190476190477), 'fraud_growth': np.float64(0.08484848484848487), 'clustering_change': np.float64(0.038262910798122066), 'feature_drift': np.float64(0.0175165336702557), 'variance_drift': np.float64(0.0011716300110994528), 'node_churn': np.float64(0.015137614678899083), 'structural_stability': np.float64(0.0)}"
392.0,22.0,517.0,0.15137614678899083,0.25,0.6476190476190476,0.4242424242424243,0.7652582159624413,0.1160836476219791,0.023432600221989057,3.0,0.6,0.9182333333333333,0.15137614678899083,1.0,0.0,0.27687032159960523,"{'growth_rate': np.float64(0.030275229357798167), 'density_change': np.float64(0.025), 'degree_change': np.float64(0.06476190476190477), 'fraud_growth': np.float64(0.08484848484848487), 'clustering_change': np.float64(0.038262910798122066), 'feature_drift': np.float64(0.017412547143296864), 'variance_drift': np.float64(0.0011716300110994528), 'node_churn': np.float64(0.015137614678899083), 'structural_stability': np.float64(0.0)}"
877.0,24.0,13.0,0.15137614678899083,0.25,0.6476190476190476,0.4242424242424243,0.7652582159624413,0.11553783633392438,0.023432600221989057,2.0,0.4,0.9677,0.15137614678899083,1.0,0.0,0.276788449906397,"{'growth_rate': np.float64(0.030275229357798167), 'density_change': np.float64(0.025), 'degree_change': np.float64(0.06476190476190477), 'fraud_growth': np.float64(0.08484848484848487), 'clustering_change': np.float64(0.038262910798122066), 'feature_drift': np.float64(0.017330675450088658), 'variance_drift': np.float64(0.0011716300110994528), 'node_churn': np.float64(0.015137614678899083), 'structural_stability': np.float64(0.0)}"
381.0,24.0,19.0,0.15137614678899083,0.25,0.6476190476190476,0.4242424242424243,0.7652582159624413,0.11590569003345846,0.022271716839378473,4.0,0.8,0.851575,0.15137614678899083,1.0,0.0,0.2767855837921966,"{'growth_rate': np.float64(0.030275229357798167), 'density_change': np.float64(0.025), 'degree_change': np.float64(0.06476190476190477), 'fraud_growth': np.float64(0.08484848484848487), 'clustering_change': np.float64(0.038262910798122066), 'feature_drift': np.float64(0.01738585350501877), 'variance_drift': np.float64(0.0011135858419689237), 'node_churn': np.float64(0.015137614678899083), 'structural_stability': np.float64(0.0)}"
286.0,22.0,305.0,0.15137614678899083,0.25,0.6476190476190476,0.4242424242424243,0.7652582159624413,0.11526184894127182,0.023432600221989057,3.0,0.6,0.9603666666666667,0.15137614678899083,1.0,0.0,0.27674705179749914,"{'growth_rate': np.float64(0.030275229357798167), 'density_change': np.float64(0.025), 'degree_change': np.float64(0.06476190476190477), 'fraud_growth': np.float64(0.08484848484848487), 'clustering_change': np.float64(0.038262910798122066), 'feature_drift': np.float64(0.017289277341190772), 'variance_drift': np.float64(0.0011716300110994528), 'node_churn': np.float64(0.015137614678899083), 'structural_stability': np.float64(0.0)}"
221.0,22.0,160.0,0.15137614678899083,0.25,0.6476190476190476,0.4242424242424243,0.7652582159624413,0.11421189384888907,0.023432600221989057,3.0,0.6,0.9084,0.15137614678899083,1.0,0.0,0.2765895585336417,"{'growth_rate': np.float64(0.030275229357798167), 'density_change': np.float64(0.025), 'degree_change': np.float64(0.06476190476190477), 'fraud_growth': np.float64(0.08484848484848487), 'clustering_change': np.float64(0.038262910798122066), 'feature_drift': np.float64(0.01713178407733336), 'variance_drift': np.float64(0.0011716300110994528), 'node_churn': np.float64(0.015137614678899083), 'structural_stability': np.float64(0.0)}"
323.0,23.0,15.0,0.15137614678899083,0.25,0.6476190476190476,0.4242424242424243,0.7652582159624413,0.11365760158212018,0.023432600221989057,4.0,0.8,0.939975,0.15137614678899083,1.0,0.0,0.27650641469362636,"{'growth_rate': np.float64(0.030275229357798167), 'density_change': np.float64(0.025), 'degree_change': np.float64(0.06476190476190477), 'fraud_growth': np.float64(0.08484848484848487), 'clustering_change': np.float64(0.038262910798122066), 'feature_drift': np.float64(0.017048640237318027), 'variance_drift': np.float64(0.0011716300110994528), 'node_churn': np.float64(0.015137614678899083), 'structural_stability': np.float64(0.0)}"
111.0,22.0,138.0,0.15137614678899083,0.25,0.6476190476190476,0.4242424242424243,0.7652582159624413,0.08533875710338279,0.10731605447709888,3.0,0.6,0.8663666666666666,0.15137614678899083,1.0,1.0,0.2764527607345713,"{'growth_rate': np.float64(0.030275229357798167), 'density_change': np.float64(0.025), 'degree_change': np.float64(0.06476190476190477), 'fraud_growth': np.float64(0.08484848484848487), 'clustering_change': np.float64(0.038262910798122066), 'feature_drift': np.float64(0.012800813565507418), 'variance_drift': np.float64(0.005365802723854944), 'node_churn': np.float64(0.015137614678899083), 'structural_stability': np.float64(0.0)}"
121.0,22.0,118.0,0.15137614678899083,0.25,0.6476190476190476,0.4242424242424243,0.7652582159624413,0.1039021149239552,0.05123585778580094,5.0,1.0,0.81692,0.15137614678899083,1.0,0.0,0.27643325457309226,"{'growth_rate': np.float64(0.030275229357798167), 'density_change': np.float64(0.025), 'degree_change': np.float64(0.06476190476190477), 'fraud_growth': np.float64(0.08484848484848487), 'clustering_change': np.float64(0.038262910798122066), 'feature_drift': np.float64(0.015585317238593278), 'variance_drift': np.float64(0.0025617928892900472), 'node_churn': np.float64(0.015137614678899083), 'structural_stability': np.float64(0.0)}"
147.0,22.0,375.0,0.15137614678899083,0.25,0.6476190476190476,0.4242424242424243,0.7652582159624413,0.11211521213849861,0.023432600221989057,3.0,0.6,0.8967333333333333,0.15137614678899083,1.0,0.0,0.27627505627708315,"{'growth_rate': np.float64(0.030275229357798167), 'density_change': np.float64(0.025), 'degree_change': np.float64(0.06476190476190477), 'fraud_growth': np.float64(0.08484848484848487), 'clustering_change': np.float64(0.038262910798122066), 'feature_drift': np.float64(0.016817281820774792), 'variance_drift': np.float64(0.0011716300110994528), 'node_churn': np.float64(0.015137614678899083), 'structural_stability': np.float64(0.0)}"
261.0,21.0,133.0,0.15137614678899083,0.25,0.6476190476190476,0.4242424242424243,0.7652582159624413,0.11126371869814232,0.023432600221989057,5.0,1.0,0.92978,0.15137614678899083,1.0,0.0,0.2761473322610297,"{'growth_rate': np.float64(0.030275229357798167), 'density_change': np.float64(0.025), 'degree_change': np.float64(0.06476190476190477), 'fraud_growth': np.float64(0.08484848484848487), 'clustering_change': np.float64(0.038262910798122066), 'feature_drift': np.float64(0.016689557804721346), 'variance_drift': np.float64(0.0011716300110994528), 'node_churn': np.float64(0.015137614678899083), 'structural_stability': np.float64(0.0)}"
879.0,24.0,144.0,0.15137614678899083,0.25,0.6476190476190476,0.4242424242424243,0.7652582159624413,0.111237042324522,0.023432600221989057,2.0,0.4,0.91355,0.15137614678899083,1.0,0.0,0.27614333080498665,"{'growth_rate': np.float64(0.030275229357798167), 'density_change': np.float64(0.025), 'degree_change': np.float64(0.06476190476190477), 'fraud_growth': np.float64(0.08484848484848487), 'clustering_change': np.float64(0.038262910798122066), 'feature_drift': np.float64(0.0166855563486783), 'variance_drift': np.float64(0.0011716300110994528), 'node_churn': np.float64(0.015137614678899083), 'structural_stability': np.float64(0.0)}"
299.0,22.0,44.0,0.15137614678899083,0.25,0.6476190476190476,0.4242424242424243,0.7652582159624413,0.11065980054222946,0.023432600221989057,3.0,0.6,0.8828,0.15137614678899083,1.0,0.0,0.2760567445376428,"{'growth_rate': np.float64(0.030275229357798167), 'density_change': np.float64(0.025), 'degree_change': np.float64(0.06476190476190477), 'fraud_growth': np.float64(0.08484848484848487), 'clustering_change': np.float64(0.038262910798122066), 'feature_drift': np.float64(0.01659897008133442), 'variance_drift': np.float64(0.0011716300110994528), 'node_churn': np.float64(0.015137614678899083), 'structural_stability': np.float64(0.0)}"
754.0,23.0,59.0,0.15137614678899083,0.25,0.6476190476190476,0.4242424242424243,0.7652582159624413,0.11040023702528796,0.023432600221989057,3.0,0.6,0.9115666666666667,0.15137614678899083,1.0,0.0,0.27601781001010156,"{'growth_rate': np.float64(0.030275229357798167), 'density_change': np.float64(0.025), 'degree_change': np.float64(0.06476190476190477), 'fraud_growth': np.float64(0.08484848484848487), 'clustering_change': np.float64(0.038262910798122066), 'feature_drift': np.float64(0.016560035553793193), 'variance_drift': np.float64(0.0011716300110994528), 'node_churn': np.float64(0.015137614678899083), 'structural_stability': np.float64(0.0)}"
657.0,24.0,15.0,0.15137614678899083,0.25,0.6476190476190476,0.4242424242424243,0.7652582159624413,0.1093071541933777,0.023432600221989057,3.0,0.6,0.8894333333333333,0.15137614678899083,1.0,0.0,0.275853847585315,"{'growth_rate': np.float64(0.030275229357798167), 'density_change': np.float64(0.025), 'degree_change': np.float64(0.06476190476190477), 'fraud_growth': np.float64(0.08484848484848487), 'clustering_change': np.float64(0.038262910798122066), 'feature_drift': np.float64(0.016396073129006657), 'variance_drift': np.float64(0.0011716300110994528), 'node_churn': np.float64(0.015137614678899083), 'structural_stability': np.float64(0.0)}"
333.0,23.0,185.0,0.15137614678899083,0.25,0.6476190476190476,0.4242424242424243,0.7652582159624413,0.10733060472594728,0.023432600221989057,4.0,0.8,0.9091,0.15137614678899083,1.0,0.0,0.27555736516520046,"{'growth_rate': np.float64(0.030275229357798167), 'density_change': np.float64(0.025), 'degree_change': np.float64(0.06476190476190477), 'fraud_growth': np.float64(0.08484848484848487), 'clustering_change': np.float64(0.038262910798122066), 'feature_drift': np.float64(0.01609959070889209), 'variance_drift': np.float64(0.0011716300110994528), 'node_churn': np.float64(0.015137614678899083), 'structural_stability': np.float64(0.0)}"
491.0,24.0,33.0,0.12359381826124947,0.29347826086956524,0.5945355191256833,0.4242424242424243,0.7652582159624413,0.12035661315665923,0.0154862688627901,3.0,0.6,0.9380666666666667,0.12359381826124947,0.8465367184171911,0.0,0.2754918886202854,"{'growth_rate': np.float64(0.024718763652249898), 'density_change': np.float64(0.029347826086956526), 'degree_change': np.float64(0.05945355191256833), 'fraud_growth': np.float64(0.08484848484848487), 'clustering_change': np.float64(0.038262910798122066), 'feature_drift': np.float64(0.018053491973498884), 'variance_drift': np.float64(0.0007743134431395051), 'node_churn': np.float64(0.012359381826124949), 'structural_stability': np.float64(0.007673164079140444)}"
797.0,23.0,75.0,0.15137614678899083,0.25,0.6476190476190476,0.4242424242424243,0.7652582159624413,0.10592428244265382,0.023432600221989057,2.0,0.4,0.94475,0.15137614678899083,1.0,0.0,0.27534641682270644,"{'growth_rate': np.float64(0.030275229357798167), 'density_change': np.float64(0.025), 'degree_change': np.float64(0.06476190476190477), 'fraud_growth': np.float64(0.08484848484848487), 'clustering_change': np.float64(0.038262910798122066), 'feature_drift': np.float64(0.015888642366398073), 'variance_drift': np.float64(0.0011716300110994528), 'node_churn': np.float64(0.015137614678899083), 'structural_stability': np.float64(0.0)}"
382.0,23.0,154.0,0.15137614678899083,0.25,0.6476190476190476,0.4242424242424243,0.7652582159624413,0.10540252681670256,0.023432600221989057,3.0,0.6,0.8661666666666665,0.15137614678899083,1.0,0.0,0.2752681534788137,"{'growth_rate': np.float64(0.030275229357798167), 'density_change': np.float64(0.025), 'degree_change': np.float64(0.06476190476190477), 'fraud_growth': np.float64(0.08484848484848487), 'clustering_change': np.float64(0.038262910798122066), 'feature_drift': np.float64(0.015810379022505382), 'variance_drift': np.float64(0.0011716300110994528), 'node_churn': np.float64(0.015137614678899083), 'structural_stability': np.float64(0.0)}"
187.0,22.0,348.0,0.15137614678899083,0.25,0.6476190476190476,0.4242424242424243,0.7652582159624413,0.10521988872225574,0.023432600221989057,3.0,0.6,0.8986666666666667,0.15137614678899083,1.0,0.0,0.27524075776464674,"{'growth_rate': np.float64(0.030275229357798167), 'density_change': np.float64(0.025), 'degree_change': np.float64(0.06476190476190477), 'fraud_growth': np.float64(0.08484848484848487), 'clustering_change': np.float64(0.038262910798122066), 'feature_drift': np.float64(0.01578298330833836), 'variance_drift': np.float64(0.0011716300110994528), 'node_churn': np.float64(0.015137614678899083), 'structural_stability': np.float64(0.0)}"
303.0,22.0,490.0,0.15137614678899083,0.25,0.6476190476190476,0.4242424242424243,0.7652582159624413,0.10520849224425348,0.023432600221989057,5.0,1.0,0.8930800000000001,0.15137614678899083,1.0,0.0,0.2752390482929464,"{'growth_rate': np.float64(0.030275229357798167), 'density_change': np.float64(0.025), 'degree_change': np.float64(0.06476190476190477), 'fraud_growth': np.float64(0.08484848484848487), 'clustering_change': np.float64(0.038262910798122066), 'feature_drift': np.float64(0.01578127383663802), 'variance_drift': np.float64(0.0011716300110994528), 'node_churn': np.float64(0.015137614678899083), 'structural_stability': np.float64(0.0)}"
85.0,21.0,171.0,0.15137614678899083,0.25,0.6476190476190476,0.4242424242424243,0.7652582159624413,0.10483586594499368,0.023432600221989057,5.0,1.0,0.86014,0.15137614678899083,1.0,1.0,0.2751831543480574,"{'growth_rate': np.float64(0.030275229357798167), 'density_change': np.float64(0.025), 'degree_change': np.float64(0.06476190476190477), 'fraud_growth': np.float64(0.08484848484848487), 'clustering_change': np.float64(0.038262910798122066), 'feature_drift': np.float64(0.01572537989174905), 'variance_drift': np.float64(0.0011716300110994528), 'node_churn': np.float64(0.015137614678899083), 'structural_stability': np.float64(0.0)}"
303.0,24.0,184.0,0.15137614678899083,0.25,0.6476190476190476,0.4242424242424243,0.7652582159624413,0.10474056870870821,0.023432600221989057,5.0,1.0,0.8930800000000001,0.15137614678899083,1.0,0.0,0.27516885976261457,"{'growth_rate': np.float64(0.030275229357798167), 'density_change': np.float64(0.025), 'degree_change': np.float64(0.06476190476190477), 'fraud_growth': np.float64(0.08484848484848487), 'clustering_change': np.float64(0.038262910798122066), 'feature_drift': np.float64(0.01571108530630623), 'variance_drift': np.float64(0.0011716300110994528), 'node_churn': np.float64(0.015137614678899083), 'structural_stability': np.float64(0.0)}"
602.0,23.0,32.0,0.15137614678899083,0.25,0.6476190476190476,0.4242424242424243,0.7652582159624413,0.10411516630603707,0.023432600221989057,3.0,0.6,0.8985,0.15137614678899083,1.0,0.0,0.2750750494022139,"{'growth_rate': np.float64(0.030275229357798167), 'density_change': np.float64(0.025), 'degree_change': np.float64(0.06476190476190477), 'fraud_growth': np.float64(0.08484848484848487), 'clustering_change': np.float64(0.038262910798122066), 'feature_drift': np.float64(0.01561727494590556), 'variance_drift': np.float64(0.0011716300110994528), 'node_churn': np.float64(0.015137614678899083), 'structural_stability': np.float64(0.0)}"
387.0,22.0,443.0,0.15137614678899083,0.25,0.6476190476190476,0.4242424242424243,0.7652582159624413,0.10372484822457309,0.023432600221989057,2.0,0.4,0.92265,0.15137614678899083,1.0,0.0,0.2750165016899943,"{'growth_rate': np.float64(0.030275229357798167), 'density_change': np.float64(0.025), 'degree_change': np.float64(0.06476190476190477), 'fraud_growth': np.float64(0.08484848484848487), 'clustering_change': np.float64(0.038262910798122066), 'feature_drift': np.float64(0.015558727233685963), 'variance_drift': np.float64(0.0011716300110994528), 'node_churn': np.float64(0.015137614678899083), 'structural_stability': np.float64(0.0)}"
369.0,22.0,247.0,0.15137614678899083,0.25,0.6476190476190476,0.4242424242424243,0.7652582159624413,0.10366748273799614,0.023432600221989057,2.0,0.4,0.95585,0.15137614678899083,1.0,0.0,0.2750078968670078,"{'growth_rate': np.float64(0.030275229357798167), 'density_change': np.float64(0.025), 'degree_change': np.float64(0.06476190476190477), 'fraud_growth': np.float64(0.08484848484848487), 'clustering_change': np.float64(0.038262910798122066), 'feature_drift': np.float64(0.01555012241069942), 'variance_drift': np.float64(0.0011716300110994528), 'node_churn': np.float64(0.015137614678899083), 'structural_stability': np.float64(0.0)}"
762.0,23.0,128.0,0.15137614678899083,0.25,0.6476190476190476,0.4242424242424243,0.7652582159624413,0.10331201504539997,0.023432600221989057,2.0,0.4,0.9460999999999999,0.15137614678899083,1.0,0.0,0.27495457671311835,"{'growth_rate': np.float64(0.030275229357798167), 'density_change': np.float64(0.025), 'degree_change': np.float64(0.06476190476190477), 'fraud_growth': np.float64(0.08484848484848487), 'clustering_change': np.float64(0.038262910798122066), 'feature_drift': np.float64(0.015496802256809994), 'variance_drift': np.float64(0.0011716300110994528), 'node_churn': np.float64(0.015137614678899083), 'structural_stability': np.float64(0.0)}"
55.0,22.0,316.0,0.12025993883792052,0.3125,0.6071428571428572,0.4242424242424243,0.7652582159624413,0.09498847689298778,0.006485015523156223,5.0,1.0,0.7614,0.12025993883792052,0.8157827638959712,1.0,0.2749370471275762,"{'growth_rate': np.float64(0.024051987767584104), 'density_change': np.float64(0.03125), 'degree_change': np.float64(0.06071428571428572), 'fraud_growth': np.float64(0.08484848484848487), 'clustering_change': np.float64(0.038262910798122066), 'feature_drift': np.float64(0.014248271533948167), 'variance_drift': np.float64(0.0003242507761578112), 'node_churn': np.float64(0.012025993883792052), 'structural_stability': np.float64(0.009210861805201443)}"
774.0,24.0,101.0,0.15137614678899083,0.25,0.6476190476190476,0.4242424242424243,0.7652582159624413,0.10317765865869388,0.023432600221989057,3.0,0.6,0.9522666666666666,0.15137614678899083,1.0,0.0,0.2749344232551124,"{'growth_rate': np.float64(0.030275229357798167), 'density_change': np.float64(0.025), 'degree_change': np.float64(0.06476190476190477), 'fraud_growth': np.float64(0.08484848484848487), 'clustering_change': np.float64(0.038262910798122066), 'feature_drift': np.float64(0.015476648798804081), 'variance_drift': np.float64(0.0011716300110994528), 'node_churn': np.float64(0.015137614678899083), 'structural_stability': np.float64(0.0)}"
318.0,22.0,463.0,0.15137614678899083,0.25,0.6476190476190476,0.4242424242424243,0.7652582159624413,0.10267015406024685,0.023432600221989057,3.0,0.6,0.9463666666666667,0.15137614678899083,1.0,0.0,0.27485829756534536,"{'growth_rate': np.float64(0.030275229357798167), 'density_change': np.float64(0.025), 'degree_change': np.float64(0.06476190476190477), 'fraud_growth': np.float64(0.08484848484848487), 'clustering_change': np.float64(0.038262910798122066), 'feature_drift': np.float64(0.015400523109037027), 'variance_drift': np.float64(0.0011716300110994528), 'node_churn': np.float64(0.015137614678899083), 'structural_stability': np.float64(0.0)}"
685.0,23.0,123.0,0.15137614678899083,0.25,0.6476190476190476,0.4242424242424243,0.7652582159624413,0.102646095254413,0.023432600221989057,2.0,0.4,0.9340999999999999,0.15137614678899083,1.0,0.0,0.2748546887444703,"{'growth_rate': np.float64(0.030275229357798167), 'density_change': np.float64(0.025), 'degree_change': np.float64(0.06476190476190477), 'fraud_growth': np.float64(0.08484848484848487), 'clustering_change': np.float64(0.038262910798122066), 'feature_drift': np.float64(0.015396914288161949), 'variance_drift': np.float64(0.0011716300110994528), 'node_churn': np.float64(0.015137614678899083), 'structural_stability': np.float64(0.0)}"
517.0,24.0,7.0,0.15137614678899083,0.25,0.6476190476190476,0.4242424242424243,0.7652582159624413,0.1022460558265746,0.023432600221989057,3.0,0.6,0.9019,0.15137614678899083,1.0,0.0,0.27479468283029457,"{'growth_rate': np.float64(0.030275229357798167), 'density_change': np.float64(0.025), 'degree_change': np.float64(0.06476190476190477), 'fraud_growth': np.float64(0.08484848484848487), 'clustering_change': np.float64(0.038262910798122066), 'feature_drift': np.float64(0.015336908373986189), 'variance_drift': np.float64(0.0011716300110994528), 'node_churn': np.float64(0.015137614678899083), 'structural_stability': np.float64(0.0)}"
136.0,21.0,5.0,0.15137614678899083,0.25,0.6476190476190476,0.4242424242424243,0.7652582159624413,0.10211497051379403,0.023432600221989057,3.0,0.6,0.9165666666666666,0.15137614678899083,1.0,0.0,0.27477502003337745,"{'growth_rate': np.float64(0.030275229357798167), 'density_change': np.float64(0.025), 'degree_change': np.float64(0.06476190476190477), 'fraud_growth': np.float64(0.08484848484848487), 'clustering_change': np.float64(0.038262910798122066), 'feature_drift': np.float64(0.015317245577069104), 'variance_drift': np.float64(0.0011716300110994528), 'node_churn': np.float64(0.015137614678899083), 'structural_stability': np.float64(0.0)}"
719.0,23.0,155.0,0.15137614678899083,0.25,0.6476190476190476,0.4242424242424243,0.7652582159624413,0.10165997946729378,0.023432600221989057,2.0,0.4,0.9203,0.15137614678899083,1.0,0.0,0.2747067713764024,"{'growth_rate': np.float64(0.030275229357798167), 'density_change': np.float64(0.025), 'degree_change': np.float64(0.06476190476190477), 'fraud_growth': np.float64(0.08484848484848487), 'clustering_change': np.float64(0.038262910798122066), 'feature_drift': np.float64(0.015248996920094068), 'variance_drift': np.float64(0.0011716300110994528), 'node_churn': np.float64(0.015137614678899083), 'structural_stability': np.float64(0.0)}"
111.0,21.0,71.0,0.15137614678899083,0.25,0.6476190476190476,0.4242424242424243,0.7652582159624413,0.10876757073407564,0.0020711258148379216,3.0,0.6,0.8663666666666666,0.15137614678899083,1.0,1.0,0.27470483634606213,"{'growth_rate': np.float64(0.030275229357798167), 'density_change': np.float64(0.025), 'degree_change': np.float64(0.06476190476190477), 'fraud_growth': np.float64(0.08484848484848487), 'clustering_change': np.float64(0.038262910798122066), 'feature_drift': np.float64(0.016315135610111345), 'variance_drift': np.float64(0.00010355629074189609), 'node_churn': np.float64(0.015137614678899083), 'structural_stability': np.float64(0.0)}"
280.0,21.0,93.0,0.15137614678899083,0.25,0.6476190476190476,0.4242424242424243,0.7652582159624413,0.10101855419314969,0.023432600221989057,2.0,0.4,0.93325,0.15137614678899083,1.0,0.0,0.2746105575852808,"{'growth_rate': np.float64(0.030275229357798167), 'density_change': np.float64(0.025), 'degree_change': np.float64(0.06476190476190477), 'fraud_growth': np.float64(0.08484848484848487), 'clustering_change': np.float64(0.038262910798122066), 'feature_drift': np.float64(0.015152783128972452), 'variance_drift': np.float64(0.0011716300110994528), 'node_churn': np.float64(0.015137614678899083), 'structural_stability': np.float64(0.0)}"
214.0,24.0,249.0,0.15137614678899083,0.25,0.6476190476190476,0.4242424242424243,0.7652582159624413,0.09971917366935304,0.023432600221989057,5.0,1.0,0.8680200000000001,0.15137614678899083,1.0,0.0,0.2744156505067113,"{'growth_rate': np.float64(0.030275229357798167), 'density_change': np.float64(0.025), 'degree_change': np.float64(0.06476190476190477), 'fraud_growth': np.float64(0.08484848484848487), 'clustering_change': np.float64(0.038262910798122066), 'feature_drift': np.float64(0.014957876050402955), 'variance_drift': np.float64(0.0011716300110994528), 'node_churn': np.float64(0.015137614678899083), 'structural_stability': np.float64(0.0)}"
413.0,22.0,525.0,0.15137614678899083,0.25,0.6476190476190476,0.4242424242424243,0.7652582159624413,0.09914025047570048,0.023432600221989057,2.0,0.4,0.95475,0.15137614678899083,1.0,0.0,0.2743288120276634,"{'growth_rate': np.float64(0.030275229357798167), 'density_change': np.float64(0.025), 'degree_change': np.float64(0.06476190476190477), 'fraud_growth': np.float64(0.08484848484848487), 'clustering_change': np.float64(0.038262910798122066), 'feature_drift': np.float64(0.014871037571355071), 'variance_drift': np.float64(0.0011716300110994528), 'node_churn': np.float64(0.015137614678899083), 'structural_stability': np.float64(0.0)}"
165.0,22.0,351.0,0.15137614678899083,0.25,0.6476190476190476,0.4242424242424243,0.7652582159624413,0.09898593725178127,0.023432600221989057,3.0,0.6,0.9335,0.15137614678899083,1.0,0.0,0.27430566504407555,"{'growth_rate': np.float64(0.030275229357798167), 'density_change': np.float64(0.025), 'degree_change': np.float64(0.06476190476190477), 'fraud_growth': np.float64(0.08484848484848487), 'clustering_change': np.float64(0.038262910798122066), 'feature_drift': np.float64(0.01484789058776719), 'variance_drift': np.float64(0.0011716300110994528), 'node_churn': np.float64(0.015137614678899083), 'structural_stability': np.float64(0.0)}"
166.0,21.0,115.0,0.15137614678899083,0.25,0.6476190476190476,0.4242424242424243,0.7652582159624413,0.09895515661209969,0.023432600221989057,3.0,0.6,0.9367333333333333,0.15137614678899083,1.0,1.0,0.2743010479481233,"{'growth_rate': np.float64(0.030275229357798167), 'density_change': np.float64(0.025), 'degree_change': np.float64(0.06476190476190477), 'fraud_growth': np.float64(0.08484848484848487), 'clustering_change': np.float64(0.038262910798122066), 'feature_drift': np.float64(0.014843273491814954), 'variance_drift': np.float64(0.0011716300110994528), 'node_churn': np.float64(0.015137614678899083), 'structural_stability': np.float64(0.0)}"
324.0,21.0,167.0,0.15137614678899083,0.25,0.6476190476190476,0.4242424242424243,0.7652582159624413,0.098375998139047,0.023432600221989057,2.0,0.4,0.9214,0.15137614678899083,1.0,1.0,0.2742141741771654,"{'growth_rate': np.float64(0.030275229357798167), 'density_change': np.float64(0.025), 'degree_change': np.float64(0.06476190476190477), 'fraud_growth': np.float64(0.08484848484848487), 'clustering_change': np.float64(0.038262910798122066), 'feature_drift': np.float64(0.01475639972085705), 'variance_drift': np.float64(0.0011716300110994528), 'node_churn': np.float64(0.015137614678899083), 'structural_stability': np.float64(0.0)}"
588.0,24.0,160.0,0.15137614678899083,0.25,0.6476190476190476,0.4242424242424243,0.7652582159624413,0.09694003143634644,0.024944152955102963,3.0,0.6,0.7952666666666667,0.15137614678899083,1.0,0.0,0.274074356808416,"{'growth_rate': np.float64(0.030275229357798167), 'density_change': np.float64(0.025), 'degree_change': np.float64(0.06476190476190477), 'fraud_growth': np.float64(0.08484848484848487), 'clustering_change': np.float64(0.038262910798122066), 'feature_drift': np.float64(0.014541004715451965), 'variance_drift': np.float64(0.0012472076477551483), 'node_churn': np.float64(0.015137614678899083), 'structural_stability': np.float64(0.0)}"
49.0,21.0,67.0,0.15137614678899083,0.25,0.6476190476190476,0.4242424242424243,0.7652582159624413,0.09720265136722522,0.023432600221989057,2.0,0.4,0.9981,0.15137614678899083,1.0,0.0,0.27403817216139215,"{'growth_rate': np.float64(0.030275229357798167), 'density_change': np.float64(0.025), 'degree_change': np.float64(0.06476190476190477), 'fraud_growth': np.float64(0.08484848484848487), 'clustering_change': np.float64(0.038262910798122066), 'feature_drift': np.float64(0.014580397705083783), 'variance_drift': np.float64(0.0011716300110994528), 'node_churn': np.float64(0.015137614678899083), 'structural_stability': np.float64(0.0)}"
40.0,21.0,181.0,0.15137614678899083,0.25,0.6476190476190476,0.4242424242424243,0.7652582159624413,0.09698132819664838,0.023432600221989057,3.0,0.6,0.9181333333333334,0.15137614678899083,1.0,0.0,0.2740049736858056,"{'growth_rate': np.float64(0.030275229357798167), 'density_change': np.float64(0.025), 'degree_change': np.float64(0.06476190476190477), 'fraud_growth': np.float64(0.08484848484848487), 'clustering_change': np.float64(0.038262910798122066), 'feature_drift': np.float64(0.014547199229497257), 'variance_drift': np.float64(0.0011716300110994528), 'node_churn': np.float64(0.015137614678899083), 'structural_stability': np.float64(0.0)}"
477.0,23.0,56.0,0.15137614678899083,0.25,0.518095238095238,0.4242424242424243,0.7652582159624413,0.14372865554567615,0.01936613407490749,2.0,0.4,0.8953,0.15137614678899083,0.877956081081081,0.0,0.27396356447437076,"{'growth_rate': np.float64(0.030275229357798167), 'density_change': np.float64(0.025), 'degree_change': np.float64(0.051809523809523805), 'fraud_growth': np.float64(0.08484848484848487), 'clustering_change': np.float64(0.038262910798122066), 'feature_drift': np.float64(0.021559298331851422), 'variance_drift': np.float64(0.0009683067037453745), 'node_churn': np.float64(0.015137614678899083), 'structural_stability': np.float64(0.006102195945945949)}"
839.0,24.0,203.0,0.15137614678899083,0.25,0.6476190476190476,0.4242424242424243,0.7652582159624413,0.09666255182245027,0.023432600221989057,2.0,0.4,0.9936499999999999,0.15137614678899083,1.0,0.0,0.2739571572296759,"{'growth_rate': np.float64(0.030275229357798167), 'density_change': np.float64(0.025), 'degree_change': np.float64(0.06476190476190477), 'fraud_growth': np.float64(0.08484848484848487), 'clustering_change': np.float64(0.038262910798122066), 'feature_drift': np.float64(0.01449938277336754), 'variance_drift': np.float64(0.0011716300110994528), 'node_churn': np.float64(0.015137614678899083), 'structural_stability': np.float64(0.0)}"
687.0,24.0,59.0,0.15137614678899083,0.25,0.6476190476190476,0.4242424242424243,0.7652582159624413,0.09621734091912973,0.023432600221989057,3.0,0.6,0.8925000000000001,0.15137614678899083,1.0,1.0,0.27389037559417784,"{'growth_rate': np.float64(0.030275229357798167), 'density_change': np.float64(0.025), 'degree_change': np.float64(0.06476190476190477), 'fraud_growth': np.float64(0.08484848484848487), 'clustering_change': np.float64(0.038262910798122066), 'feature_drift': np.float64(0.014432601137869459), 'variance_drift': np.float64(0.0011716300110994528), 'node_churn': np.float64(0.015137614678899083), 'structural_stability': np.float64(0.0)}"
119.0,21.0,162.0,0.15137614678899083,0.25,0.6476190476190476,0.4242424242424243,0.7652582159624413,0.09605084768492408,0.023432600221989057,2.0,0.4,0.91455,0.15137614678899083,1.0,1.0,0.273865401609047,"{'growth_rate': np.float64(0.030275229357798167), 'density_change': np.float64(0.025), 'degree_change': np.float64(0.06476190476190477), 'fraud_growth': np.float64(0.08484848484848487), 'clustering_change': np.float64(0.038262910798122066), 'feature_drift': np.float64(0.014407627152738613), 'variance_drift': np.float64(0.0011716300110994528), 'node_churn': np.float64(0.015137614678899083), 'structural_stability': np.float64(0.0)}"
383.0,22.0,531.0,0.15137614678899083,0.25,0.6476190476190476,0.4242424242424243,0.7652582159624413,0.09574481440879788,0.023432600221989057,4.0,0.8,0.9438249999999999,0.15137614678899083,1.0,0.0,0.27381949661762806,"{'growth_rate': np.float64(0.030275229357798167), 'density_change': np.float64(0.025), 'degree_change': np.float64(0.06476190476190477), 'fraud_growth': np.float64(0.08484848484848487), 'clustering_change': np.float64(0.038262910798122066), 'feature_drift': np.float64(0.014361722161319682), 'variance_drift': np.float64(0.0011716300110994528), 'node_churn': np.float64(0.015137614678899083), 'structural_stability': np.float64(0.0)}"
790.0,23.0,57.0,0.15137614678899083,0.25,0.6476190476190476,0.4242424242424243,0.7652582159624413,0.095676634151414,0.023432600221989057,3.0,0.6,0.8894000000000001,0.15137614678899083,1.0,0.0,0.27380926957902046,"{'growth_rate': np.float64(0.030275229357798167), 'density_change': np.float64(0.025), 'degree_change': np.float64(0.06476190476190477), 'fraud_growth': np.float64(0.08484848484848487), 'clustering_change': np.float64(0.038262910798122066), 'feature_drift': np.float64(0.0143514951227121), 'variance_drift': np.float64(0.0011716300110994528), 'node_churn': np.float64(0.015137614678899083), 'structural_stability': np.float64(0.0)}"
322.0,21.0,124.0,0.15137614678899083,0.25,0.6476190476190476,0.4242424242424243,0.7652582159624413,0.09558165436834304,0.023432600221989057,3.0,0.6,0.9228999999999999,0.15137614678899083,1.0,0.0,0.2737950226115598,"{'growth_rate': np.float64(0.030275229357798167), 'density_change': np.float64(0.025), 'degree_change': np.float64(0.06476190476190477), 'fraud_growth': np.float64(0.08484848484848487), 'clustering_change': np.float64(0.038262910798122066), 'feature_drift': np.float64(0.014337248155251454), 'variance_drift': np.float64(0.0011716300110994528), 'node_churn': np.float64(0.015137614678899083), 'structural_stability': np.float64(0.0)}"
85.0,24.0,192.0,0.15137614678899083,0.25,0.6476190476190476,0.4242424242424243,0.7652582159624413,0.09517950922455931,0.023432600221989057,5.0,1.0,0.86014,0.15137614678899083,1.0,1.0,0.27373470083999224,"{'growth_rate': np.float64(0.030275229357798167), 'density_change': np.float64(0.025), 'degree_change': np.float64(0.06476190476190477), 'fraud_growth': np.float64(0.08484848484848487), 'clustering_change': np.float64(0.038262910798122066), 'feature_drift': np.float64(0.014276926383683896), 'variance_drift': np.float64(0.0011716300110994528), 'node_churn': np.float64(0.015137614678899083), 'structural_stability': np.float64(0.0)}"
323.0,21.0,228.0,0.15137614678899083,0.25,0.6476190476190476,0.4242424242424243,0.7652582159624413,0.09431675058795327,0.023432600221989057,4.0,0.8,0.939975,0.15137614678899083,1.0,0.0,0.2736052870445013,"{'growth_rate': np.float64(0.030275229357798167), 'density_change': np.float64(0.025), 'degree_change': np.float64(0.06476190476190477), 'fraud_growth': np.float64(0.08484848484848487), 'clustering_change': np.float64(0.038262910798122066), 'feature_drift': np.float64(0.01414751258819299), 'variance_drift': np.float64(0.0011716300110994528), 'node_churn': np.float64(0.015137614678899083), 'structural_stability': np.float64(0.0)}"
85.0,23.0,187.0,0.15137614678899083,0.25,0.6476190476190476,0.4242424242424243,0.7652582159624413,0.09389998969034662,0.023432600221989057,5.0,1.0,0.86014,0.15137614678899083,1.0,1.0,0.27354277290986034,"{'growth_rate': np.float64(0.030275229357798167), 'density_change': np.float64(0.025), 'degree_change': np.float64(0.06476190476190477), 'fraud_growth': np.float64(0.08484848484848487), 'clustering_change': np.float64(0.038262910798122066), 'feature_drift': np.float64(0.014084998453551992), 'variance_drift': np.float64(0.0011716300110994528), 'node_churn': np.float64(0.015137614678899083), 'structural_stability': np.float64(0.0)}"
404.0,22.0,192.0,0.15137614678899083,0.25,0.6476190476190476,0.4242424242424243,0.7652582159624413,0.09384386221360343,0.023432600221989057,2.0,0.4,0.9328000000000001,0.15137614678899083,1.0,0.0,0.2735343537883489,"{'growth_rate': np.float64(0.030275229357798167), 'density_change': np.float64(0.025), 'degree_change': np.float64(0.06476190476190477), 'fraud_growth': np.float64(0.08484848484848487), 'clustering_change': np.float64(0.038262910798122066), 'feature_drift': np.float64(0.014076579332040514), 'variance_drift': np.float64(0.0011716300110994528), 'node_churn': np.float64(0.015137614678899083), 'structural_stability': np.float64(0.0)}"
687.0,23.0,193.0,0.15137614678899083,0.25,0.6476190476190476,0.4242424242424243,0.7652582159624413,0.09379717183036686,0.023432600221989057,3.0,0.6,0.8925000000000001,0.15137614678899083,1.0,1.0,0.2735273502308634,"{'growth_rate': np.float64(0.030275229357798167), 'density_change': np.float64(0.025), 'degree_change': np.float64(0.06476190476190477), 'fraud_growth': np.float64(0.08484848484848487), 'clustering_change': np.float64(0.038262910798122066), 'feature_drift': np.float64(0.014069575774555029), 'variance_drift': np.float64(0.0011716300110994528), 'node_churn': np.float64(0.015137614678899083), 'structural_stability': np.float64(0.0)}"
214.0,22.0,74.0,0.15137614678899083,0.25,0.6476190476190476,0.4242424242424243,0.7652582159624413,0.09371029096780066,0.023432600221989057,5.0,1.0,0.8680200000000001,0.15137614678899083,1.0,0.0,0.27351431810147847,"{'growth_rate': np.float64(0.030275229357798167), 'density_change': np.float64(0.025), 'degree_change': np.float64(0.06476190476190477), 'fraud_growth': np.float64(0.08484848484848487), 'clustering_change': np.float64(0.038262910798122066), 'feature_drift': np.float64(0.014056543645170099), 'variance_drift': np.float64(0.0011716300110994528), 'node_churn': np.float64(0.015137614678899083), 'structural_stability': np.float64(0.0)}"
398.0,22.0,527.0,0.15137614678899083,0.25,0.6476190476190476,0.4242424242424243,0.7652582159624413,0.0928780814300477,0.023432600221989057,2.0,0.4,0.94255,0.15137614678899083,1.0,0.0,0.27338948667081553,"{'growth_rate': np.float64(0.030275229357798167), 'density_change': np.float64(0.025), 'degree_change': np.float64(0.06476190476190477), 'fraud_growth': np.float64(0.08484848484848487), 'clustering_change': np.float64(0.038262910798122066), 'feature_drift': np.float64(0.013931712214507154), 'variance_drift': np.float64(0.0011716300110994528), 'node_churn': np.float64(0.015137614678899083), 'structural_stability': np.float64(0.0)}"
121.0,21.0,73.0,0.15137614678899083,0.25,0.6476190476190476,0.4242424242424243,0.7652582159624413,0.09559287265530717,0.015167610671216317,5.0,1.0,0.81692,0.15137614678899083,1.0,0.0,0.2733834558770658,"{'growth_rate': np.float64(0.030275229357798167), 'density_change': np.float64(0.025), 'degree_change': np.float64(0.06476190476190477), 'fraud_growth': np.float64(0.08484848484848487), 'clustering_change': np.float64(0.038262910798122066), 'feature_drift': np.float64(0.014338930898296074), 'variance_drift': np.float64(0.0007583805335608159), 'node_churn': np.float64(0.015137614678899083), 'structural_stability': np.float64(0.0)}"
301.0,21.0,40.0,0.15137614678899083,0.25,0.6476190476190476,0.4242424242424243,0.7652582159624413,0.09213278366557977,0.023432600221989057,3.0,0.6,0.9357333333333333,0.15137614678899083,1.0,1.0,0.2732776920061453,"{'growth_rate': np.float64(0.030275229357798167), 'density_change': np.float64(0.025), 'degree_change': np.float64(0.06476190476190477), 'fraud_growth': np.float64(0.08484848484848487), 'clustering_change': np.float64(0.038262910798122066), 'feature_drift': np.float64(0.013819917549836965), 'variance_drift': np.float64(0.0011716300110994528), 'node_churn': np.float64(0.015137614678899083), 'structural_stability': np.float64(0.0)}"
159.0,21.0,235.0,0.15137614678899083,0.25,0.6476190476190476,0.4242424242424243,0.7652582159624413,0.09079795367167294,0.023432600221989057,4.0,0.8,0.9442999999999999,0.15137614678899083,1.0,0.0,0.2730774675070593,"{'growth_rate': np.float64(0.030275229357798167), 'density_change': np.float64(0.025), 'degree_change': np.float64(0.06476190476190477), 'fraud_growth': np.float64(0.08484848484848487), 'clustering_change': np.float64(0.038262910798122066), 'feature_drift': np.float64(0.01361969305075094), 'variance_drift': np.float64(0.0011716300110994528), 'node_churn': np.float64(0.015137614678899083), 'structural_stability': np.float64(0.0)}"
804.0,24.0,40.0,0.15137614678899083,0.25,0.6476190476190476,0.4242424242424243,0.7652582159624413,0.09072934799172498,0.023432600221989057,3.0,0.6,0.9272333333333332,0.15137614678899083,1.0,0.0,0.2730671766550671,"{'growth_rate': np.float64(0.030275229357798167), 'density_change': np.float64(0.025), 'degree_change': np.float64(0.06476190476190477), 'fraud_growth': np.float64(0.08484848484848487), 'clustering_change': np.float64(0.038262910798122066), 'feature_drift': np.float64(0.013609402198758747), 'variance_drift': np.float64(0.0011716300110994528), 'node_churn': np.float64(0.015137614678899083), 'structural_stability': np.float64(0.0)}"
114.0,21.0,29.0,0.15137614678899083,0.25,0.6476190476190476,0.4242424242424243,0.7652582159624413,0.09040963506569316,0.023432600221989057,2.0,0.4,0.9498,0.15137614678899083,1.0,0.0,0.27301921971616233,"{'growth_rate': np.float64(0.030275229357798167), 'density_change': np.float64(0.025), 'degree_change': np.float64(0.06476190476190477), 'fraud_growth': np.float64(0.08484848484848487), 'clustering_change': np.float64(0.038262910798122066), 'feature_drift': np.float64(0.013561445259853974), 'variance_drift': np.float64(0.0011716300110994528), 'node_churn': np.float64(0.015137614678899083), 'structural_stability': np.float64(0.0)}"
799.0,23.0,93.0,0.15137614678899083,0.25,0.6476190476190476,0.4242424242424243,0.7652582159624413,0.09034075168144487,0.023432600221989057,2.0,0.4,0.94905,0.15137614678899083,1.0,0.0,0.27300888720852506,"{'growth_rate': np.float64(0.030275229357798167), 'density_change': np.float64(0.025), 'degree_change': np.float64(0.06476190476190477), 'fraud_growth': np.float64(0.08484848484848487), 'clustering_change': np.float64(0.038262910798122066), 'feature_drift': np.float64(0.01355111275221673), 'variance_drift': np.float64(0.0011716300110994528), 'node_churn': np.float64(0.015137614678899083), 'structural_stability': np.float64(0.0)}"
517.0,23.0,106.0,0.15137614678899083,0.25,0.6476190476190476,0.4242424242424243,0.7652582159624413,0.0898577315574167,0.023432600221989057,3.0,0.6,0.9019,0.15137614678899083,1.0,0.0,0.27293643418992086,"{'growth_rate': np.float64(0.030275229357798167), 'density_change': np.float64(0.025), 'degree_change': np.float64(0.06476190476190477), 'fraud_growth': np.float64(0.08484848484848487), 'clustering_change': np.float64(0.038262910798122066), 'feature_drift': np.float64(0.013478659733612506), 'variance_drift': np.float64(0.0011716300110994528), 'node_churn': np.float64(0.015137614678899083), 'structural_stability': np.float64(0.0)}"
790.0,24.0,153.0,0.15137614678899083,0.25,0.6476190476190476,0.4242424242424243,0.7652582159624413,0.08944573756141234,0.023432600221989057,3.0,0.6,0.8894000000000001,0.15137614678899083,1.0,0.0,0.2728746350905202,"{'growth_rate': np.float64(0.030275229357798167), 'density_change': np.float64(0.025), 'degree_change': np.float64(0.06476190476190477), 'fraud_growth': np.float64(0.08484848484848487), 'clustering_change': np.float64(0.038262910798122066), 'feature_drift': np.float64(0.01341686063421185), 'variance_drift': np.float64(0.0011716300110994528), 'node_churn': np.float64(0.015137614678899083), 'structural_stability': np.float64(0.0)}"
40.0,22.0,137.0,0.15137614678899083,0.25,0.6476190476190476,0.4242424242424243,0.7652582159624413,0.08920990244477454,0.023432600221989057,3.0,0.6,0.9181333333333334,0.15137614678899083,1.0,0.0,0.27283925982302454,"{'growth_rate': np.float64(0.030275229357798167), 'density_change': np.float64(0.025), 'degree_change': np.float64(0.06476190476190477), 'fraud_growth': np.float64(0.08484848484848487), 'clustering_change': np.float64(0.038262910798122066), 'feature_drift': np.float64(0.013381485366716182), 'variance_drift': np.float64(0.0011716300110994528), 'node_churn': np.float64(0.015137614678899083), 'structural_stability': np.float64(0.0)}"
254.0,23.0,150.0,0.15137614678899083,0.25,0.6476190476190476,0.4242424242424243,0.7652582159624413,0.08438760087509019,0.03745740175726804,4.0,0.8,0.85185,0.15137614678899083,1.0,0.0,0.27281715466433587,"{'growth_rate': np.float64(0.030275229357798167), 'density_change': np.float64(0.025), 'degree_change': np.float64(0.06476190476190477), 'fraud_growth': np.float64(0.08484848484848487), 'clustering_change': np.float64(0.038262910798122066), 'feature_drift': np.float64(0.012658140131263528), 'variance_drift': np.float64(0.001872870087863402), 'node_churn': np.float64(0.015137614678899083), 'structural_stability': np.float64(0.0)}"
409.0,22.0,359.0,0.15137614678899083,0.25,0.6476190476190476,0.4242424242424243,0.7652582159624413,0.0889406522785187,0.023432600221989057,2.0,0.4,0.9685,0.15137614678899083,1.0,0.0,0.27279887229808614,"{'growth_rate': np.float64(0.030275229357798167), 'density_change': np.float64(0.025), 'degree_change': np.float64(0.06476190476190477), 'fraud_growth': np.float64(0.08484848484848487), 'clustering_change': np.float64(0.038262910798122066), 'feature_drift': np.float64(0.013341097841777805), 'variance_drift': np.float64(0.0011716300110994528), 'node_churn': np.float64(0.015137614678899083), 'structural_stability': np.float64(0.0)}"
95.0,21.0,99.0,0.15137614678899083,0.25,0.6476190476190476,0.4242424242424243,0.7652582159624413,0.08761954978989711,0.023432600221989057,2.0,0.4,0.96835,0.15137614678899083,1.0,0.0,0.27260070692479293,"{'growth_rate': np.float64(0.030275229357798167), 'density_change': np.float64(0.025), 'degree_change': np.float64(0.06476190476190477), 'fraud_growth': np.float64(0.08484848484848487), 'clustering_change': np.float64(0.038262910798122066), 'feature_drift': np.float64(0.013142932468484567), 'variance_drift': np.float64(0.0011716300110994528), 'node_churn': np.float64(0.015137614678899083), 'structural_stability': np.float64(0.0)}"
326.0,22.0,516.0,0.15137614678899083,0.25,0.6476190476190476,0.4242424242424243,0.7652582159624413,0.08737854441952339,0.023432600221989057,3.0,0.6,0.9464,0.15137614678899083,1.0,0.0,0.27256455611923686,"{'growth_rate': np.float64(0.030275229357798167), 'density_change': np.float64(0.025), 'degree_change': np.float64(0.06476190476190477), 'fraud_growth': np.float64(0.08484848484848487), 'clustering_change': np.float64(0.038262910798122066), 'feature_drift': np.float64(0.013106781662928509), 'variance_drift': np.float64(0.0011716300110994528), 'node_churn': np.float64(0.015137614678899083), 'structural_stability': np.float64(0.0)}"
801.0,23.0,204.0,0.15137614678899083,0.25,0.6476190476190476,0.4242424242424243,0.7652582159624413,0.08717739983136624,0.023432600221989057,2.0,0.4,0.9488,0.15137614678899083,1.0,0.0,0.2725343844310133,"{'growth_rate': np.float64(0.030275229357798167), 'density_change': np.float64(0.025), 'degree_change': np.float64(0.06476190476190477), 'fraud_growth': np.float64(0.08484848484848487), 'clustering_change': np.float64(0.038262910798122066), 'feature_drift': np.float64(0.013076609974704936), 'variance_drift': np.float64(0.0011716300110994528), 'node_churn': np.float64(0.015137614678899083), 'structural_stability': np.float64(0.0)}"
126.0,22.0,48.0,0.15137614678899083,0.25,0.6476190476190476,0.4242424242424243,0.7652582159624413,0.08708260754042912,0.023432600221989057,3.0,0.6,0.9089999999999999,0.15137614678899083,1.0,0.0,0.27252016558737274,"{'growth_rate': np.float64(0.030275229357798167), 'density_change': np.float64(0.025), 'degree_change': np.float64(0.06476190476190477), 'fraud_growth': np.float64(0.08484848484848487), 'clustering_change': np.float64(0.038262910798122066), 'feature_drift': np.float64(0.013062391131064369), 'variance_drift': np.float64(0.0011716300110994528), 'node_churn': np.float64(0.015137614678899083), 'structural_stability': np.float64(0.0)}"
366.0,22.0,317.0,0.15137614678899083,0.25,0.6476190476190476,0.4242424242424243,0.7652582159624413,0.08692842873299417,0.023432600221989057,2.0,0.4,0.9307000000000001,0.15137614678899083,1.0,0.0,0.27249703876625747,"{'growth_rate': np.float64(0.030275229357798167), 'density_change': np.float64(0.025), 'degree_change': np.float64(0.06476190476190477), 'fraud_growth': np.float64(0.08484848484848487), 'clustering_change': np.float64(0.038262910798122066), 'feature_drift': np.float64(0.013039264309949125), 'variance_drift': np.float64(0.0011716300110994528), 'node_churn': np.float64(0.015137614678899083), 'structural_stability': np.float64(0.0)}"
399.0,22.0,433.0,0.15137614678899083,0.25,0.6476190476190476,0.4242424242424243,0.7652582159624413,0.08650071348328323,0.023432600221989057,2.0,0.4,0.9209499999999999,0.15137614678899083,1.0,0.0,0.27243288147880085,"{'growth_rate': np.float64(0.030275229357798167), 'density_change': np.float64(0.025), 'degree_change': np.float64(0.06476190476190477), 'fraud_growth': np.float64(0.08484848484848487), 'clustering_change': np.float64(0.038262910798122066), 'feature_drift': np.float64(0.012975107022492483), 'variance_drift': np.float64(0.0011716300110994528), 'node_churn': np.float64(0.015137614678899083), 'structural_stability': np.float64(0.0)}"
323.0,22.0,104.0,0.15137614678899083,0.25,0.6476190476190476,0.4242424242424243,0.7652582159624413,0.08632437590200052,0.023432600221989057,4.0,0.8,0.939975,0.15137614678899083,1.0,0.0,0.2724064308416084,"{'growth_rate': np.float64(0.030275229357798167), 'density_change': np.float64(0.025), 'degree_change': np.float64(0.06476190476190477), 'fraud_growth': np.float64(0.08484848484848487), 'clustering_change': np.float64(0.038262910798122066), 'feature_drift': np.float64(0.012948656385300078), 'variance_drift': np.float64(0.0011716300110994528), 'node_churn': np.float64(0.015137614678899083), 'structural_stability': np.float64(0.0)}"
302.0,21.0,120.0,0.15137614678899083,0.25,0.6476190476190476,0.4242424242424243,0.7652582159624413,0.0856713129067146,0.023432600221989057,2.0,0.4,0.9501,0.15137614678899083,1.0,1.0,0.27230847139231557,"{'growth_rate': np.float64(0.030275229357798167), 'density_change': np.float64(0.025), 'degree_change': np.float64(0.06476190476190477), 'fraud_growth': np.float64(0.08484848484848487), 'clustering_change': np.float64(0.038262910798122066), 'feature_drift': np.float64(0.01285069693600719), 'variance_drift': np.float64(0.0011716300110994528), 'node_churn': np.float64(0.015137614678899083), 'structural_stability': np.float64(0.0)}"
722.0,24.0,50.0,0.15137614678899083,0.25,0.6476190476190476,0.4242424242424243,0.7652582159624413,0.08559104892174209,0.023432600221989057,3.0,0.6,0.9704333333333333,0.15137614678899083,1.0,0.0,0.2722964317945697,"{'growth_rate': np.float64(0.030275229357798167), 'density_change': np.float64(0.025), 'degree_change': np.float64(0.06476190476190477), 'fraud_growth': np.float64(0.08484848484848487), 'clustering_change': np.float64(0.038262910798122066), 'feature_drift': np.float64(0.012838657338261313), 'variance_drift': np.float64(0.0011716300110994528), 'node_churn': np.float64(0.015137614678899083), 'structural_stability': np.float64(0.0)}"
339.0,24.0,214.0,0.15137614678899083,0.25,0.6476190476190476,0.4242424242424243,0.7652582159624413,0.08498287468896248,0.023432600221989057,4.0,0.8,0.8926499999999999,0.15137614678899083,1.0,0.0,0.2722052056596527,"{'growth_rate': np.float64(0.030275229357798167), 'density_change': np.float64(0.025), 'degree_change': np.float64(0.06476190476190477), 'fraud_growth': np.float64(0.08484848484848487), 'clustering_change': np.float64(0.038262910798122066), 'feature_drift': np.float64(0.012747431203344373), 'variance_drift': np.float64(0.0011716300110994528), 'node_churn': np.float64(0.015137614678899083), 'structural_stability': np.float64(0.0)}"
273.0,22.0,428.0,0.15137614678899083,0.25,0.6476190476190476,0.4242424242424243,0.7652582159624413,0.0845898086057518,0.023432600221989057,3.0,0.6,0.9592666666666667,0.15137614678899083,1.0,0.0,0.2721462457471711,"{'growth_rate': np.float64(0.030275229357798167), 'density_change': np.float64(0.025), 'degree_change': np.float64(0.06476190476190477), 'fraud_growth': np.float64(0.08484848484848487), 'clustering_change': np.float64(0.038262910798122066), 'feature_drift': np.float64(0.01268847129086277), 'variance_drift': np.float64(0.0011716300110994528), 'node_churn': np.float64(0.015137614678899083), 'structural_stability': np.float64(0.0)}"
25.0,21.0,131.0,0.15137614678899083,0.25,0.6476190476190476,0.4242424242424243,0.7652582159624413,0.08682420416828071,0.01648913303449092,4.0,0.8,0.7503,0.15137614678899083,1.0,0.0,0.27213423172217555,"{'growth_rate': np.float64(0.030275229357798167), 'density_change': np.float64(0.025), 'degree_change': np.float64(0.06476190476190477), 'fraud_growth': np.float64(0.08484848484848487), 'clustering_change': np.float64(0.038262910798122066), 'feature_drift': np.float64(0.013023630625242106), 'variance_drift': np.float64(0.0008244566517245461), 'node_churn': np.float64(0.015137614678899083), 'structural_stability': np.float64(0.0)}"
194.0,21.0,14.0,0.15137614678899083,0.25,0.6476190476190476,0.4242424242424243,0.7652582159624413,0.08411430950205974,0.023432600221989057,2.0,0.4,0.9551499999999999,0.15137614678899083,1.0,0.0,0.27207492088161733,"{'growth_rate': np.float64(0.030275229357798167), 'density_change': np.float64(0.025), 'degree_change': np.float64(0.06476190476190477), 'fraud_growth': np.float64(0.08484848484848487), 'clustering_change': np.float64(0.038262910798122066), 'feature_drift': np.float64(0.012617146425308961), 'variance_drift': np.float64(0.0011716300110994528), 'node_churn': np.float64(0.015137614678899083), 'structural_stability': np.float64(0.0)}"
177.0,21.0,31.0,0.15137614678899083,0.25,0.6476190476190476,0.4242424242424243,0.7652582159624413,0.084052447128109,0.023432600221989057,2.0,0.4,0.9533,0.15137614678899083,1.0,0.0,0.2720656415255247,"{'growth_rate': np.float64(0.030275229357798167), 'density_change': np.float64(0.025), 'degree_change': np.float64(0.06476190476190477), 'fraud_growth': np.float64(0.08484848484848487), 'clustering_change': np.float64(0.038262910798122066), 'feature_drift': np.float64(0.01260786706921635), 'variance_drift': np.float64(0.0011716300110994528), 'node_churn': np.float64(0.015137614678899083), 'structural_stability': np.float64(0.0)}"
205.0,22.0,418.0,0.15137614678899083,0.25,0.6476190476190476,0.4242424242424243,0.7652582159624413,0.0836204604498253,0.023432600221989057,3.0,0.6,0.9379666666666666,0.15137614678899083,1.0,0.0,0.2720008435237822,"{'growth_rate': np.float64(0.030275229357798167), 'density_change': np.float64(0.025), 'degree_change': np.float64(0.06476190476190477), 'fraud_growth': np.float64(0.08484848484848487), 'clustering_change': np.float64(0.038262910798122066), 'feature_drift': np.float64(0.012543069067473794), 'variance_drift': np.float64(0.0011716300110994528), 'node_churn': np.float64(0.015137614678899083), 'structural_stability': np.float64(0.0)}"
803.0,23.0,207.0,0.15137614678899083,0.25,0.6476190476190476,0.4242424242424243,0.7652582159624413,0.08358461086900133,0.023432600221989057,3.0,0.6,0.9539,0.15137614678899083,1.0,0.0,0.27199546608665853,"{'growth_rate': np.float64(0.030275229357798167), 'density_change': np.float64(0.025), 'degree_change': np.float64(0.06476190476190477), 'fraud_growth': np.float64(0.08484848484848487), 'clustering_change': np.float64(0.038262910798122066), 'feature_drift': np.float64(0.0125376916303502), 'variance_drift': np.float64(0.0011716300110994528), 'node_churn': np.float64(0.015137614678899083), 'structural_stability': np.float64(0.0)}"
396.0,22.0,493.0,0.15137614678899083,0.25,0.6476190476190476,0.4242424242424243,0.7652582159624413,0.08221820842611,0.023432600221989057,2.0,0.4,0.9585,0.15137614678899083,1.0,0.0,0.27179050572022484,"{'growth_rate': np.float64(0.030275229357798167), 'density_change': np.float64(0.025), 'degree_change': np.float64(0.06476190476190477), 'fraud_growth': np.float64(0.08484848484848487), 'clustering_change': np.float64(0.038262910798122066), 'feature_drift': np.float64(0.0123327312639165), 'variance_drift': np.float64(0.0011716300110994528), 'node_churn': np.float64(0.015137614678899083), 'structural_stability': np.float64(0.0)}"
415.0,22.0,354.0,0.15137614678899083,0.25,0.6476190476190476,0.4242424242424243,0.7652582159624413,0.08193099377232496,0.023432600221989057,2.0,0.4,0.9411499999999999,0.15137614678899083,1.0,0.0,0.2717474235221571,"{'growth_rate': np.float64(0.030275229357798167), 'density_change': np.float64(0.025), 'degree_change': np.float64(0.06476190476190477), 'fraud_growth': np.float64(0.08484848484848487), 'clustering_change': np.float64(0.038262910798122066), 'feature_drift': np.float64(0.012289649065848745), 'variance_drift': np.float64(0.0011716300110994528), 'node_churn': np.float64(0.015137614678899083), 'structural_stability': np.float64(0.0)}"
142.0,21.0,58.0,0.15137614678899083,0.25,0.6476190476190476,0.4242424242424243,0.7652582159624413,0.08150291110671491,0.023432600221989057,2.0,0.4,0.97095,0.15137614678899083,1.0,0.0,0.2716832111223156,"{'growth_rate': np.float64(0.030275229357798167), 'density_change': np.float64(0.025), 'degree_change': np.float64(0.06476190476190477), 'fraud_growth': np.float64(0.08484848484848487), 'clustering_change': np.float64(0.038262910798122066), 'feature_drift': np.float64(0.012225436666007236), 'variance_drift': np.float64(0.0011716300110994528), 'node_churn': np.float64(0.015137614678899083), 'structural_stability': np.float64(0.0)}"
310.0,21.0,135.0,0.15137614678899083,0.25,0.6476190476190476,0.4242424242424243,0.7652582159624413,0.08100275532376826,0.023432600221989057,3.0,0.6,0.9209333333333333,0.15137614678899083,1.0,0.0,0.2716081877548736,"{'growth_rate': np.float64(0.030275229357798167), 'density_change': np.float64(0.025), 'degree_change': np.float64(0.06476190476190477), 'fraud_growth': np.float64(0.08484848484848487), 'clustering_change': np.float64(0.038262910798122066), 'feature_drift': np.float64(0.012150413298565239), 'variance_drift': np.float64(0.0011716300110994528), 'node_churn': np.float64(0.015137614678899083), 'structural_stability': np.float64(0.0)}"
754.0,24.0,226.0,0.15137614678899083,0.25,0.6476190476190476,0.4242424242424243,0.7652582159624413,0.08096379726387427,0.023432600221989057,3.0,0.6,0.9115666666666667,0.15137614678899083,1.0,0.0,0.2716023440458895,"{'growth_rate': np.float64(0.030275229357798167), 'density_change': np.float64(0.025), 'degree_change': np.float64(0.06476190476190477), 'fraud_growth': np.float64(0.08484848484848487), 'clustering_change': np.float64(0.038262910798122066), 'feature_drift': np.float64(0.01214456958958114), 'variance_drift': np.float64(0.0011716300110994528), 'node_churn': np.float64(0.015137614678899083), 'structural_stability': np.float64(0.0)}"
300.0,21.0,130.0,0.15137614678899083,0.25,0.6476190476190476,0.4242424242424243,0.7652582159624413,0.0808570581269224,0.023432600221989057,3.0,0.6,0.9699,0.15137614678899083,1.0,0.0,0.2715863331753467,"{'growth_rate': np.float64(0.030275229357798167), 'density_change': np.float64(0.025), 'degree_change': np.float64(0.06476190476190477), 'fraud_growth': np.float64(0.08484848484848487), 'clustering_change': np.float64(0.038262910798122066), 'feature_drift': np.float64(0.01212855871903836), 'variance_drift': np.float64(0.0011716300110994528), 'node_churn': np.float64(0.015137614678899083), 'structural_stability': np.float64(0.0)}"
321.0,24.0,245.0,0.15137614678899083,0.25,0.6476190476190476,0.4242424242424243,0.7652582159624413,0.08080017571651898,0.023432600221989057,5.0,1.0,0.93794,0.15137614678899083,1.0,0.0,0.2715778008137862,"{'growth_rate': np.float64(0.030275229357798167), 'density_change': np.float64(0.025), 'degree_change': np.float64(0.06476190476190477), 'fraud_growth': np.float64(0.08484848484848487), 'clustering_change': np.float64(0.038262910798122066), 'feature_drift': np.float64(0.012120026357477847), 'variance_drift': np.float64(0.0011716300110994528), 'node_churn': np.float64(0.015137614678899083), 'structural_stability': np.float64(0.0)}"
414.0,22.0,424.0,0.15137614678899083,0.25,0.6476190476190476,0.4242424242424243,0.7652582159624413,0.07997068617298367,0.023432600221989057,2.0,0.4,0.9491499999999999,0.15137614678899083,1.0,0.0,0.2714533773822559,"{'growth_rate': np.float64(0.030275229357798167), 'density_change': np.float64(0.025), 'degree_change': np.float64(0.06476190476190477), 'fraud_growth': np.float64(0.08484848484848487), 'clustering_change': np.float64(0.038262910798122066), 'feature_drift': np.float64(0.01199560292594755), 'variance_drift': np.float64(0.0011716300110994528), 'node_churn': np.float64(0.015137614678899083), 'structural_stability': np.float64(0.0)}"
412.0,22.0,436.0,0.15137614678899083,0.25,0.6476190476190476,0.4242424242424243,0.7652582159624413,0.07971616814625765,0.023432600221989057,2.0,0.4,0.9677,0.15137614678899083,1.0,0.0,0.271415199678247,"{'growth_rate': np.float64(0.030275229357798167), 'density_change': np.float64(0.025), 'degree_change': np.float64(0.06476190476190477), 'fraud_growth': np.float64(0.08484848484848487), 'clustering_change': np.float64(0.038262910798122066), 'feature_drift': np.float64(0.011957425221938647), 'variance_drift': np.float64(0.0011716300110994528), 'node_churn': np.float64(0.015137614678899083), 'structural_stability': np.float64(0.0)}"
392.0,23.0,73.0,0.15137614678899083,0.25,0.6476190476190476,0.4242424242424243,0.7652582159624413,0.0795060823652323,0.023432600221989057,3.0,0.6,0.9182333333333333,0.15137614678899083,1.0,0.0,0.2713836868110932,"{'growth_rate': np.float64(0.030275229357798167), 'density_change': np.float64(0.025), 'degree_change': np.float64(0.06476190476190477), 'fraud_growth': np.float64(0.08484848484848487), 'clustering_change': np.float64(0.038262910798122066), 'feature_drift': np.float64(0.011925912354784844), 'variance_drift': np.float64(0.0011716300110994528), 'node_churn': np.float64(0.015137614678899083), 'structural_stability': np.float64(0.0)}"
263.0,21.0,75.0,0.15137614678899083,0.25,0.6476190476190476,0.4242424242424243,0.7652582159624413,0.07941917878663372,0.023432600221989057,3.0,0.6,0.9566333333333333,0.15137614678899083,1.0,0.0,0.27137065127430343,"{'growth_rate': np.float64(0.030275229357798167), 'density_change': np.float64(0.025), 'degree_change': np.float64(0.06476190476190477), 'fraud_growth': np.float64(0.08484848484848487), 'clustering_change': np.float64(0.038262910798122066), 'feature_drift': np.float64(0.011912876817995058), 'variance_drift': np.float64(0.0011716300110994528), 'node_churn': np.float64(0.015137614678899083), 'structural_stability': np.float64(0.0)}"
100.0,21.0,170.0,0.15137614678899083,0.25,0.6476190476190476,0.4242424242424243,0.7652582159624413,0.0793471718874634,0.023432600221989057,3.0,0.6,0.9288333333333334,0.15137614678899083,1.0,0.0,0.2713598502394279,"{'growth_rate': np.float64(0.030275229357798167), 'density_change': np.float64(0.025), 'degree_change': np.float64(0.06476190476190477), 'fraud_growth': np.float64(0.08484848484848487), 'clustering_change': np.float64(0.038262910798122066), 'feature_drift': np.float64(0.01190207578311951), 'variance_drift': np.float64(0.0011716300110994528), 'node_churn': np.float64(0.015137614678899083), 'structural_stability': np.float64(0.0)}"
148.0,22.0,128.0,0.15137614678899083,0.25,0.6476190476190476,0.4242424242424243,0.7652582159624413,0.06980076884619935,0.051469579700682944,3.0,0.6,0.8957,0.15137614678899083,1.0,1.0,0.2713297387571729,"{'growth_rate': np.float64(0.030275229357798167), 'density_change': np.float64(0.025), 'degree_change': np.float64(0.06476190476190477), 'fraud_growth': np.float64(0.08484848484848487), 'clustering_change': np.float64(0.038262910798122066), 'feature_drift': np.float64(0.010470115326929902), 'variance_drift': np.float64(0.0025734789850341473), 'node_churn': np.float64(0.015137614678899083), 'structural_stability': np.float64(0.0)}"
745.0,23.0,129.0,0.15137614678899083,0.25,0.6476190476190476,0.4242424242424243,0.7652582159624413,0.0790436815406605,0.023432600221989057,3.0,0.6,0.9325666666666667,0.15137614678899083,1.0,1.0,0.2713143266874074,"{'growth_rate': np.float64(0.030275229357798167), 'density_change': np.float64(0.025), 'degree_change': np.float64(0.06476190476190477), 'fraud_growth': np.float64(0.08484848484848487), 'clustering_change': np.float64(0.038262910798122066), 'feature_drift': np.float64(0.011856552231099073), 'variance_drift': np.float64(0.0011716300110994528), 'node_churn': np.float64(0.015137614678899083), 'structural_stability': np.float64(0.0)}"
225.0,21.0,48.0,0.15137614678899083,0.25,0.6476190476190476,0.4242424242424243,0.7652582159624413,0.07883769038617296,0.023432600221989057,3.0,0.6,0.9725666666666667,0.15137614678899083,1.0,0.0,0.2712834280142343,"{'growth_rate': np.float64(0.030275229357798167), 'density_change': np.float64(0.025), 'degree_change': np.float64(0.06476190476190477), 'fraud_growth': np.float64(0.08484848484848487), 'clustering_change': np.float64(0.038262910798122066), 'feature_drift': np.float64(0.011825653557925943), 'variance_drift': np.float64(0.0011716300110994528), 'node_churn': np.float64(0.015137614678899083), 'structural_stability': np.float64(0.0)}"
180.0,23.0,38.0,0.15137614678899083,0.25,0.6476190476190476,0.4242424242424243,0.7652582159624413,0.07824678969201378,0.023432600221989057,5.0,1.0,0.92034,0.15137614678899083,1.0,0.0,0.2711947929101104,"{'growth_rate': np.float64(0.030275229357798167), 'density_change': np.float64(0.025), 'degree_change': np.float64(0.06476190476190477), 'fraud_growth': np.float64(0.08484848484848487), 'clustering_change': np.float64(0.038262910798122066), 'feature_drift': np.float64(0.011737018453802065), 'variance_drift': np.float64(0.0011716300110994528), 'node_churn': np.float64(0.015137614678899083), 'structural_stability': np.float64(0.0)}"
333.0,22.0,532.0,0.15137614678899083,0.25,0.6476190476190476,0.4242424242424243,0.7652582159624413,0.07812944700195652,0.023432600221989057,4.0,0.8,0.9091,0.15137614678899083,1.0,0.0,0.27117719150660186,"{'growth_rate': np.float64(0.030275229357798167), 'density_change': np.float64(0.025), 'degree_change': np.float64(0.06476190476190477), 'fraud_growth': np.float64(0.08484848484848487), 'clustering_change': np.float64(0.038262910798122066), 'feature_drift': np.float64(0.011719417050293479), 'variance_drift': np.float64(0.0011716300110994528), 'node_churn': np.float64(0.015137614678899083), 'structural_stability': np.float64(0.0)}"
765.0,23.0,141.0,0.15137614678899083,0.25,0.6476190476190476,0.4242424242424243,0.7652582159624413,0.07808709783503164,0.023432600221989057,2.0,0.4,0.94235,0.15137614678899083,1.0,0.0,0.2711708391315631,"{'growth_rate': np.float64(0.030275229357798167), 'density_change': np.float64(0.025), 'degree_change': np.float64(0.06476190476190477), 'fraud_growth': np.float64(0.08484848484848487), 'clustering_change': np.float64(0.038262910798122066), 'feature_drift': np.float64(0.011713064675254745), 'variance_drift': np.float64(0.0011716300110994528), 'node_churn': np.float64(0.015137614678899083), 'structural_stability': np.float64(0.0)}"
844.0,24.0,201.0,0.15137614678899083,0.25,0.6476190476190476,0.4242424242424243,0.7652582159624413,0.07771280117451794,0.023432600221989057,2.0,0.4,0.95025,0.15137614678899083,1.0,0.0,0.27111469463248605,"{'growth_rate': np.float64(0.030275229357798167), 'density_change': np.float64(0.025), 'degree_change': np.float64(0.06476190476190477), 'fraud_growth': np.float64(0.08484848484848487), 'clustering_change': np.float64(0.038262910798122066), 'feature_drift': np.float64(0.01165692017617769), 'variance_drift': np.float64(0.0011716300110994528), 'node_churn': np.float64(0.015137614678899083), 'structural_stability': np.float64(0.0)}"
100.0,22.0,159.0,0.15137614678899083,0.25,0.6476190476190476,0.4242424242424243,0.7652582159624413,0.07746593537210453,0.023432600221989057,3.0,0.6,0.9288333333333334,0.15137614678899083,1.0,0.0,0.271077664762124,"{'growth_rate': np.float64(0.030275229357798167), 'density_change': np.float64(0.025), 'degree_change': np.float64(0.06476190476190477), 'fraud_growth': np.float64(0.08484848484848487), 'clustering_change': np.float64(0.038262910798122066), 'feature_drift': np.float64(0.011619890305815679), 'variance_drift': np.float64(0.0011716300110994528), 'node_churn': np.float64(0.015137614678899083), 'structural_stability': np.float64(0.0)}"
689.0,24.0,76.0,0.15137614678899083,0.25,0.6476190476190476,0.4242424242424243,0.7652582159624413,0.07679123524708571,0.023432600221989057,3.0,0.6,0.8573,0.15137614678899083,1.0,0.0,0.2709764597433712,"{'growth_rate': np.float64(0.030275229357798167), 'density_change': np.float64(0.025), 'degree_change': np.float64(0.06476190476190477), 'fraud_growth': np.float64(0.08484848484848487), 'clustering_change': np.float64(0.038262910798122066), 'feature_drift': np.float64(0.011518685287062857), 'variance_drift': np.float64(0.0011716300110994528), 'node_churn': np.float64(0.015137614678899083), 'structural_stability': np.float64(0.0)}"
238.0,21.0,15.0,0.15137614678899083,0.25,0.6476190476190476,0.4242424242424243,0.7652582159624413,0.08164746385025569,0.007064244086094166,3.0,0.6,0.9104333333333333,0.15137614678899083,1.0,1.0,0.27088647622705203,"{'growth_rate': np.float64(0.030275229357798167), 'density_change': np.float64(0.025), 'degree_change': np.float64(0.06476190476190477), 'fraud_growth': np.float64(0.08484848484848487), 'clustering_change': np.float64(0.038262910798122066), 'feature_drift': np.float64(0.012247119577538353), 'variance_drift': np.float64(0.00035321220430470834), 'node_churn': np.float64(0.015137614678899083), 'structural_stability': np.float64(0.0)}"
214.0,23.0,70.0,0.15137614678899083,0.25,0.6476190476190476,0.4242424242424243,0.7652582159624413,0.07609176636560636,0.023432600221989057,5.0,1.0,0.8680200000000001,0.15137614678899083,1.0,0.0,0.27087153941114933,"{'growth_rate': np.float64(0.030275229357798167), 'density_change': np.float64(0.025), 'degree_change': np.float64(0.06476190476190477), 'fraud_growth': np.float64(0.08484848484848487), 'clustering_change': np.float64(0.038262910798122066), 'feature_drift': np.float64(0.011413764954840953), 'variance_drift': np.float64(0.0011716300110994528), 'node_churn': np.float64(0.015137614678899083), 'structural_stability': np.float64(0.0)}"
298.0,21.0,222.0,0.15137614678899083,0.25,0.6476190476190476,0.4242424242424243,0.7652582159624413,0.07595990663360583,0.023432600221989057,2.0,0.4,0.9701,0.15137614678899083,1.0,0.0,0.27085176045134923,"{'growth_rate': np.float64(0.030275229357798167), 'density_change': np.float64(0.025), 'degree_change': np.float64(0.06476190476190477), 'fraud_growth': np.float64(0.08484848484848487), 'clustering_change': np.float64(0.038262910798122066), 'feature_drift': np.float64(0.011393985995040873), 'variance_drift': np.float64(0.0011716300110994528), 'node_churn': np.float64(0.015137614678899083), 'structural_stability': np.float64(0.0)}"
276.0,21.0,55.0,0.15137614678899083,0.25,0.6476190476190476,0.4242424242424243,0.7652582159624413,0.07559777042055715,0.023432600221989057,3.0,0.6,0.9694666666666666,0.15137614678899083,1.0,0.0,0.27079744001939193,"{'growth_rate': np.float64(0.030275229357798167), 'density_change': np.float64(0.025), 'degree_change': np.float64(0.06476190476190477), 'fraud_growth': np.float64(0.08484848484848487), 'clustering_change': np.float64(0.038262910798122066), 'feature_drift': np.float64(0.011339665563083573), 'variance_drift': np.float64(0.0011716300110994528), 'node_churn': np.float64(0.015137614678899083), 'structural_stability': np.float64(0.0)}"
866.0,24.0,135.0,0.15137614678899083,0.25,0.6476190476190476,0.4242424242424243,0.7652582159624413,0.07539917791995071,0.023432600221989057,2.0,0.4,0.9573,0.15137614678899083,1.0,1.0,0.27076765114430096,"{'growth_rate': np.float64(0.030275229357798167), 'density_change': np.float64(0.025), 'degree_change': np.float64(0.06476190476190477), 'fraud_growth': np.float64(0.08484848484848487), 'clustering_change': np.float64(0.038262910798122066), 'feature_drift': np.float64(0.011309876687992606), 'variance_drift': np.float64(0.0011716300110994528), 'node_churn': np.float64(0.015137614678899083), 'structural_stability': np.float64(0.0)}"
15.0,22.0,457.0,0.15137614678899083,0.25,0.6476190476190476,0.4242424242424243,0.7652582159624413,0.07380952162749435,0.023432600221989057,3.0,0.6,0.9154666666666667,0.15137614678899083,1.0,0.0,0.2705292027004325,"{'growth_rate': np.float64(0.030275229357798167), 'density_change': np.float64(0.025), 'degree_change': np.float64(0.06476190476190477), 'fraud_growth': np.float64(0.08484848484848487), 'clustering_change': np.float64(0.038262910798122066), 'feature_drift': np.float64(0.011071428244124153), 'variance_drift': np.float64(0.0011716300110994528), 'node_churn': np.float64(0.015137614678899083), 'structural_stability': np.float64(0.0)}"
742.0,23.0,31.0,0.15137614678899083,0.25,0.6476190476190476,0.4242424242424243,0.7652582159624413,0.07379190608000455,0.023432600221989057,3.0,0.6,0.9443333333333334,0.15137614678899083,1.0,0.0,0.270526560368309,"{'growth_rate': np.float64(0.030275229357798167), 'density_change': np.float64(0.025), 'degree_change': np.float64(0.06476190476190477), 'fraud_growth': np.float64(0.08484848484848487), 'clustering_change': np.float64(0.038262910798122066), 'feature_drift': np.float64(0.011068785912000683), 'variance_drift': np.float64(0.0011716300110994528), 'node_churn': np.float64(0.015137614678899083), 'structural_stability': np.float64(0.0)}"
333.0,24.0,173.0,0.15137614678899083,0.25,0.6476190476190476,0.4242424242424243,0.7652582159624413,0.07365378959145799,0.023432600221989057,4.0,0.8,0.9091,0.15137614678899083,1.0,0.0,0.27050584289502705,"{'growth_rate': np.float64(0.030275229357798167), 'density_change': np.float64(0.025), 'degree_change': np.float64(0.06476190476190477), 'fraud_growth': np.float64(0.08484848484848487), 'clustering_change': np.float64(0.038262910798122066), 'feature_drift': np.float64(0.011048068438718698), 'variance_drift': np.float64(0.0011716300110994528), 'node_churn': np.float64(0.015137614678899083), 'structural_stability': np.float64(0.0)}"
233.0,21.0,203.0,0.15137614678899083,0.25,0.6476190476190476,0.4242424242424243,0.7652582159624413,0.07306309092163554,0.023432600221989057,3.0,0.6,0.9393333333333334,0.15137614678899083,1.0,1.0,0.2704172380945537,"{'growth_rate': np.float64(0.030275229357798167), 'density_change': np.float64(0.025), 'degree_change': np.float64(0.06476190476190477), 'fraud_growth': np.float64(0.08484848484848487), 'clustering_change': np.float64(0.038262910798122066), 'feature_drift': np.float64(0.01095946363824533), 'variance_drift': np.float64(0.0011716300110994528), 'node_churn': np.float64(0.015137614678899083), 'structural_stability': np.float64(0.0)}"
240.0,21.0,94.0,0.15137614678899083,0.25,0.6476190476190476,0.4242424242424243,0.7652582159624413,0.07296231102674909,0.023432600221989057,3.0,0.6,0.9392999999999999,0.15137614678899083,1.0,0.0,0.2704021211103207,"{'growth_rate': np.float64(0.030275229357798167), 'density_change': np.float64(0.025), 'degree_change': np.float64(0.06476190476190477), 'fraud_growth': np.float64(0.08484848484848487), 'clustering_change': np.float64(0.038262910798122066), 'feature_drift': np.float64(0.010944346654012364), 'variance_drift': np.float64(0.0011716300110994528), 'node_churn': np.float64(0.015137614678899083), 'structural_stability': np.float64(0.0)}"
777.0,24.0,114.0,0.15137614678899083,0.25,0.6476190476190476,0.4242424242424243,0.7652582159624413,0.07279688980643201,0.023432600221989057,3.0,0.6,0.9646333333333333,0.15137614678899083,1.0,1.0,0.27037730792727316,"{'growth_rate': np.float64(0.030275229357798167), 'density_change': np.float64(0.025), 'degree_change': np.float64(0.06476190476190477), 'fraud_growth': np.float64(0.08484848484848487), 'clustering_change': np.float64(0.038262910798122066), 'feature_drift': np.float64(0.0109195334709648), 'variance_drift': np.float64(0.0011716300110994528), 'node_churn': np.float64(0.015137614678899083), 'structural_stability': np.float64(0.0)}"
267.0,21.0,25.0,0.15137614678899083,0.25,0.6476190476190476,0.4242424242424243,0.7652582159624413,0.07229385802670688,0.023432600221989057,2.0,0.4,0.9531499999999999,0.15137614678899083,1.0,0.0,0.2703018531603144,"{'growth_rate': np.float64(0.030275229357798167), 'density_change': np.float64(0.025), 'degree_change': np.float64(0.06476190476190477), 'fraud_growth': np.float64(0.08484848484848487), 'clustering_change': np.float64(0.038262910798122066), 'feature_drift': np.float64(0.01084407870400603), 'variance_drift': np.float64(0.0011716300110994528), 'node_churn': np.float64(0.015137614678899083), 'structural_stability': np.float64(0.0)}"
126.0,21.0,231.0,0.15137614678899083,0.25,0.6476190476190476,0.4242424242424243,0.7652582159624413,0.07140797208781173,0.023432600221989057,3.0,0.6,0.9089999999999999,0.15137614678899083,1.0,0.0,0.2701689702694801,"{'growth_rate': np.float64(0.030275229357798167), 'density_change': np.float64(0.025), 'degree_change': np.float64(0.06476190476190477), 'fraud_growth': np.float64(0.08484848484848487), 'clustering_change': np.float64(0.038262910798122066), 'feature_drift': np.float64(0.010711195813171759), 'variance_drift': np.float64(0.0011716300110994528), 'node_churn': np.float64(0.015137614678899083), 'structural_stability': np.float64(0.0)}"
233.0,22.0,282.0,0.15137614678899083,0.25,0.6476190476190476,0.4242424242424243,0.7652582159624413,0.0708884547522426,0.023432600221989057,3.0,0.6,0.9393333333333334,0.15137614678899083,1.0,1.0,0.27009104266914474,"{'growth_rate': np.float64(0.030275229357798167), 'density_change': np.float64(0.025), 'degree_change': np.float64(0.06476190476190477), 'fraud_growth': np.float64(0.08484848484848487), 'clustering_change': np.float64(0.038262910798122066), 'feature_drift': np.float64(0.01063326821283639), 'variance_drift': np.float64(0.0011716300110994528), 'node_churn': np.float64(0.015137614678899083), 'structural_stability': np.float64(0.0)}"
183.0,22.0,388.0,0.15137614678899083,0.25,0.6476190476190476,0.4242424242424243,0.7652582159624413,0.0707622873318693,0.023432600221989057,3.0,0.6,0.9592333333333333,0.15137614678899083,1.0,0.0,0.27007211755608873,"{'growth_rate': np.float64(0.030275229357798167), 'density_change': np.float64(0.025), 'degree_change': np.float64(0.06476190476190477), 'fraud_growth': np.float64(0.08484848484848487), 'clustering_change': np.float64(0.038262910798122066), 'feature_drift': np.float64(0.010614343099780396), 'variance_drift': np.float64(0.0011716300110994528), 'node_churn': np.float64(0.015137614678899083), 'structural_stability': np.float64(0.0)}"
383.0,23.0,34.0,0.15137614678899083,0.25,0.6476190476190476,0.4242424242424243,0.7652582159624413,0.07059563002390994,0.023432600221989057,4.0,0.8,0.9438249999999999,0.15137614678899083,1.0,0.0,0.27004711895989486,"{'growth_rate': np.float64(0.030275229357798167), 'density_change': np.float64(0.025), 'degree_change': np.float64(0.06476190476190477), 'fraud_growth': np.float64(0.08484848484848487), 'clustering_change': np.float64(0.038262910798122066), 'feature_drift': np.float64(0.01058934450358649), 'variance_drift': np.float64(0.0011716300110994528), 'node_churn': np.float64(0.015137614678899083), 'structural_stability': np.float64(0.0)}"
686.0,23.0,182.0,0.15137614678899083,0.25,0.6476190476190476,0.4242424242424243,0.7652582159624413,0.07037995146924031,0.023432600221989057,2.0,0.4,0.97295,0.15137614678899083,1.0,1.0,0.2700147671766944,"{'growth_rate': np.float64(0.030275229357798167), 'density_change': np.float64(0.025), 'degree_change': np.float64(0.06476190476190477), 'fraud_growth': np.float64(0.08484848484848487), 'clustering_change': np.float64(0.038262910798122066), 'feature_drift': np.float64(0.010556992720386045), 'variance_drift': np.float64(0.0011716300110994528), 'node_churn': np.float64(0.015137614678899083), 'structural_stability': np.float64(0.0)}"
318.0,21.0,178.0,0.15137614678899083,0.25,0.6476190476190476,0.4242424242424243,0.7652582159624413,0.07002015742203677,0.023432600221989057,3.0,0.6,0.9463666666666667,0.15137614678899083,1.0,0.0,0.26996079806961387,"{'growth_rate': np.float64(0.030275229357798167), 'density_change': np.float64(0.025), 'degree_change': np.float64(0.06476190476190477), 'fraud_growth': np.float64(0.08484848484848487), 'clustering_change': np.float64(0.038262910798122066), 'feature_drift': np.float64(0.010503023613305514), 'variance_drift': np.float64(0.0011716300110994528), 'node_churn': np.float64(0.015137614678899083), 'structural_stability': np.float64(0.0)}"
182.0,21.0,68.0,0.15137614678899083,0.25,0.6476190476190476,0.4242424242424243,0.7652582159624413,0.06991309249303758,0.023432600221989057,3.0,0.6,0.9771666666666667,0.15137614678899083,1.0,0.0,0.269944738330264,"{'growth_rate': np.float64(0.030275229357798167), 'density_change': np.float64(0.025), 'degree_change': np.float64(0.06476190476190477), 'fraud_growth': np.float64(0.08484848484848487), 'clustering_change': np.float64(0.038262910798122066), 'feature_drift': np.float64(0.010486963873955637), 'variance_drift': np.float64(0.0011716300110994528), 'node_churn': np.float64(0.015137614678899083), 'structural_stability': np.float64(0.0)}"
148.0,21.0,44.0,0.15137614678899083,0.25,0.6476190476190476,0.4242424242424243,0.7652582159624413,0.06767933230022702,0.02950372668504515,3.0,0.6,0.8957,0.15137614678899083,1.0,1.0,0.26991323062449524,"{'growth_rate': np.float64(0.030275229357798167), 'density_change': np.float64(0.025), 'degree_change': np.float64(0.06476190476190477), 'fraud_growth': np.float64(0.08484848484848487), 'clustering_change': np.float64(0.038262910798122066), 'feature_drift': np.float64(0.010151899845034052), 'variance_drift': np.float64(0.0014751863342522577), 'node_churn': np.float64(0.015137614678899083), 'structural_stability': np.float64(0.0)}"
326.0,21.0,211.0,0.15137614678899083,0.25,0.6476190476190476,0.4242424242424243,0.7652582159624413,0.06967958065632737,0.023432600221989057,3.0,0.6,0.9464,0.15137614678899083,1.0,0.0,0.26990971155475746,"{'growth_rate': np.float64(0.030275229357798167), 'density_change': np.float64(0.025), 'degree_change': np.float64(0.06476190476190477), 'fraud_growth': np.float64(0.08484848484848487), 'clustering_change': np.float64(0.038262910798122066), 'feature_drift': np.float64(0.010451937098449106), 'variance_drift': np.float64(0.0011716300110994528), 'node_churn': np.float64(0.015137614678899083), 'structural_stability': np.float64(0.0)}"
272.0,21.0,219.0,0.15137614678899083,0.25,0.6476190476190476,0.4242424242424243,0.7652582159624413,0.06889547422848359,0.023432600221989057,3.0,0.6,0.9441333333333333,0.15137614678899083,1.0,0.0,0.26979209559058087,"{'growth_rate': np.float64(0.030275229357798167), 'density_change': np.float64(0.025), 'degree_change': np.float64(0.06476190476190477), 'fraud_growth': np.float64(0.08484848484848487), 'clustering_change': np.float64(0.038262910798122066), 'feature_drift': np.float64(0.010334321134272538), 'variance_drift': np.float64(0.0011716300110994528), 'node_churn': np.float64(0.015137614678899083), 'structural_stability': np.float64(0.0)}"
292.0,22.0,296.0,0.15137614678899083,0.25,0.6476190476190476,0.4242424242424243,0.7652582159624413,0.06822216595386336,0.023432600221989057,3.0,0.6,0.967,0.15137614678899083,1.0,0.0,0.26969109934938784,"{'growth_rate': np.float64(0.030275229357798167), 'density_change': np.float64(0.025), 'degree_change': np.float64(0.06476190476190477), 'fraud_growth': np.float64(0.08484848484848487), 'clustering_change': np.float64(0.038262910798122066), 'feature_drift': np.float64(0.010233324893079505), 'variance_drift': np.float64(0.0011716300110994528), 'node_churn': np.float64(0.015137614678899083), 'structural_stability': np.float64(0.0)}"
380.0,22.0,494.0,0.15137614678899083,0.25,0.6476190476190476,0.4242424242424243,0.7652582159624413,0.0671773896094384,0.023432600221989057,3.0,0.6,0.9901,0.15137614678899083,1.0,0.0,0.26953438289772413,"{'growth_rate': np.float64(0.030275229357798167), 'density_change': np.float64(0.025), 'degree_change': np.float64(0.06476190476190477), 'fraud_growth': np.float64(0.08484848484848487), 'clustering_change': np.float64(0.038262910798122066), 'feature_drift': np.float64(0.01007660844141576), 'variance_drift': np.float64(0.0011716300110994528), 'node_churn': np.float64(0.015137614678899083), 'structural_stability': np.float64(0.0)}"
240.0,22.0,224.0,0.15137614678899083,0.25,0.6476190476190476,0.4242424242424243,0.7652582159624413,0.06698873732111664,0.023432600221989057,3.0,0.6,0.9392999999999999,0.15137614678899083,1.0,0.0,0.2695060850544759,"{'growth_rate': np.float64(0.030275229357798167), 'density_change': np.float64(0.025), 'degree_change': np.float64(0.06476190476190477), 'fraud_growth': np.float64(0.08484848484848487), 'clustering_change': np.float64(0.038262910798122066), 'feature_drift': np.float64(0.010048310598167496), 'variance_drift': np.float64(0.0011716300110994528), 'node_churn': np.float64(0.015137614678899083), 'structural_stability': np.float64(0.0)}"
325.0,21.0,80.0,0.15137614678899083,0.25,0.6476190476190476,0.4242424242424243,0.7652582159624413,0.06611846814441784,0.023432600221989057,3.0,0.6,0.9986333333333333,0.15137614678899083,1.0,0.0,0.26937554467797103,"{'growth_rate': np.float64(0.030275229357798167), 'density_change': np.float64(0.025), 'degree_change': np.float64(0.06476190476190477), 'fraud_growth': np.float64(0.08484848484848487), 'clustering_change': np.float64(0.038262910798122066), 'feature_drift': np.float64(0.009917770221662675), 'variance_drift': np.float64(0.0011716300110994528), 'node_churn': np.float64(0.015137614678899083), 'structural_stability': np.float64(0.0)}"
274.0,21.0,214.0,0.15137614678899083,0.25,0.6476190476190476,0.4242424242424243,0.7652582159624413,0.06583591834472656,0.023432600221989057,2.0,0.4,0.96285,0.15137614678899083,1.0,0.0,0.26933316220801734,"{'growth_rate': np.float64(0.030275229357798167), 'density_change': np.float64(0.025), 'degree_change': np.float64(0.06476190476190477), 'fraud_growth': np.float64(0.08484848484848487), 'clustering_change': np.float64(0.038262910798122066), 'feature_drift': np.float64(0.009875387751708984), 'variance_drift': np.float64(0.0011716300110994528), 'node_churn': np.float64(0.015137614678899083), 'structural_stability': np.float64(0.0)}"
237.0,21.0,39.0,0.15137614678899083,0.25,0.6476190476190476,0.4242424242424243,0.7652582159624413,0.0653086358292021,0.023432600221989057,2.0,0.4,0.98295,0.15137614678899083,1.0,0.0,0.26925406983068867,"{'growth_rate': np.float64(0.030275229357798167), 'density_change': np.float64(0.025), 'degree_change': np.float64(0.06476190476190477), 'fraud_growth': np.float64(0.08484848484848487), 'clustering_change': np.float64(0.038262910798122066), 'feature_drift': np.float64(0.009796295374380315), 'variance_drift': np.float64(0.0011716300110994528), 'node_churn': np.float64(0.015137614678899083), 'structural_stability': np.float64(0.0)}"
321.0,21.0,36.0,0.15137614678899083,0.25,0.6476190476190476,0.4242424242424243,0.7652582159624413,0.06529453148688877,0.023432600221989057,5.0,1.0,0.93794,0.15137614678899083,1.0,0.0,0.26925195417934167,"{'growth_rate': np.float64(0.030275229357798167), 'density_change': np.float64(0.025), 'degree_change': np.float64(0.06476190476190477), 'fraud_growth': np.float64(0.08484848484848487), 'clustering_change': np.float64(0.038262910798122066), 'feature_drift': np.float64(0.009794179723033316), 'variance_drift': np.float64(0.0011716300110994528), 'node_churn': np.float64(0.015137614678899083), 'structural_stability': np.float64(0.0)}"
300.0,22.0,287.0,0.15137614678899083,0.25,0.6476190476190476,0.4242424242424243,0.7652582159624413,0.06481152382426726,0.023432600221989057,3.0,0.6,0.9699,0.15137614678899083,1.0,0.0,0.2691795030299484,"{'growth_rate': np.float64(0.030275229357798167), 'density_change': np.float64(0.025), 'degree_change': np.float64(0.06476190476190477), 'fraud_growth': np.float64(0.08484848484848487), 'clustering_change': np.float64(0.038262910798122066), 'feature_drift': np.float64(0.00972172857364009), 'variance_drift': np.float64(0.0011716300110994528), 'node_churn': np.float64(0.015137614678899083), 'structural_stability': np.float64(0.0)}"
136.0,22.0,341.0,0.15137614678899083,0.25,0.6476190476190476,0.4242424242424243,0.7652582159624413,0.06470526751701582,0.023432600221989057,3.0,0.6,0.9165666666666666,0.15137614678899083,1.0,0.0,0.2691635645838607,"{'growth_rate': np.float64(0.030275229357798167), 'density_change': np.float64(0.025), 'degree_change': np.float64(0.06476190476190477), 'fraud_growth': np.float64(0.08484848484848487), 'clustering_change': np.float64(0.038262910798122066), 'feature_drift': np.float64(0.009705790127552372), 'variance_drift': np.float64(0.0011716300110994528), 'node_churn': np.float64(0.015137614678899083), 'structural_stability': np.float64(0.0)}"
304.0,22.0,350.0,0.15137614678899083,0.25,0.6476190476190476,0.4242424242424243,0.7652582159624413,0.06463490089274646,0.023432600221989057,4.0,0.8,0.95565,0.15137614678899083,1.0,0.0,0.2691530095902203,"{'growth_rate': np.float64(0.030275229357798167), 'density_change': np.float64(0.025), 'degree_change': np.float64(0.06476190476190477), 'fraud_growth': np.float64(0.08484848484848487), 'clustering_change': np.float64(0.038262910798122066), 'feature_drift': np.float64(0.009695235133911968), 'variance_drift': np.float64(0.0011716300110994528), 'node_churn': np.float64(0.015137614678899083), 'structural_stability': np.float64(0.0)}"
321.0,23.0,45.0,0.15137614678899083,0.25,0.6476190476190476,0.4242424242424243,0.7652582159624413,0.06386991054378462,0.023432600221989057,5.0,1.0,0.93794,0.15137614678899083,1.0,0.0,0.26903826103787604,"{'growth_rate': np.float64(0.030275229357798167), 'density_change': np.float64(0.025), 'degree_change': np.float64(0.06476190476190477), 'fraud_growth': np.float64(0.08484848484848487), 'clustering_change': np.float64(0.038262910798122066), 'feature_drift': np.float64(0.009580486581567692), 'variance_drift': np.float64(0.0011716300110994528), 'node_churn': np.float64(0.015137614678899083), 'structural_stability': np.float64(0.0)}"
301.0,22.0,331.0,0.15137614678899083,0.25,0.6476190476190476,0.4242424242424243,0.7652582159624413,0.06205545241058864,0.023432600221989057,3.0,0.6,0.9357333333333333,0.15137614678899083,1.0,1.0,0.26876609231789667,"{'growth_rate': np.float64(0.030275229357798167), 'density_change': np.float64(0.025), 'degree_change': np.float64(0.06476190476190477), 'fraud_growth': np.float64(0.08484848484848487), 'clustering_change': np.float64(0.038262910798122066), 'feature_drift': np.float64(0.009308317861588295), 'variance_drift': np.float64(0.0011716300110994528), 'node_churn': np.float64(0.015137614678899083), 'structural_stability': np.float64(0.0)}"
158.0,21.0,108.0,0.15137614678899083,0.25,0.6476190476190476,0.4242424242424243,0.7652582159624413,0.061496353039549936,0.023432600221989057,2.0,0.4,0.9662,0.15137614678899083,1.0,0.0,0.26868222741224085,"{'growth_rate': np.float64(0.030275229357798167), 'density_change': np.float64(0.025), 'degree_change': np.float64(0.06476190476190477), 'fraud_growth': np.float64(0.08484848484848487), 'clustering_change': np.float64(0.038262910798122066), 'feature_drift': np.float64(0.00922445295593249), 'variance_drift': np.float64(0.0011716300110994528), 'node_churn': np.float64(0.015137614678899083), 'structural_stability': np.float64(0.0)}"
232.0,21.0,27.0,0.15137614678899083,0.25,0.6476190476190476,0.4242424242424243,0.7652582159624413,0.05944798737432221,0.02891202562727546,4.0,0.8,0.9259499999999999,0.15137614678899083,1.0,1.0,0.26864894383272103,"{'growth_rate': np.float64(0.030275229357798167), 'density_change': np.float64(0.025), 'degree_change': np.float64(0.06476190476190477), 'fraud_growth': np.float64(0.08484848484848487), 'clustering_change': np.float64(0.038262910798122066), 'feature_drift': np.float64(0.008917198106148331), 'variance_drift': np.float64(0.0014456012813637731), 'node_churn': np.float64(0.015137614678899083), 'structural_stability': np.float64(0.0)}"
232.0,23.0,171.0,0.15137614678899083,0.25,0.6476190476190476,0.4242424242424243,0.7652582159624413,0.06207071454707931,0.02102387354141584,4.0,0.8,0.9259499999999999,0.15137614678899083,1.0,1.0,0.2686479453043416,"{'growth_rate': np.float64(0.030275229357798167), 'density_change': np.float64(0.025), 'degree_change': np.float64(0.06476190476190477), 'fraud_growth': np.float64(0.08484848484848487), 'clustering_change': np.float64(0.038262910798122066), 'feature_drift': np.float64(0.009310607182061897), 'variance_drift': np.float64(0.0010511936770707922), 'node_churn': np.float64(0.015137614678899083), 'structural_stability': np.float64(0.0)}"
206.0,22.0,102.0,0.15137614678899083,0.25,0.6476190476190476,0.4242424242424243,0.7652582159624413,0.061247696279429976,0.023432600221989057,3.0,0.6,0.9691000000000001,0.15137614678899083,1.0,0.0,0.26864492889822283,"{'growth_rate': np.float64(0.030275229357798167), 'density_change': np.float64(0.025), 'degree_change': np.float64(0.06476190476190477), 'fraud_growth': np.float64(0.08484848484848487), 'clustering_change': np.float64(0.038262910798122066), 'feature_drift': np.float64(0.009187154441914496), 'variance_drift': np.float64(0.0011716300110994528), 'node_churn': np.float64(0.015137614678899083), 'structural_stability': np.float64(0.0)}"
397.0,22.0,380.0,0.15137614678899083,0.25,0.6476190476190476,0.4242424242424243,0.7652582159624413,0.06093239013965191,0.023432600221989057,2.0,0.4,0.977,0.15137614678899083,1.0,0.0,0.26859763297725614,"{'growth_rate': np.float64(0.030275229357798167), 'density_change': np.float64(0.025), 'degree_change': np.float64(0.06476190476190477), 'fraud_growth': np.float64(0.08484848484848487), 'clustering_change': np.float64(0.038262910798122066), 'feature_drift': np.float64(0.009139858520947786), 'variance_drift': np.float64(0.0011716300110994528), 'node_churn': np.float64(0.015137614678899083), 'structural_stability': np.float64(0.0)}"
296.0,22.0,423.0,0.15137614678899083,0.25,0.6476190476190476,0.4242424242424243,0.7652582159624413,0.06062802096791583,0.023432600221989057,3.0,0.6,0.968,0.15137614678899083,1.0,0.0,0.26855197760149574,"{'growth_rate': np.float64(0.030275229357798167), 'density_change': np.float64(0.025), 'degree_change': np.float64(0.06476190476190477), 'fraud_growth': np.float64(0.08484848484848487), 'clustering_change': np.float64(0.038262910798122066), 'feature_drift': np.float64(0.009094203145187375), 'variance_drift': np.float64(0.0011716300110994528), 'node_churn': np.float64(0.015137614678899083), 'structural_stability': np.float64(0.0)}"
777.0,23.0,21.0,0.15137614678899083,0.25,0.6476190476190476,0.4242424242424243,0.7652582159624413,0.06061280309918164,0.023432600221989057,3.0,0.6,0.9646333333333333,0.15137614678899083,1.0,1.0,0.2685496949211856,"{'growth_rate': np.float64(0.030275229357798167), 'density_change': np.float64(0.025), 'degree_change': np.float64(0.06476190476190477), 'fraud_growth': np.float64(0.08484848484848487), 'clustering_change': np.float64(0.038262910798122066), 'feature_drift': np.float64(0.009091920464877246), 'variance_drift': np.float64(0.0011716300110994528), 'node_churn': np.float64(0.015137614678899083), 'structural_stability': np.float64(0.0)}"
304.0,23.0,78.0,0.15137614678899083,0.25,0.6476190476190476,0.4242424242424243,0.7652582159624413,0.060386809170315005,0.023432600221989057,4.0,0.8,0.95565,0.15137614678899083,1.0,0.0,0.2685157958318556,"{'growth_rate': np.float64(0.030275229357798167), 'density_change': np.float64(0.025), 'degree_change': np.float64(0.06476190476190477), 'fraud_growth': np.float64(0.08484848484848487), 'clustering_change': np.float64(0.038262910798122066), 'feature_drift': np.float64(0.00905802137554725), 'variance_drift': np.float64(0.0011716300110994528), 'node_churn': np.float64(0.015137614678899083), 'structural_stability': np.float64(0.0)}"
783.0,23.0,4.0,0.15137614678899083,0.25,0.6476190476190476,0.4242424242424243,0.7652582159624413,0.06011049909245416,0.023432600221989057,3.0,0.6,0.9456000000000001,0.15137614678899083,1.0,0.0,0.2684743493201765,"{'growth_rate': np.float64(0.030275229357798167), 'density_change': np.float64(0.025), 'degree_change': np.float64(0.06476190476190477), 'fraud_growth': np.float64(0.08484848484848487), 'clustering_change': np.float64(0.038262910798122066), 'feature_drift': np.float64(0.009016574863868124), 'variance_drift': np.float64(0.0011716300110994528), 'node_churn': np.float64(0.015137614678899083), 'structural_stability': np.float64(0.0)}"
191.0,22.0,467.0,0.15137614678899083,0.25,0.6476190476190476,0.4242424242424243,0.7652582159624413,0.06048785115817714,0.020576303822589948,5.0,1.0,0.7872799999999999,0.15137614678899083,1.0,1.0,0.268388137310065,"{'growth_rate': np.float64(0.030275229357798167), 'density_change': np.float64(0.025), 'degree_change': np.float64(0.06476190476190477), 'fraud_growth': np.float64(0.08484848484848487), 'clustering_change': np.float64(0.038262910798122066), 'feature_drift': np.float64(0.009073177673726571), 'variance_drift': np.float64(0.0010288151911294974), 'node_churn': np.float64(0.015137614678899083), 'structural_stability': np.float64(0.0)}"
272.0,22.0,458.0,0.15137614678899083,0.25,0.6476190476190476,0.4242424242424243,0.7652582159624413,0.0592871455736339,0.023432600221989057,3.0,0.6,0.9441333333333333,0.15137614678899083,1.0,0.0,0.26835084629235345,"{'growth_rate': np.float64(0.030275229357798167), 'density_change': np.float64(0.025), 'degree_change': np.float64(0.06476190476190477), 'fraud_growth': np.float64(0.08484848484848487), 'clustering_change': np.float64(0.038262910798122066), 'feature_drift': np.float64(0.008893071836045085), 'variance_drift': np.float64(0.0011716300110994528), 'node_churn': np.float64(0.015137614678899083), 'structural_stability': np.float64(0.0)}"
349.0,22.0,161.0,0.15137614678899083,0.25,0.6476190476190476,0.4242424242424243,0.7652582159624413,0.05899208522949965,0.023432600221989057,2.0,0.4,0.9824999999999999,0.15137614678899083,1.0,0.0,0.2683065872407333,"{'growth_rate': np.float64(0.030275229357798167), 'density_change': np.float64(0.025), 'degree_change': np.float64(0.06476190476190477), 'fraud_growth': np.float64(0.08484848484848487), 'clustering_change': np.float64(0.038262910798122066), 'feature_drift': np.float64(0.008848812784424946), 'variance_drift': np.float64(0.0011716300110994528), 'node_churn': np.float64(0.015137614678899083), 'structural_stability': np.float64(0.0)}"
761.0,23.0,206.0,0.15137614678899083,0.25,0.6476190476190476,0.4242424242424243,0.7652582159624413,0.058405947830805036,0.023432600221989057,2.0,0.4,0.90845,0.15137614678899083,1.0,1.0,0.2682186666309291,"{'growth_rate': np.float64(0.030275229357798167), 'density_change': np.float64(0.025), 'degree_change': np.float64(0.06476190476190477), 'fraud_growth': np.float64(0.08484848484848487), 'clustering_change': np.float64(0.038262910798122066), 'feature_drift': np.float64(0.008760892174620755), 'variance_drift': np.float64(0.0011716300110994528), 'node_churn': np.float64(0.015137614678899083), 'structural_stability': np.float64(0.0)}"
183.0,21.0,174.0,0.15137614678899083,0.25,0.6476190476190476,0.4242424242424243,0.7652582159624413,0.057657878847488506,0.023432600221989057,3.0,0.6,0.9592333333333333,0.15137614678899083,1.0,0.0,0.2681064562834316,"{'growth_rate': np.float64(0.030275229357798167), 'density_change': np.float64(0.025), 'degree_change': np.float64(0.06476190476190477), 'fraud_growth': np.float64(0.08484848484848487), 'clustering_change': np.float64(0.038262910798122066), 'feature_drift': np.float64(0.008648681827123276), 'variance_drift': np.float64(0.0011716300110994528), 'node_churn': np.float64(0.015137614678899083), 'structural_stability': np.float64(0.0)}"
783.0,24.0,151.0,0.15137614678899083,0.25,0.6476190476190476,0.4242424242424243,0.7652582159624413,0.05763192692179256,0.023432600221989057,3.0,0.6,0.9456000000000001,0.15137614678899083,1.0,0.0,0.26810256349457723,"{'growth_rate': np.float64(0.030275229357798167), 'density_change': np.float64(0.025), 'degree_change': np.float64(0.06476190476190477), 'fraud_growth': np.float64(0.08484848484848487), 'clustering_change': np.float64(0.038262910798122066), 'feature_drift': np.float64(0.008644789038268883), 'variance_drift': np.float64(0.0011716300110994528), 'node_churn': np.float64(0.015137614678899083), 'structural_stability': np.float64(0.0)}"
103.0,22.0,460.0,0.15137614678899083,0.25,0.6476190476190476,0.4242424242424243,0.7652582159624413,0.055185376318056874,0.029802498783414472,4.0,0.8,0.914225,0.15137614678899083,1.0,1.0,0.2680540758320882,"{'growth_rate': np.float64(0.030275229357798167), 'density_change': np.float64(0.025), 'degree_change': np.float64(0.06476190476190477), 'fraud_growth': np.float64(0.08484848484848487), 'clustering_change': np.float64(0.038262910798122066), 'feature_drift': np.float64(0.00827780644770853), 'variance_drift': np.float64(0.0014901249391707236), 'node_churn': np.float64(0.015137614678899083), 'structural_stability': np.float64(0.0)}"
332.0,22.0,40.0,0.12101887073916613,0.28086718246292713,0.5597339858209425,0.527089072543618,0.0,0.0856333376987107,0.01107424570374526,2.0,0.4,0.88205,0.12101887073916613,0.42270686070686087,1.0,0.26804696246351123,"{'growth_rate': np.float64(0.02420377414783323), 'density_change': np.float64(0.028086718246292715), 'degree_change': np.float64(0.05597339858209425), 'fraud_growth': np.float64(0.10541781450872362), 'clustering_change': np.float64(0.0), 'feature_drift': np.float64(0.012845000654806605), 'variance_drift': np.float64(0.0005537122851872631), 'node_churn': np.float64(0.012101887073916615), 'structural_stability': np.float64(0.028864656964656954)}"
231.0,21.0,212.0,0.15137614678899083,0.25,0.6476190476190476,0.4242424242424243,0.7652582159624413,0.05661512159612757,0.023432600221989057,2.0,0.4,0.9662999999999999,0.15137614678899083,1.0,0.0,0.2679500426957275,"{'growth_rate': np.float64(0.030275229357798167), 'density_change': np.float64(0.025), 'degree_change': np.float64(0.06476190476190477), 'fraud_growth': np.float64(0.08484848484848487), 'clustering_change': np.float64(0.038262910798122066), 'feature_drift': np.float64(0.008492268239419135), 'variance_drift': np.float64(0.0011716300110994528), 'node_churn': np.float64(0.015137614678899083), 'structural_stability': np.float64(0.0)}"
321.0,22.0,244.0,0.15137614678899083,0.25,0.6476190476190476,0.4242424242424243,0.7652582159624413,0.05360910997793614,0.023432600221989057,5.0,1.0,0.93794,0.15137614678899083,1.0,0.0,0.26749914095299876,"{'growth_rate': np.float64(0.030275229357798167), 'density_change': np.float64(0.025), 'degree_change': np.float64(0.06476190476190477), 'fraud_growth': np.float64(0.08484848484848487), 'clustering_change': np.float64(0.038262910798122066), 'feature_drift': np.float64(0.008041366496690421), 'variance_drift': np.float64(0.0011716300110994528), 'node_churn': np.float64(0.015137614678899083), 'structural_stability': np.float64(0.0)}"
178.0,22.0,459.0,0.15137614678899083,0.25,0.6476190476190476,0.4242424242424243,0.7652582159624413,0.053379465644559684,0.023432600221989057,3.0,0.6,0.9132666666666666,0.15137614678899083,1.0,0.0,0.2674646943029923,"{'growth_rate': np.float64(0.030275229357798167), 'density_change': np.float64(0.025), 'degree_change': np.float64(0.06476190476190477), 'fraud_growth': np.float64(0.08484848484848487), 'clustering_change': np.float64(0.038262910798122066), 'feature_drift': np.float64(0.008006919846683952), 'variance_drift': np.float64(0.0011716300110994528), 'node_churn': np.float64(0.015137614678899083), 'structural_stability': np.float64(0.0)}"
417.0,22.0,75.0,0.15137614678899083,0.25,0.6476190476190476,0.4242424242424243,0.7652582159624413,0.052888934524885946,0.023432600221989057,2.0,0.4,0.988,0.15137614678899083,1.0,0.0,0.2673911146350412,"{'growth_rate': np.float64(0.030275229357798167), 'density_change': np.float64(0.025), 'degree_change': np.float64(0.06476190476190477), 'fraud_growth': np.float64(0.08484848484848487), 'clustering_change': np.float64(0.038262910798122066), 'feature_drift': np.float64(0.007933340178732892), 'variance_drift': np.float64(0.0011716300110994528), 'node_churn': np.float64(0.015137614678899083), 'structural_stability': np.float64(0.0)}"
166.0,22.0,49.0,0.15137614678899083,0.25,0.6476190476190476,0.4242424242424243,0.7652582159624413,0.05247040629596363,0.023432600221989057,3.0,0.6,0.9367333333333333,0.15137614678899083,1.0,1.0,0.2673283354007029,"{'growth_rate': np.float64(0.030275229357798167), 'density_change': np.float64(0.025), 'degree_change': np.float64(0.06476190476190477), 'fraud_growth': np.float64(0.08484848484848487), 'clustering_change': np.float64(0.038262910798122066), 'feature_drift': np.float64(0.007870560944394544), 'variance_drift': np.float64(0.0011716300110994528), 'node_churn': np.float64(0.015137614678899083), 'structural_stability': np.float64(0.0)}"
296.0,21.0,224.0,0.15137614678899083,0.25,0.6476190476190476,0.4242424242424243,0.7652582159624413,0.052270982545566634,0.023432600221989057,3.0,0.6,0.968,0.15137614678899083,1.0,0.0,0.26729842183814334,"{'growth_rate': np.float64(0.030275229357798167), 'density_change': np.float64(0.025), 'degree_change': np.float64(0.06476190476190477), 'fraud_growth': np.float64(0.08484848484848487), 'clustering_change': np.float64(0.038262910798122066), 'feature_drift': np.float64(0.007840647381834995), 'variance_drift': np.float64(0.0011716300110994528), 'node_churn': np.float64(0.015137614678899083), 'structural_stability': np.float64(0.0)}"
159.0,23.0,84.0,0.15137614678899083,0.25,0.6476190476190476,0.4242424242424243,0.7652582159624413,0.052204259990681394,0.023432600221989057,4.0,0.8,0.9442999999999999,0.15137614678899083,1.0,0.0,0.26728841345491056,"{'growth_rate': np.float64(0.030275229357798167), 'density_change': np.float64(0.025), 'degree_change': np.float64(0.06476190476190477), 'fraud_growth': np.float64(0.08484848484848487), 'clustering_change': np.float64(0.038262910798122066), 'feature_drift': np.float64(0.007830638998602209), 'variance_drift': np.float64(0.0011716300110994528), 'node_churn': np.float64(0.015137614678899083), 'structural_stability': np.float64(0.0)}"
322.0,22.0,437.0,0.15137614678899083,0.25,0.6476190476190476,0.4242424242424243,0.7652582159624413,0.05209344082999229,0.023432600221989057,3.0,0.6,0.9228999999999999,0.15137614678899083,1.0,0.0,0.2672717905808072,"{'growth_rate': np.float64(0.030275229357798167), 'density_change': np.float64(0.025), 'degree_change': np.float64(0.06476190476190477), 'fraud_growth': np.float64(0.08484848484848487), 'clustering_change': np.float64(0.038262910798122066), 'feature_drift': np.float64(0.007814016124498844), 'variance_drift': np.float64(0.0011716300110994528), 'node_churn': np.float64(0.015137614678899083), 'structural_stability': np.float64(0.0)}"
726.0,23.0,110.0,0.15137614678899083,0.25,0.6476190476190476,0.4242424242424243,0.7652582159624413,0.0517444278562671,0.023432600221989057,2.0,0.4,0.9796,0.15137614678899083,1.0,0.0,0.2672194386347484,"{'growth_rate': np.float64(0.030275229357798167), 'density_change': np.float64(0.025), 'degree_change': np.float64(0.06476190476190477), 'fraud_growth': np.float64(0.08484848484848487), 'clustering_change': np.float64(0.038262910798122066), 'feature_drift': np.float64(0.0077616641784400645), 'variance_drift': np.float64(0.0011716300110994528), 'node_churn': np.float64(0.015137614678899083), 'structural_stability': np.float64(0.0)}"
159.0,22.0,419.0,0.15137614678899083,0.25,0.6476190476190476,0.4242424242424243,0.7652582159624413,0.05065910211739711,0.023432600221989057,4.0,0.8,0.9442999999999999,0.15137614678899083,1.0,0.0,0.2670566397739179,"{'growth_rate': np.float64(0.030275229357798167), 'density_change': np.float64(0.025), 'degree_change': np.float64(0.06476190476190477), 'fraud_growth': np.float64(0.08484848484848487), 'clustering_change': np.float64(0.038262910798122066), 'feature_drift': np.float64(0.007598865317609566), 'variance_drift': np.float64(0.0011716300110994528), 'node_churn': np.float64(0.015137614678899083), 'structural_stability': np.float64(0.0)}"
263.0,22.0,293.0,0.15137614678899083,0.25,0.6476190476190476,0.4242424242424243,0.7652582159624413,0.04914858887316507,0.023432600221989057,3.0,0.6,0.9566333333333333,0.15137614678899083,1.0,0.0,0.2668300627872831,"{'growth_rate': np.float64(0.030275229357798167), 'density_change': np.float64(0.025), 'degree_change': np.float64(0.06476190476190477), 'fraud_growth': np.float64(0.08484848484848487), 'clustering_change': np.float64(0.038262910798122066), 'feature_drift': np.float64(0.00737228833097476), 'variance_drift': np.float64(0.0011716300110994528), 'node_churn': np.float64(0.015137614678899083), 'structural_stability': np.float64(0.0)}"
103.0,23.0,140.0,0.15137614678899083,0.25,0.6476190476190476,0.4242424242424243,0.7652582159624413,0.055015872212284926,0.005782757573231752,4.0,0.8,0.914225,0.15137614678899083,1.0,1.0,0.26682766315571327,"{'growth_rate': np.float64(0.030275229357798167), 'density_change': np.float64(0.025), 'degree_change': np.float64(0.06476190476190477), 'fraud_growth': np.float64(0.08484848484848487), 'clustering_change': np.float64(0.038262910798122066), 'feature_drift': np.float64(0.008252380831842739), 'variance_drift': np.float64(0.00028913787866158763), 'node_churn': np.float64(0.015137614678899083), 'structural_stability': np.float64(0.0)}"
774.0,23.0,159.0,0.15137614678899083,0.25,0.6476190476190476,0.4242424242424243,0.7652582159624413,0.04784789978850668,0.023432600221989057,3.0,0.6,0.9522666666666666,0.15137614678899083,1.0,0.0,0.2666349594245844,"{'growth_rate': np.float64(0.030275229357798167), 'density_change': np.float64(0.025), 'degree_change': np.float64(0.06476190476190477), 'fraud_growth': np.float64(0.08484848484848487), 'clustering_change': np.float64(0.038262910798122066), 'feature_drift': np.float64(0.007177184968276002), 'variance_drift': np.float64(0.0011716300110994528), 'node_churn': np.float64(0.015137614678899083), 'structural_stability': np.float64(0.0)}"
763.0,23.0,98.0,0.15137614678899083,0.25,0.6476190476190476,0.4242424242424243,0.7652582159624413,0.04703925151324971,0.023432600221989057,2.0,0.4,0.9857,0.15137614678899083,1.0,0.0,0.2665136621832958,"{'growth_rate': np.float64(0.030275229357798167), 'density_change': np.float64(0.025), 'degree_change': np.float64(0.06476190476190477), 'fraud_growth': np.float64(0.08484848484848487), 'clustering_change': np.float64(0.038262910798122066), 'feature_drift': np.float64(0.007055887726987457), 'variance_drift': np.float64(0.0011716300110994528), 'node_churn': np.float64(0.015137614678899083), 'structural_stability': np.float64(0.0)}"
746.0,23.0,151.0,0.15137614678899083,0.25,0.6476190476190476,0.4242424242424243,0.7652582159624413,0.046204157823608115,0.023432600221989057,2.0,0.4,0.9674,0.15137614678899083,1.0,0.0,0.26638839812984955,"{'growth_rate': np.float64(0.030275229357798167), 'density_change': np.float64(0.025), 'degree_change': np.float64(0.06476190476190477), 'fraud_growth': np.float64(0.08484848484848487), 'clustering_change': np.float64(0.038262910798122066), 'feature_drift': np.float64(0.006930623673541217), 'variance_drift': np.float64(0.0011716300110994528), 'node_churn': np.float64(0.015137614678899083), 'structural_stability': np.float64(0.0)}"
394.0,22.0,103.0,0.15137614678899083,0.25,0.6476190476190476,0.4242424242424243,0.7652582159624413,0.045728599021137455,0.023432600221989057,2.0,0.4,0.99925,0.15137614678899083,1.0,0.0,0.266317064309479,"{'growth_rate': np.float64(0.030275229357798167), 'density_change': np.float64(0.025), 'degree_change': np.float64(0.06476190476190477), 'fraud_growth': np.float64(0.08484848484848487), 'clustering_change': np.float64(0.038262910798122066), 'feature_drift': np.float64(0.006859289853170618), 'variance_drift': np.float64(0.0011716300110994528), 'node_churn': np.float64(0.015137614678899083), 'structural_stability': np.float64(0.0)}"
803.0,24.0,123.0,0.15137614678899083,0.25,0.6476190476190476,0.4242424242424243,0.7652582159624413,0.04540127944571685,0.023432600221989057,3.0,0.6,0.9539,0.15137614678899083,1.0,0.0,0.2662679663731659,"{'growth_rate': np.float64(0.030275229357798167), 'density_change': np.float64(0.025), 'degree_change': np.float64(0.06476190476190477), 'fraud_growth': np.float64(0.08484848484848487), 'clustering_change': np.float64(0.038262910798122066), 'feature_drift': np.float64(0.006810191916857527), 'variance_drift': np.float64(0.0011716300110994528), 'node_churn': np.float64(0.015137614678899083), 'structural_stability': np.float64(0.0)}"
273.0,21.0,105.0,0.15137614678899083,0.25,0.6476190476190476,0.4242424242424243,0.7652582159624413,0.045306993826930035,0.023432600221989057,3.0,0.6,0.9592666666666667,0.15137614678899083,1.0,0.0,0.2662538235303479,"{'growth_rate': np.float64(0.030275229357798167), 'density_change': np.float64(0.025), 'degree_change': np.float64(0.06476190476190477), 'fraud_growth': np.float64(0.08484848484848487), 'clustering_change': np.float64(0.038262910798122066), 'feature_drift': np.float64(0.006796049074039505), 'variance_drift': np.float64(0.0011716300110994528), 'node_churn': np.float64(0.015137614678899083), 'structural_stability': np.float64(0.0)}"
11.0,21.0,18.0,0.25509683995922533,0.20769230769230773,0.991253644314869,0.0,0.7652582159624413,0.07287604932772808,0.04053911043695429,2.0,0.4,0.90335,0.2550968399592253,0.6306369378543513,0.0,0.2661130740148967,"{'growth_rate': np.float64(0.05101936799184507), 'density_change': np.float64(0.020769230769230776), 'degree_change': np.float64(0.0991253644314869), 'fraud_growth': np.float64(0.0), 'clustering_change': np.float64(0.038262910798122066), 'feature_drift': np.float64(0.010931407399159212), 'variance_drift': np.float64(0.0020269555218477143), 'node_churn': np.float64(0.02550968399592253), 'structural_stability': np.float64(0.018468153107282437)}"
304.0,21.0,201.0,0.15137614678899083,0.25,0.6476190476190476,0.4242424242424243,0.7652582159624413,0.04365336580770343,0.023432600221989057,4.0,0.8,0.95565,0.15137614678899083,1.0,0.0,0.2660057793274639,"{'growth_rate': np.float64(0.030275229357798167), 'density_change': np.float64(0.025), 'degree_change': np.float64(0.06476190476190477), 'fraud_growth': np.float64(0.08484848484848487), 'clustering_change': np.float64(0.038262910798122066), 'feature_drift': np.float64(0.0065480048711555145), 'variance_drift': np.float64(0.0011716300110994528), 'node_churn': np.float64(0.015137614678899083), 'structural_stability': np.float64(0.0)}"
238.0,22.0,411.0,0.15137614678899083,0.25,0.6476190476190476,0.4242424242424243,0.7652582159624413,0.04219570758295167,0.02771486647365846,3.0,0.6,0.9104333333333333,0.15137614678899083,1.0,1.0,0.2660012439063346,"{'growth_rate': np.float64(0.030275229357798167), 'density_change': np.float64(0.025), 'degree_change': np.float64(0.06476190476190477), 'fraud_growth': np.float64(0.08484848484848487), 'clustering_change': np.float64(0.038262910798122066), 'feature_drift': np.float64(0.00632935613744275), 'variance_drift': np.float64(0.0013857433236829232), 'node_churn': np.float64(0.015137614678899083), 'structural_stability': np.float64(0.0)}"
206.0,21.0,208.0,0.15137614678899083,0.25,0.6476190476190476,0.4242424242424243,0.7652582159624413,0.042500361418842794,0.023432600221989057,3.0,0.6,0.9691000000000001,0.15137614678899083,1.0,0.0,0.26583282866913477,"{'growth_rate': np.float64(0.030275229357798167), 'density_change': np.float64(0.025), 'degree_change': np.float64(0.06476190476190477), 'fraud_growth': np.float64(0.08484848484848487), 'clustering_change': np.float64(0.038262910798122066), 'feature_drift': np.float64(0.006375054212826419), 'variance_drift': np.float64(0.0011716300110994528), 'node_churn': np.float64(0.015137614678899083), 'structural_stability': np.float64(0.0)}"
595.0,24.0,205.0,0.15137614678899083,0.25,0.6476190476190476,0.4242424242424243,0.7652582159624413,0.042058942649010944,0.023432600221989057,3.0,0.6,0.9767,0.15137614678899083,1.0,0.0,0.26576661585366,"{'growth_rate': np.float64(0.030275229357798167), 'density_change': np.float64(0.025), 'degree_change': np.float64(0.06476190476190477), 'fraud_growth': np.float64(0.08484848484848487), 'clustering_change': np.float64(0.038262910798122066), 'feature_drift': np.float64(0.006308841397351641), 'variance_drift': np.float64(0.0011716300110994528), 'node_churn': np.float64(0.015137614678899083), 'structural_stability': np.float64(0.0)}"
205.0,21.0,173.0,0.15137614678899083,0.25,0.6476190476190476,0.4242424242424243,0.7652582159624413,0.04102140132260397,0.023432600221989057,3.0,0.6,0.9379666666666666,0.15137614678899083,1.0,0.0,0.26561098465469896,"{'growth_rate': np.float64(0.030275229357798167), 'density_change': np.float64(0.025), 'degree_change': np.float64(0.06476190476190477), 'fraud_growth': np.float64(0.08484848484848487), 'clustering_change': np.float64(0.038262910798122066), 'feature_drift': np.float64(0.006153210198390596), 'variance_drift': np.float64(0.0011716300110994528), 'node_churn': np.float64(0.015137614678899083), 'structural_stability': np.float64(0.0)}"
283.0,21.0,183.0,0.15137614678899083,0.25,0.6476190476190476,0.4242424242424243,0.7652582159624413,0.04073140579261084,0.023432600221989057,5.0,1.0,0.96272,0.15137614678899083,1.0,0.0,0.26556748532519997,"{'growth_rate': np.float64(0.030275229357798167), 'density_change': np.float64(0.025), 'degree_change': np.float64(0.06476190476190477), 'fraud_growth': np.float64(0.08484848484848487), 'clustering_change': np.float64(0.038262910798122066), 'feature_drift': np.float64(0.006109710868891626), 'variance_drift': np.float64(0.0011716300110994528), 'node_churn': np.float64(0.015137614678899083), 'structural_stability': np.float64(0.0)}"
103.0,21.0,129.0,0.15137614678899083,0.25,0.6476190476190476,0.4242424242424243,0.7652582159624413,0.04139154231253323,0.02119575445474141,4.0,0.8,0.914225,0.15137614678899083,1.0,1.0,0.265554663514826,"{'growth_rate': np.float64(0.030275229357798167), 'density_change': np.float64(0.025), 'degree_change': np.float64(0.06476190476190477), 'fraud_growth': np.float64(0.08484848484848487), 'clustering_change': np.float64(0.038262910798122066), 'feature_drift': np.float64(0.006208731346879984), 'variance_drift': np.float64(0.0010597877227370705), 'node_churn': np.float64(0.015137614678899083), 'structural_stability': np.float64(0.0)}"
275.0,21.0,49.0,0.15137614678899083,0.25,0.6476190476190476,0.4242424242424243,0.7652582159624413,0.040159492735111144,0.023432600221989057,2.0,0.4,0.97445,0.15137614678899083,1.0,1.0,0.26548169836657504,"{'growth_rate': np.float64(0.030275229357798167), 'density_change': np.float64(0.025), 'degree_change': np.float64(0.06476190476190477), 'fraud_growth': np.float64(0.08484848484848487), 'clustering_change': np.float64(0.038262910798122066), 'feature_drift': np.float64(0.0060239239102666715), 'variance_drift': np.float64(0.0011716300110994528), 'node_churn': np.float64(0.015137614678899083), 'structural_stability': np.float64(0.0)}"
232.0,22.0,508.0,0.15137614678899083,0.25,0.6476190476190476,0.4242424242424243,0.7652582159624413,0.03859995165989613,0.026156324451728084,4.0,0.8,0.9259499999999999,0.15137614678899083,1.0,1.0,0.2653839534167797,"{'growth_rate': np.float64(0.030275229357798167), 'density_change': np.float64(0.025), 'degree_change': np.float64(0.06476190476190477), 'fraud_growth': np.float64(0.08484848484848487), 'clustering_change': np.float64(0.038262910798122066), 'feature_drift': np.float64(0.0057899927489844195), 'variance_drift': np.float64(0.0013078162225864042), 'node_churn': np.float64(0.015137614678899083), 'structural_stability': np.float64(0.0)}"
314.0,24.0,163.0,0.15137614678899083,0.25,0.6476190476190476,0.4242424242424243,0.7652582159624413,0.038574343963389275,0.023432600221989057,5.0,1.0,0.9340599999999999,0.15137614678899083,1.0,0.0,0.26524392605081676,"{'growth_rate': np.float64(0.030275229357798167), 'density_change': np.float64(0.025), 'degree_change': np.float64(0.06476190476190477), 'fraud_growth': np.float64(0.08484848484848487), 'clustering_change': np.float64(0.038262910798122066), 'feature_drift': np.float64(0.005786151594508391), 'variance_drift': np.float64(0.0011716300110994528), 'node_churn': np.float64(0.015137614678899083), 'structural_stability': np.float64(0.0)}"
325.0,22.0,393.0,0.15137614678899083,0.25,0.6476190476190476,0.4242424242424243,0.7652582159624413,0.03848469679273161,0.023432600221989057,3.0,0.6,0.9986333333333333,0.15137614678899083,1.0,0.0,0.2652304789752181,"{'growth_rate': np.float64(0.030275229357798167), 'density_change': np.float64(0.025), 'degree_change': np.float64(0.06476190476190477), 'fraud_growth': np.float64(0.08484848484848487), 'clustering_change': np.float64(0.038262910798122066), 'feature_drift': np.float64(0.005772704518909741), 'variance_drift': np.float64(0.0011716300110994528), 'node_churn': np.float64(0.015137614678899083), 'structural_stability': np.float64(0.0)}"
165.0,21.0,204.0,0.15137614678899083,0.25,0.6476190476190476,0.4242424242424243,0.7652582159624413,0.037876271154502386,0.023432600221989057,3.0,0.6,0.9335,0.15137614678899083,1.0,0.0,0.26513921512948374,"{'growth_rate': np.float64(0.030275229357798167), 'density_change': np.float64(0.025), 'degree_change': np.float64(0.06476190476190477), 'fraud_growth': np.float64(0.08484848484848487), 'clustering_change': np.float64(0.038262910798122066), 'feature_drift': np.float64(0.005681440673175358), 'variance_drift': np.float64(0.0011716300110994528), 'node_churn': np.float64(0.015137614678899083), 'structural_stability': np.float64(0.0)}"
220.0,21.0,161.0,0.15137614678899083,0.25,0.6476190476190476,0.4242424242424243,0.7652582159624413,0.037037375509240376,0.023432600221989057,2.0,0.4,0.9763999999999999,0.15137614678899083,1.0,1.0,0.26501338078269443,"{'growth_rate': np.float64(0.030275229357798167), 'density_change': np.float64(0.025), 'degree_change': np.float64(0.06476190476190477), 'fraud_growth': np.float64(0.08484848484848487), 'clustering_change': np.float64(0.038262910798122066), 'feature_drift': np.float64(0.0055556063263860565), 'variance_drift': np.float64(0.0011716300110994528), 'node_churn': np.float64(0.015137614678899083), 'structural_stability': np.float64(0.0)}"
281.0,21.0,154.0,0.15137614678899083,0.25,0.6476190476190476,0.4242424242424243,0.7652582159624413,0.03691019091403382,0.023432600221989057,2.0,0.4,0.9756,0.15137614678899083,1.0,1.0,0.2649943030934135,"{'growth_rate': np.float64(0.030275229357798167), 'density_change': np.float64(0.025), 'degree_change': np.float64(0.06476190476190477), 'fraud_growth': np.float64(0.08484848484848487), 'clustering_change': np.float64(0.038262910798122066), 'feature_drift': np.float64(0.005536528637105073), 'variance_drift': np.float64(0.0011716300110994528), 'node_churn': np.float64(0.015137614678899083), 'structural_stability': np.float64(0.0)}"
283.0,22.0,472.0,0.15137614678899083,0.25,0.6476190476190476,0.4242424242424243,0.7652582159624413,0.036604534326671684,0.023432600221989057,5.0,1.0,0.96272,0.15137614678899083,1.0,0.0,0.26494845460530914,"{'growth_rate': np.float64(0.030275229357798167), 'density_change': np.float64(0.025), 'degree_change': np.float64(0.06476190476190477), 'fraud_growth': np.float64(0.08484848484848487), 'clustering_change': np.float64(0.038262910798122066), 'feature_drift': np.float64(0.005490680149000752), 'variance_drift': np.float64(0.0011716300110994528), 'node_churn': np.float64(0.015137614678899083), 'structural_stability': np.float64(0.0)}"
745.0,24.0,90.0,0.15137614678899083,0.25,0.6476190476190476,0.4242424242424243,0.7652582159624413,0.036318031543435526,0.023432600221989057,3.0,0.6,0.9325666666666667,0.15137614678899083,1.0,1.0,0.2649054791878237,"{'growth_rate': np.float64(0.030275229357798167), 'density_change': np.float64(0.025), 'degree_change': np.float64(0.06476190476190477), 'fraud_growth': np.float64(0.08484848484848487), 'clustering_change': np.float64(0.038262910798122066), 'feature_drift': np.float64(0.005447704731515329), 'variance_drift': np.float64(0.0011716300110994528), 'node_churn': np.float64(0.015137614678899083), 'structural_stability': np.float64(0.0)}"
772.0,24.0,204.0,0.15137614678899083,0.25,0.6476190476190476,0.4242424242424243,0.7652582159624413,0.03614058029016886,0.023432600221989057,3.0,0.6,0.9543666666666667,0.15137614678899083,1.0,0.0,0.26487886149983375,"{'growth_rate': np.float64(0.030275229357798167), 'density_change': np.float64(0.025), 'degree_change': np.float64(0.06476190476190477), 'fraud_growth': np.float64(0.08484848484848487), 'clustering_change': np.float64(0.038262910798122066), 'feature_drift': np.float64(0.005421087043525329), 'variance_drift': np.float64(0.0011716300110994528), 'node_churn': np.float64(0.015137614678899083), 'structural_stability': np.float64(0.0)}"
737.0,23.0,13.0,0.15137614678899083,0.25,0.6476190476190476,0.4242424242424243,0.7652582159624413,0.03439225663755322,0.023432600221989057,3.0,0.6,0.9657,0.15137614678899083,1.0,1.0,0.2646166129519414,"{'growth_rate': np.float64(0.030275229357798167), 'density_change': np.float64(0.025), 'degree_change': np.float64(0.06476190476190477), 'fraud_growth': np.float64(0.08484848484848487), 'clustering_change': np.float64(0.038262910798122066), 'feature_drift': np.float64(0.005158838495632983), 'variance_drift': np.float64(0.0011716300110994528), 'node_churn': np.float64(0.015137614678899083), 'structural_stability': np.float64(0.0)}"
418.0,22.0,299.0,0.15137614678899083,0.25,0.6476190476190476,0.4242424242424243,0.7652582159624413,0.03420356847795829,0.023432600221989057,2.0,0.4,0.9929,0.15137614678899083,1.0,0.0,0.2645883097280021,"{'growth_rate': np.float64(0.030275229357798167), 'density_change': np.float64(0.025), 'degree_change': np.float64(0.06476190476190477), 'fraud_growth': np.float64(0.08484848484848487), 'clustering_change': np.float64(0.038262910798122066), 'feature_drift': np.float64(0.005130535271693743), 'variance_drift': np.float64(0.0011716300110994528), 'node_churn': np.float64(0.015137614678899083), 'structural_stability': np.float64(0.0)}"
406.0,22.0,340.0,0.15137614678899083,0.25,0.6476190476190476,0.4242424242424243,0.7652582159624413,0.033998623216701995,0.023432600221989057,2.0,0.4,0.9939,0.15137614678899083,1.0,0.0,0.2645575679388137,"{'growth_rate': np.float64(0.030275229357798167), 'density_change': np.float64(0.025), 'degree_change': np.float64(0.06476190476190477), 'fraud_growth': np.float64(0.08484848484848487), 'clustering_change': np.float64(0.038262910798122066), 'feature_drift': np.float64(0.005099793482505299), 'variance_drift': np.float64(0.0011716300110994528), 'node_churn': np.float64(0.015137614678899083), 'structural_stability': np.float64(0.0)}"
800.0,23.0,144.0,0.15137614678899083,0.25,0.6476190476190476,0.4242424242424243,0.7652582159624413,0.03254699113166093,0.023432600221989057,2.0,0.4,0.9783,0.15137614678899083,1.0,1.0,0.2643398231260575,"{'growth_rate': np.float64(0.030275229357798167), 'density_change': np.float64(0.025), 'degree_change': np.float64(0.06476190476190477), 'fraud_growth': np.float64(0.08484848484848487), 'clustering_change': np.float64(0.038262910798122066), 'feature_drift': np.float64(0.004882048669749139), 'variance_drift': np.float64(0.0011716300110994528), 'node_churn': np.float64(0.015137614678899083), 'structural_stability': np.float64(0.0)}"
309.0,21.0,191.0,0.15137614678899083,0.25,0.6476190476190476,0.4242424242424243,0.7652582159624413,0.031902900906933776,0.023432600221989057,3.0,0.6,0.9894666666666666,0.15137614678899083,1.0,0.0,0.2642432095923485,"{'growth_rate': np.float64(0.030275229357798167), 'density_change': np.float64(0.025), 'degree_change': np.float64(0.06476190476190477), 'fraud_growth': np.float64(0.08484848484848487), 'clustering_change': np.float64(0.038262910798122066), 'feature_drift': np.float64(0.004785435136040067), 'variance_drift': np.float64(0.0011716300110994528), 'node_churn': np.float64(0.015137614678899083), 'structural_stability': np.float64(0.0)}"
284.0,21.0,22.0,0.15137614678899083,0.25,0.6476190476190476,0.4242424242424243,0.7652582159624413,0.03143429314280486,0.023432600221989057,2.0,0.4,0.9908,0.15137614678899083,1.0,0.0,0.2641729184277291,"{'growth_rate': np.float64(0.030275229357798167), 'density_change': np.float64(0.025), 'degree_change': np.float64(0.06476190476190477), 'fraud_growth': np.float64(0.08484848484848487), 'clustering_change': np.float64(0.038262910798122066), 'feature_drift': np.float64(0.004715143971420729), 'variance_drift': np.float64(0.0011716300110994528), 'node_churn': np.float64(0.015137614678899083), 'structural_stability': np.float64(0.0)}"
134.0,22.0,272.0,0.15137614678899083,0.25,0.6476190476190476,0.4242424242424243,0.7652582159624413,0.029769809212214667,0.023432600221989057,3.0,0.6,0.9753333333333334,0.15137614678899083,1.0,1.0,0.2639232458381406,"{'growth_rate': np.float64(0.030275229357798167), 'density_change': np.float64(0.025), 'degree_change': np.float64(0.06476190476190477), 'fraud_growth': np.float64(0.08484848484848487), 'clustering_change': np.float64(0.038262910798122066), 'feature_drift': np.float64(0.0044654713818322), 'variance_drift': np.float64(0.0011716300110994528), 'node_churn': np.float64(0.015137614678899083), 'structural_stability': np.float64(0.0)}"
595.0,23.0,203.0,0.15137614678899083,0.25,0.6476190476190476,0.4242424242424243,0.7652582159624413,0.02927064984785327,0.023432600221989057,3.0,0.6,0.9767,0.15137614678899083,1.0,0.0,0.26384837193348637,"{'growth_rate': np.float64(0.030275229357798167), 'density_change': np.float64(0.025), 'degree_change': np.float64(0.06476190476190477), 'fraud_growth': np.float64(0.08484848484848487), 'clustering_change': np.float64(0.038262910798122066), 'feature_drift': np.float64(0.00439059747717799), 'variance_drift': np.float64(0.0011716300110994528), 'node_churn': np.float64(0.015137614678899083), 'structural_stability': np.float64(0.0)}"
182.0,22.0,210.0,0.15137614678899083,0.25,0.6476190476190476,0.4242424242424243,0.7652582159624413,0.029231347461924725,0.023432600221989057,3.0,0.6,0.9771666666666667,0.15137614678899083,1.0,0.0,0.2638424765755971,"{'growth_rate': np.float64(0.030275229357798167), 'density_change': np.float64(0.025), 'degree_change': np.float64(0.06476190476190477), 'fraud_growth': np.float64(0.08484848484848487), 'clustering_change': np.float64(0.038262910798122066), 'feature_drift': np.float64(0.004384702119288709), 'variance_drift': np.float64(0.0011716300110994528), 'node_churn': np.float64(0.015137614678899083), 'structural_stability': np.float64(0.0)}"
772.0,23.0,199.0,0.15137614678899083,0.25,0.6476190476190476,0.4242424242424243,0.7652582159624413,0.02917780416305901,0.023432600221989057,3.0,0.6,0.9543666666666667,0.15137614678899083,1.0,0.0,0.26383444508076725,"{'growth_rate': np.float64(0.030275229357798167), 'density_change': np.float64(0.025), 'degree_change': np.float64(0.06476190476190477), 'fraud_growth': np.float64(0.08484848484848487), 'clustering_change': np.float64(0.038262910798122066), 'feature_drift': np.float64(0.004376670624458851), 'variance_drift': np.float64(0.0011716300110994528), 'node_churn': np.float64(0.015137614678899083), 'structural_stability': np.float64(0.0)}"
134.0,21.0,198.0,0.15137614678899083,0.25,0.6476190476190476,0.4242424242424243,0.7652582159624413,0.02905209839219669,0.023432600221989057,3.0,0.6,0.9753333333333334,0.15137614678899083,1.0,1.0,0.2638155892151379,"{'growth_rate': np.float64(0.030275229357798167), 'density_change': np.float64(0.025), 'degree_change': np.float64(0.06476190476190477), 'fraud_growth': np.float64(0.08484848484848487), 'clustering_change': np.float64(0.038262910798122066), 'feature_drift': np.float64(0.004357814758829503), 'variance_drift': np.float64(0.0011716300110994528), 'node_churn': np.float64(0.015137614678899083), 'structural_stability': np.float64(0.0)}"
314.0,23.0,183.0,0.15137614678899083,0.25,0.6476190476190476,0.4242424242424243,0.7652582159624413,0.027825149638374,0.023432600221989057,5.0,1.0,0.9340599999999999,0.15137614678899083,1.0,0.0,0.2636315469020645,"{'growth_rate': np.float64(0.030275229357798167), 'density_change': np.float64(0.025), 'degree_change': np.float64(0.06476190476190477), 'fraud_growth': np.float64(0.08484848484848487), 'clustering_change': np.float64(0.038262910798122066), 'feature_drift': np.float64(0.0041737724457561), 'variance_drift': np.float64(0.0011716300110994528), 'node_churn': np.float64(0.015137614678899083), 'structural_stability': np.float64(0.0)}"
722.0,23.0,184.0,0.15137614678899083,0.25,0.6476190476190476,0.4242424242424243,0.7652582159624413,0.026520931029486685,0.023432600221989057,3.0,0.6,0.9704333333333333,0.15137614678899083,1.0,0.0,0.2634359141107314,"{'growth_rate': np.float64(0.030275229357798167), 'density_change': np.float64(0.025), 'degree_change': np.float64(0.06476190476190477), 'fraud_growth': np.float64(0.08484848484848487), 'clustering_change': np.float64(0.038262910798122066), 'feature_drift': np.float64(0.003978139654423002), 'variance_drift': np.float64(0.0011716300110994528), 'node_churn': np.float64(0.015137614678899083), 'structural_stability': np.float64(0.0)}"
127.0,22.0,219.0,0.15137614678899083,0.25,0.6476190476190476,0.4242424242424243,0.7652582159624413,0.024376336079450583,0.023432600221989057,3.0,0.6,0.9557666666666668,0.15137614678899083,1.0,1.0,0.263114224868226,"{'growth_rate': np.float64(0.030275229357798167), 'density_change': np.float64(0.025), 'degree_change': np.float64(0.06476190476190477), 'fraud_growth': np.float64(0.08484848484848487), 'clustering_change': np.float64(0.038262910798122066), 'feature_drift': np.float64(0.003656450411917587), 'variance_drift': np.float64(0.0011716300110994528), 'node_churn': np.float64(0.015137614678899083), 'structural_stability': np.float64(0.0)}"
411.0,22.0,170.0,0.15137614678899083,0.25,0.6476190476190476,0.4242424242424243,0.7652582159624413,0.024272654239689547,0.023432600221989057,2.0,0.4,0.99315,0.15137614678899083,1.0,1.0,0.26309867259226183,"{'growth_rate': np.float64(0.030275229357798167), 'density_change': np.float64(0.025), 'degree_change': np.float64(0.06476190476190477), 'fraud_growth': np.float64(0.08484848484848487), 'clustering_change': np.float64(0.038262910798122066), 'feature_drift': np.float64(0.0036408981359534317), 'variance_drift': np.float64(0.0011716300110994528), 'node_churn': np.float64(0.015137614678899083), 'structural_stability': np.float64(0.0)}"
184.0,21.0,215.0,0.15137614678899083,0.25,0.6476190476190476,0.4242424242424243,0.7652582159624413,0.024194483133297678,0.023432600221989057,2.0,0.4,0.9862500000000001,0.15137614678899083,1.0,1.0,0.263086946926303,"{'growth_rate': np.float64(0.030275229357798167), 'density_change': np.float64(0.025), 'degree_change': np.float64(0.06476190476190477), 'fraud_growth': np.float64(0.08484848484848487), 'clustering_change': np.float64(0.038262910798122066), 'feature_drift': np.float64(0.0036291724699946517), 'variance_drift': np.float64(0.0011716300110994528), 'node_churn': np.float64(0.015137614678899083), 'structural_stability': np.float64(0.0)}"
314.0,22.0,152.0,0.15137614678899083,0.25,0.6476190476190476,0.4242424242424243,0.7652582159624413,0.02374781166017218,0.023432600221989057,5.0,1.0,0.9340599999999999,0.15137614678899083,1.0,0.0,0.2630199462053342,"{'growth_rate': np.float64(0.030275229357798167), 'density_change': np.float64(0.025), 'degree_change': np.float64(0.06476190476190477), 'fraud_growth': np.float64(0.08484848484848487), 'clustering_change': np.float64(0.038262910798122066), 'feature_drift': np.float64(0.003562171749025827), 'variance_drift': np.float64(0.0011716300110994528), 'node_churn': np.float64(0.015137614678899083), 'structural_stability': np.float64(0.0)}"
798.0,23.0,172.0,0.15137614678899083,0.25,0.6476190476190476,0.4242424242424243,0.7652582159624413,0.023389388169247422,0.023432600221989057,2.0,0.4,0.98385,0.15137614678899083,1.0,0.0,0.2629661826816955,"{'growth_rate': np.float64(0.030275229357798167), 'density_change': np.float64(0.025), 'degree_change': np.float64(0.06476190476190477), 'fraud_growth': np.float64(0.08484848484848487), 'clustering_change': np.float64(0.038262910798122066), 'feature_drift': np.float64(0.0035084082253871132), 'variance_drift': np.float64(0.0011716300110994528), 'node_churn': np.float64(0.015137614678899083), 'structural_stability': np.float64(0.0)}"
315.0,21.0,81.0,0.15137614678899083,0.25,0.6476190476190476,0.4242424242424243,0.7652582159624413,0.021839218461780156,0.023432600221989057,2.0,0.4,0.9908,0.15137614678899083,1.0,1.0,0.2627336572255754,"{'growth_rate': np.float64(0.030275229357798167), 'density_change': np.float64(0.025), 'degree_change': np.float64(0.06476190476190477), 'fraud_growth': np.float64(0.08484848484848487), 'clustering_change': np.float64(0.038262910798122066), 'feature_drift': np.float64(0.0032758827692670233), 'variance_drift': np.float64(0.0011716300110994528), 'node_churn': np.float64(0.015137614678899083), 'structural_stability': np.float64(0.0)}"
737.0,24.0,171.0,0.15137614678899083,0.25,0.6476190476190476,0.4242424242424243,0.7652582159624413,0.021721713141190663,0.023432600221989057,3.0,0.6,0.9657,0.15137614678899083,1.0,1.0,0.262716031427487,"{'growth_rate': np.float64(0.030275229357798167), 'density_change': np.float64(0.025), 'degree_change': np.float64(0.06476190476190477), 'fraud_growth': np.float64(0.08484848484848487), 'clustering_change': np.float64(0.038262910798122066), 'feature_drift': np.float64(0.0032582569711785995), 'variance_drift': np.float64(0.0011716300110994528), 'node_churn': np.float64(0.015137614678899083), 'structural_stability': np.float64(0.0)}"
849.0,24.0,49.0,0.15137614678899083,0.25,0.6476190476190476,0.4242424242424243,0.7652582159624413,0.021526284729329326,0.023432600221989057,2.0,0.4,0.9877,0.15137614678899083,1.0,1.0,0.2626867171657078,"{'growth_rate': np.float64(0.030275229357798167), 'density_change': np.float64(0.025), 'degree_change': np.float64(0.06476190476190477), 'fraud_growth': np.float64(0.08484848484848487), 'clustering_change': np.float64(0.038262910798122066), 'feature_drift': np.float64(0.003228942709399399), 'variance_drift': np.float64(0.0011716300110994528), 'node_churn': np.float64(0.015137614678899083), 'structural_stability': np.float64(0.0)}"
219.0,21.0,134.0,0.15137614678899083,0.25,0.6476190476190476,0.4242424242424243,0.7652582159624413,0.02115139863013644,0.023432600221989057,2.0,0.4,0.9903500000000001,0.15137614678899083,1.0,1.0,0.26263048425082886,"{'growth_rate': np.float64(0.030275229357798167), 'density_change': np.float64(0.025), 'degree_change': np.float64(0.06476190476190477), 'fraud_growth': np.float64(0.08484848484848487), 'clustering_change': np.float64(0.038262910798122066), 'feature_drift': np.float64(0.003172709794520466), 'variance_drift': np.float64(0.0011716300110994528), 'node_churn': np.float64(0.015137614678899083), 'structural_stability': np.float64(0.0)}"
93.0,24.0,239.0,0.15137614678899083,0.25,0.6476190476190476,0.4242424242424243,0.7652582159624413,0.01957653477877414,0.023432600221989057,5.0,1.0,0.9905200000000001,0.15137614678899083,1.0,1.0,0.2623942546731245,"{'growth_rate': np.float64(0.030275229357798167), 'density_change': np.float64(0.025), 'degree_change': np.float64(0.06476190476190477), 'fraud_growth': np.float64(0.08484848484848487), 'clustering_change': np.float64(0.038262910798122066), 'feature_drift': np.float64(0.0029364802168161206), 'variance_drift': np.float64(0.0011716300110994528), 'node_churn': np.float64(0.015137614678899083), 'structural_stability': np.float64(0.0)}"
283.0,24.0,224.0,0.15137614678899083,0.25,0.6476190476190476,0.4242424242424243,0.7652582159624413,0.019525334030163786,0.023432600221989057,5.0,1.0,0.96272,0.15137614678899083,1.0,0.0,0.262386574560833,"{'growth_rate': np.float64(0.030275229357798167), 'density_change': np.float64(0.025), 'degree_change': np.float64(0.06476190476190477), 'fraud_growth': np.float64(0.08484848484848487), 'clustering_change': np.float64(0.038262910798122066), 'feature_drift': np.float64(0.002928800104524568), 'variance_drift': np.float64(0.0011716300110994528), 'node_churn': np.float64(0.015137614678899083), 'structural_stability': np.float64(0.0)}"
283.0,23.0,180.0,0.15137614678899083,0.25,0.6476190476190476,0.4242424242424243,0.7652582159624413,0.019452018407871245,0.023432600221989057,5.0,1.0,0.96272,0.15137614678899083,1.0,0.0,0.2623755772174891,"{'growth_rate': np.float64(0.030275229357798167), 'density_change': np.float64(0.025), 'degree_change': np.float64(0.06476190476190477), 'fraud_growth': np.float64(0.08484848484848487), 'clustering_change': np.float64(0.038262910798122066), 'feature_drift': np.float64(0.0029178027611806868), 'variance_drift': np.float64(0.0011716300110994528), 'node_churn': np.float64(0.015137614678899083), 'structural_stability': np.float64(0.0)}"
276.0,22.0,215.0,0.15137614678899083,0.25,0.6476190476190476,0.4242424242424243,0.7652582159624413,0.017219795175358037,0.023432600221989057,3.0,0.6,0.9694666666666666,0.15137614678899083,1.0,0.0,0.2620407437326121,"{'growth_rate': np.float64(0.030275229357798167), 'density_change': np.float64(0.025), 'degree_change': np.float64(0.06476190476190477), 'fraud_growth': np.float64(0.08484848484848487), 'clustering_change': np.float64(0.038262910798122066), 'feature_drift': np.float64(0.0025829692763037052), 'variance_drift': np.float64(0.0011716300110994528), 'node_churn': np.float64(0.015137614678899083), 'structural_stability': np.float64(0.0)}"
319.0,21.0,72.0,0.15137614678899083,0.25,0.6476190476190476,0.4242424242424243,0.7652582159624413,0.015535402203511326,0.023432600221989057,3.0,0.6,0.9951,0.15137614678899083,1.0,1.0,0.2617880847868351,"{'growth_rate': np.float64(0.030275229357798167), 'density_change': np.float64(0.025), 'degree_change': np.float64(0.06476190476190477), 'fraud_growth': np.float64(0.08484848484848487), 'clustering_change': np.float64(0.038262910798122066), 'feature_drift': np.float64(0.002330310330526699), 'variance_drift': np.float64(0.0011716300110994528), 'node_churn': np.float64(0.015137614678899083), 'structural_stability': np.float64(0.0)}"
287.0,21.0,169.0,0.15137614678899083,0.25,0.6476190476190476,0.4242424242424243,0.7652582159624413,0.015291896393314448,0.023432600221989057,3.0,0.6,0.9953333333333333,0.15137614678899083,1.0,1.0,0.26175155891530555,"{'growth_rate': np.float64(0.030275229357798167), 'density_change': np.float64(0.025), 'degree_change': np.float64(0.06476190476190477), 'fraud_growth': np.float64(0.08484848484848487), 'clustering_change': np.float64(0.038262910798122066), 'feature_drift': np.float64(0.002293784458997167), 'variance_drift': np.float64(0.0011716300110994528), 'node_churn': np.float64(0.015137614678899083), 'structural_stability': np.float64(0.0)}"
93.0,23.0,202.0,0.15137614678899083,0.25,0.6476190476190476,0.4242424242424243,0.7652582159624413,0.015194274590790173,0.023432600221989057,5.0,1.0,0.9905200000000001,0.15137614678899083,1.0,1.0,0.2617369156449269,"{'growth_rate': np.float64(0.030275229357798167), 'density_change': np.float64(0.025), 'degree_change': np.float64(0.06476190476190477), 'fraud_growth': np.float64(0.08484848484848487), 'clustering_change': np.float64(0.038262910798122066), 'feature_drift': np.float64(0.002279141188618526), 'variance_drift': np.float64(0.0011716300110994528), 'node_churn': np.float64(0.015137614678899083), 'structural_stability': np.float64(0.0)}"
224.0,22.0,330.0,0.15137614678899083,0.25,0.6476190476190476,0.4242424242424243,0.7652582159624413,0.014937717093460796,0.023432600221989057,3.0,0.6,0.9947333333333334,0.15137614678899083,1.0,1.0,0.2616984320203275,"{'growth_rate': np.float64(0.030275229357798167), 'density_change': np.float64(0.025), 'degree_change': np.float64(0.06476190476190477), 'fraud_growth': np.float64(0.08484848484848487), 'clustering_change': np.float64(0.038262910798122066), 'feature_drift': np.float64(0.0022406575640191192), 'variance_drift': np.float64(0.0011716300110994528), 'node_churn': np.float64(0.015137614678899083), 'structural_stability': np.float64(0.0)}"
130.0,21.0,95.0,0.15137614678899083,0.25,0.6476190476190476,0.4242424242424243,0.7652582159624413,0.01301596638852281,0.023432600221989057,3.0,0.6,0.9937,0.15137614678899083,1.0,1.0,0.26141016941458683,"{'growth_rate': np.float64(0.030275229357798167), 'density_change': np.float64(0.025), 'degree_change': np.float64(0.06476190476190477), 'fraud_growth': np.float64(0.08484848484848487), 'clustering_change': np.float64(0.038262910798122066), 'feature_drift': np.float64(0.0019523949582784213), 'variance_drift': np.float64(0.0011716300110994528), 'node_churn': np.float64(0.015137614678899083), 'structural_stability': np.float64(0.0)}"
407.0,22.0,370.0,0.15137614678899083,0.25,0.6476190476190476,0.4242424242424243,0.7652582159624413,0.012899386902222941,0.023432600221989057,2.0,0.4,0.99585,0.15137614678899083,1.0,1.0,0.2613926824916418,"{'growth_rate': np.float64(0.030275229357798167), 'density_change': np.float64(0.025), 'degree_change': np.float64(0.06476190476190477), 'fraud_growth': np.float64(0.08484848484848487), 'clustering_change': np.float64(0.038262910798122066), 'feature_drift': np.float64(0.001934908035333441), 'variance_drift': np.float64(0.0011716300110994528), 'node_churn': np.float64(0.015137614678899083), 'structural_stability': np.float64(0.0)}"
225.0,22.0,399.0,0.15137614678899083,0.25,0.6476190476190476,0.4242424242424243,0.7652582159624413,0.012626066208796884,0.023432600221989057,3.0,0.6,0.9725666666666667,0.15137614678899083,1.0,0.0,0.2613516843876279,"{'growth_rate': np.float64(0.030275229357798167), 'density_change': np.float64(0.025), 'degree_change': np.float64(0.06476190476190477), 'fraud_growth': np.float64(0.08484848484848487), 'clustering_change': np.float64(0.038262910798122066), 'feature_drift': np.float64(0.0018939099313195326), 'variance_drift': np.float64(0.0011716300110994528), 'node_churn': np.float64(0.015137614678899083), 'structural_stability': np.float64(0.0)}"
309.0,22.0,468.0,0.15137614678899083,0.25,0.6476190476190476,0.4242424242424243,0.7652582159624413,0.011882759111353532,0.023432600221989057,3.0,0.6,0.9894666666666666,0.15137614678899083,1.0,0.0,0.26124018832301144,"{'growth_rate': np.float64(0.030275229357798167), 'density_change': np.float64(0.025), 'degree_change': np.float64(0.06476190476190477), 'fraud_growth': np.float64(0.08484848484848487), 'clustering_change': np.float64(0.038262910798122066), 'feature_drift': np.float64(0.0017824138667030297), 'variance_drift': np.float64(0.0011716300110994528), 'node_churn': np.float64(0.015137614678899083), 'structural_stability': np.float64(0.0)}"
93.0,22.0,524.0,0.15137614678899083,0.25,0.6476190476190476,0.4242424242424243,0.7652582159624413,0.011085326157659352,0.023432600221989057,5.0,1.0,0.9905200000000001,0.15137614678899083,1.0,1.0,0.2611205733799573,"{'growth_rate': np.float64(0.030275229357798167), 'density_change': np.float64(0.025), 'degree_change': np.float64(0.06476190476190477), 'fraud_growth': np.float64(0.08484848484848487), 'clustering_change': np.float64(0.038262910798122066), 'feature_drift': np.float64(0.0016627989236489029), 'variance_drift': np.float64(0.0011716300110994528), 'node_churn': np.float64(0.015137614678899083), 'structural_stability': np.float64(0.0)}"
416.0,22.0,168.0,0.15137614678899083,0.25,0.6476190476190476,0.4242424242424243,0.7652582159624413,0.009724266100288622,0.023432600221989057,2.0,0.4,0.99495,0.15137614678899083,1.0,1.0,0.2609164143713517,"{'growth_rate': np.float64(0.030275229357798167), 'density_change': np.float64(0.025), 'degree_change': np.float64(0.06476190476190477), 'fraud_growth': np.float64(0.08484848484848487), 'clustering_change': np.float64(0.038262910798122066), 'feature_drift': np.float64(0.0014586399150432932), 'variance_drift': np.float64(0.0011716300110994528), 'node_churn': np.float64(0.015137614678899083), 'structural_stability': np.float64(0.0)}"
290.0,23.0,119.0,0.15137614678899083,0.25,0.6476190476190476,0.4242424242424243,0.7652582159624413,0.009410489712578261,0.023432600221989057,4.0,0.8,0.997325,0.15137614678899083,1.0,1.0,0.26086934791319516,"{'growth_rate': np.float64(0.030275229357798167), 'density_change': np.float64(0.025), 'degree_change': np.float64(0.06476190476190477), 'fraud_growth': np.float64(0.08484848484848487), 'clustering_change': np.float64(0.038262910798122066), 'feature_drift': np.float64(0.0014115734568867391), 'variance_drift': np.float64(0.0011716300110994528), 'node_churn': np.float64(0.015137614678899083), 'structural_stability': np.float64(0.0)}"
278.0,21.0,63.0,0.15137614678899083,0.25,0.6476190476190476,0.4242424242424243,0.7652582159624413,0.009075615354080411,0.023432600221989057,3.0,0.6,0.9974333333333334,0.15137614678899083,1.0,1.0,0.26081911675942043,"{'growth_rate': np.float64(0.030275229357798167), 'density_change': np.float64(0.025), 'degree_change': np.float64(0.06476190476190477), 'fraud_growth': np.float64(0.08484848484848487), 'clustering_change': np.float64(0.038262910798122066), 'feature_drift': np.float64(0.0013613423031120617), 'variance_drift': np.float64(0.0011716300110994528), 'node_churn': np.float64(0.015137614678899083), 'structural_stability': np.float64(0.0)}"
380.0,23.0,52.0,0.15137614678899083,0.25,0.6476190476190476,0.4242424242424243,0.7652582159624413,0.009046018663009602,0.023432600221989057,3.0,0.6,0.9901,0.15137614678899083,1.0,0.0,0.26081467725575985,"{'growth_rate': np.float64(0.030275229357798167), 'density_change': np.float64(0.025), 'degree_change': np.float64(0.06476190476190477), 'fraud_growth': np.float64(0.08484848484848487), 'clustering_change': np.float64(0.038262910798122066), 'feature_drift': np.float64(0.0013569027994514403), 'variance_drift': np.float64(0.0011716300110994528), 'node_churn': np.float64(0.015137614678899083), 'structural_stability': np.float64(0.0)}"
224.0,21.0,149.0,0.15137614678899083,0.25,0.6476190476190476,0.4242424242424243,0.7652582159624413,0.008795749740946402,0.023432600221989057,3.0,0.6,0.9947333333333334,0.15137614678899083,1.0,1.0,0.26077713691745036,"{'growth_rate': np.float64(0.030275229357798167), 'density_change': np.float64(0.025), 'degree_change': np.float64(0.06476190476190477), 'fraud_growth': np.float64(0.08484848484848487), 'clustering_change': np.float64(0.038262910798122066), 'feature_drift': np.float64(0.0013193624611419603), 'variance_drift': np.float64(0.0011716300110994528), 'node_churn': np.float64(0.015137614678899083), 'structural_stability': np.float64(0.0)}"
93.0,21.0,76.0,0.15137614678899083,0.25,0.6476190476190476,0.4242424242424243,0.7652582159624413,0.00839598027553571,0.023432600221989057,5.0,1.0,0.9905200000000001,0.15137614678899083,1.0,1.0,0.26071717149763873,"{'growth_rate': np.float64(0.030275229357798167), 'density_change': np.float64(0.025), 'degree_change': np.float64(0.06476190476190477), 'fraud_growth': np.float64(0.08484848484848487), 'clustering_change': np.float64(0.038262910798122066), 'feature_drift': np.float64(0.0012593970413303564), 'variance_drift': np.float64(0.0011716300110994528), 'node_churn': np.float64(0.015137614678899083), 'structural_stability': np.float64(0.0)}"
370.0,22.0,321.0,0.15137614678899083,0.25,0.6476190476190476,0.4242424242424243,0.7652582159624413,0.008084230217060244,0.023432600221989057,2.0,0.4,0.9973000000000001,0.15137614678899083,1.0,0.0,0.26067040898886745,"{'growth_rate': np.float64(0.030275229357798167), 'density_change': np.float64(0.025), 'degree_change': np.float64(0.06476190476190477), 'fraud_growth': np.float64(0.08484848484848487), 'clustering_change': np.float64(0.038262910798122066), 'feature_drift': np.float64(0.0012126345325590366), 'variance_drift': np.float64(0.0011716300110994528), 'node_churn': np.float64(0.015137614678899083), 'structural_stability': np.float64(0.0)}"
312.0,22.0,425.0,0.15137614678899083,0.25,0.6476190476190476,0.4242424242424243,0.7652582159624413,0.007815796132690084,0.023432600221989057,3.0,0.6,0.9967666666666667,0.15137614678899083,1.0,1.0,0.2606301438762119,"{'growth_rate': np.float64(0.030275229357798167), 'density_change': np.float64(0.025), 'degree_change': np.float64(0.06476190476190477), 'fraud_growth': np.float64(0.08484848484848487), 'clustering_change': np.float64(0.038262910798122066), 'feature_drift': np.float64(0.0011723694199035127), 'variance_drift': np.float64(0.0011716300110994528), 'node_churn': np.float64(0.015137614678899083), 'structural_stability': np.float64(0.0)}"
312.0,21.0,157.0,0.15137614678899083,0.25,0.6476190476190476,0.4242424242424243,0.7652582159624413,0.007649019323555595,0.023432600221989057,3.0,0.6,0.9967666666666667,0.15137614678899083,1.0,1.0,0.26060512735484176,"{'growth_rate': np.float64(0.030275229357798167), 'density_change': np.float64(0.025), 'degree_change': np.float64(0.06476190476190477), 'fraud_growth': np.float64(0.08484848484848487), 'clustering_change': np.float64(0.038262910798122066), 'feature_drift': np.float64(0.0011473528985333392), 'variance_drift': np.float64(0.0011716300110994528), 'node_churn': np.float64(0.015137614678899083), 'structural_stability': np.float64(0.0)}"
376.0,22.0,280.0,0.15137614678899083,0.25,0.6476190476190476,0.4242424242424243,0.7652582159624413,0.0074900659829644075,0.023432600221989057,3.0,0.6,0.9977,0.15137614678899083,1.0,1.0,0.26058128435375305,"{'growth_rate': np.float64(0.030275229357798167), 'density_change': np.float64(0.025), 'degree_change': np.float64(0.06476190476190477), 'fraud_growth': np.float64(0.08484848484848487), 'clustering_change': np.float64(0.038262910798122066), 'feature_drift': np.float64(0.001123509897444661), 'variance_drift': np.float64(0.0011716300110994528), 'node_churn': np.float64(0.015137614678899083), 'structural_stability': np.float64(0.0)}"
264.0,21.0,28.0,0.15137614678899083,0.25,0.6476190476190476,0.4242424242424243,0.7652582159624413,0.007406544403808722,0.023432600221989057,3.0,0.6,0.9982333333333333,0.15137614678899083,1.0,1.0,0.2605687561168797,"{'growth_rate': np.float64(0.030275229357798167), 'density_change': np.float64(0.025), 'degree_change': np.float64(0.06476190476190477), 'fraud_growth': np.float64(0.08484848484848487), 'clustering_change': np.float64(0.038262910798122066), 'feature_drift': np.float64(0.0011109816605713082), 'variance_drift': np.float64(0.0011716300110994528), 'node_churn': np.float64(0.015137614678899083), 'structural_stability': np.float64(0.0)}"
130.0,22.0,487.0,0.15137614678899083,0.25,0.6476190476190476,0.4242424242424243,0.7652582159624413,0.006395891608293519,0.023432600221989057,3.0,0.6,0.9937,0.15137614678899083,1.0,1.0,0.2604171581975524,"{'growth_rate': np.float64(0.030275229357798167), 'density_change': np.float64(0.025), 'degree_change': np.float64(0.06476190476190477), 'fraud_growth': np.float64(0.08484848484848487), 'clustering_change': np.float64(0.038262910798122066), 'feature_drift': np.float64(0.0009593837412440278), 'variance_drift': np.float64(0.0011716300110994528), 'node_churn': np.float64(0.015137614678899083), 'structural_stability': np.float64(0.0)}"
290.0,21.0,88.0,0.15137614678899083,0.25,0.6476190476190476,0.4242424242424243,0.7652582159624413,0.004464596054009949,0.023432600221989057,4.0,0.8,0.997325,0.15137614678899083,1.0,1.0,0.2601274638644099,"{'growth_rate': np.float64(0.030275229357798167), 'density_change': np.float64(0.025), 'degree_change': np.float64(0.06476190476190477), 'fraud_growth': np.float64(0.08484848484848487), 'clustering_change': np.float64(0.038262910798122066), 'feature_drift': np.float64(0.0006696894081014923), 'variance_drift': np.float64(0.0011716300110994528), 'node_churn': np.float64(0.015137614678899083), 'structural_stability': np.float64(0.0)}"
287.0,22.0,319.0,0.15137614678899083,0.25,0.6476190476190476,0.4242424242424243,0.7652582159624413,0.0038188186299712387,0.023432600221989057,3.0,0.6,0.9953333333333333,0.15137614678899083,1.0,1.0,0.2600305972508041,"{'growth_rate': np.float64(0.030275229357798167), 'density_change': np.float64(0.025), 'degree_change': np.float64(0.06476190476190477), 'fraud_growth': np.float64(0.08484848484848487), 'clustering_change': np.float64(0.038262910798122066), 'feature_drift': np.float64(0.0005728227944956858), 'variance_drift': np.float64(0.0011716300110994528), 'node_churn': np.float64(0.015137614678899083), 'structural_stability': np.float64(0.0)}"
291.0,21.0,136.0,0.15137614678899083,0.25,0.6476190476190476,0.4242424242424243,0.7652582159624413,0.0034885212671837223,0.023432600221989057,2.0,0.4,0.99905,0.15137614678899083,1.0,1.0,0.25998105264638594,"{'growth_rate': np.float64(0.030275229357798167), 'density_change': np.float64(0.025), 'degree_change': np.float64(0.06476190476190477), 'fraud_growth': np.float64(0.08484848484848487), 'clustering_change': np.float64(0.038262910798122066), 'feature_drift': np.float64(0.0005232781900775584), 'variance_drift': np.float64(0.0011716300110994528), 'node_churn': np.float64(0.015137614678899083), 'structural_stability': np.float64(0.0)}"
264.0,22.0,363.0,0.15137614678899083,0.25,0.6476190476190476,0.4242424242424243,0.7652582159624413,0.003383369072053113,0.023432600221989057,3.0,0.6,0.9982333333333333,0.15137614678899083,1.0,1.0,0.25996527981711637,"{'growth_rate': np.float64(0.030275229357798167), 'density_change': np.float64(0.025), 'degree_change': np.float64(0.06476190476190477), 'fraud_growth': np.float64(0.08484848484848487), 'clustering_change': np.float64(0.038262910798122066), 'feature_drift': np.float64(0.000507505360807967), 'variance_drift': np.float64(0.0011716300110994528), 'node_churn': np.float64(0.015137614678899083), 'structural_stability': np.float64(0.0)}"
316.0,21.0,168.0,0.15137614678899083,0.25,0.6476190476190476,0.4242424242424243,0.7652582159624413,0.0033334167359974193,0.023432600221989057,3.0,0.6,0.9992666666666666,0.15137614678899083,1.0,1.0,0.259957786966708,"{'growth_rate': np.float64(0.030275229357798167), 'density_change': np.float64(0.025), 'degree_change': np.float64(0.06476190476190477), 'fraud_growth': np.float64(0.08484848484848487), 'clustering_change': np.float64(0.038262910798122066), 'feature_drift': np.float64(0.0005000125103996129), 'variance_drift': np.float64(0.0011716300110994528), 'node_churn': np.float64(0.015137614678899083), 'structural_stability': np.float64(0.0)}"
223.0,21.0,189.0,0.15137614678899083,0.25,0.6476190476190476,0.4242424242424243,0.7652582159624413,0.0029123899792508627,0.023432600221989057,2.0,0.4,0.99915,0.15137614678899083,1.0,1.0,0.25989463295319604,"{'growth_rate': np.float64(0.030275229357798167), 'density_change': np.float64(0.025), 'degree_change': np.float64(0.06476190476190477), 'fraud_growth': np.float64(0.08484848484848487), 'clustering_change': np.float64(0.038262910798122066), 'feature_drift': np.float64(0.0004368584968876294), 'variance_drift': np.float64(0.0011716300110994528), 'node_churn': np.float64(0.015137614678899083), 'structural_stability': np.float64(0.0)}"
202.0,21.0,232.0,0.15137614678899083,0.25,0.6476190476190476,0.4242424242424243,0.7652582159624413,0.0028350313317650555,0.023432600221989057,3.0,0.6,0.9992666666666667,0.15137614678899083,1.0,1.0,0.25988302915607314,"{'growth_rate': np.float64(0.030275229357798167), 'density_change': np.float64(0.025), 'degree_change': np.float64(0.06476190476190477), 'fraud_growth': np.float64(0.08484848484848487), 'clustering_change': np.float64(0.038262910798122066), 'feature_drift': np.float64(0.0004252546997647583), 'variance_drift': np.float64(0.0011716300110994528), 'node_churn': np.float64(0.015137614678899083), 'structural_stability': np.float64(0.0)}"
50.0,21.0,69.0,0.15137614678899083,0.25,0.6476190476190476,0.4242424242424243,0.7652582159624413,0.002703584434007985,0.023432600221989057,2.0,0.4,0.99925,0.15137614678899083,1.0,1.0,0.2598633121214096,"{'growth_rate': np.float64(0.030275229357798167), 'density_change': np.float64(0.025), 'degree_change': np.float64(0.06476190476190477), 'fraud_growth': np.float64(0.08484848484848487), 'clustering_change': np.float64(0.038262910798122066), 'feature_drift': np.float64(0.0004055376651011978), 'variance_drift': np.float64(0.0011716300110994528), 'node_churn': np.float64(0.015137614678899083), 'structural_stability': np.float64(0.0)}"
376.0,23.0,145.0,0.15137614678899083,0.25,0.6476190476190476,0.4242424242424243,0.7652582159624413,0.0026525814343894396,0.023432600221989057,3.0,0.6,0.9977,0.15137614678899083,1.0,1.0,0.2598556616714668,"{'growth_rate': np.float64(0.030275229357798167), 'density_change': np.float64(0.025), 'degree_change': np.float64(0.06476190476190477), 'fraud_growth': np.float64(0.08484848484848487), 'clustering_change': np.float64(0.038262910798122066), 'feature_drift': np.float64(0.0003978872151584159), 'variance_drift': np.float64(0.0011716300110994528), 'node_churn': np.float64(0.015137614678899083), 'structural_stability': np.float64(0.0)}"
62.0,22.0,233.0,0.15137614678899083,0.25,0.6476190476190476,0.4242424242424243,0.7652582159624413,0.0021802820818128347,0.023432600221989057,3.0,0.6,0.9993666666666666,0.15137614678899083,1.0,1.0,0.25978481676858034,"{'growth_rate': np.float64(0.030275229357798167), 'density_change': np.float64(0.025), 'degree_change': np.float64(0.06476190476190477), 'fraud_growth': np.float64(0.08484848484848487), 'clustering_change': np.float64(0.038262910798122066), 'feature_drift': np.float64(0.0003270423122719252), 'variance_drift': np.float64(0.0011716300110994528), 'node_churn': np.float64(0.015137614678899083), 'structural_stability': np.float64(0.0)}"
290.0,22.0,528.0,0.15137614678899083,0.25,0.6476190476190476,0.4242424242424243,0.7652582159624413,0.001690933494483415,0.023432600221989057,4.0,0.8,0.997325,0.15137614678899083,1.0,1.0,0.2597114144804809,"{'growth_rate': np.float64(0.030275229357798167), 'density_change': np.float64(0.025), 'degree_change': np.float64(0.06476190476190477), 'fraud_growth': np.float64(0.08484848484848487), 'clustering_change': np.float64(0.038262910798122066), 'feature_drift': np.float64(0.00025364002417251226), 'variance_drift': np.float64(0.0011716300110994528), 'node_churn': np.float64(0.015137614678899083), 'structural_stability': np.float64(0.0)}"
202.0,22.0,208.0,0.15137614678899083,0.25,0.6476190476190476,0.4242424242424243,0.7652582159624413,0.0014739165342684186,0.023432600221989057,3.0,0.6,0.9992666666666667,0.15137614678899083,1.0,1.0,0.2596788619364487,"{'growth_rate': np.float64(0.030275229357798167), 'density_change': np.float64(0.025), 'degree_change': np.float64(0.06476190476190477), 'fraud_growth': np.float64(0.08484848484848487), 'clustering_change': np.float64(0.038262910798122066), 'feature_drift': np.float64(0.00022108748014026277), 'variance_drift': np.float64(0.0011716300110994528), 'node_churn': np.float64(0.015137614678899083), 'structural_stability': np.float64(0.0)}"
337.0,22.0,278.0,0.15137614678899083,0.25,0.6476190476190476,0.4242424242424243,0.7652582159624413,0.0014483213471503796,0.023432600221989057,2.0,0.4,0.9995499999999999,0.15137614678899083,1.0,1.0,0.25967502265838094,"{'growth_rate': np.float64(0.030275229357798167), 'density_change': np.float64(0.025), 'degree_change': np.float64(0.06476190476190477), 'fraud_growth': np.float64(0.08484848484848487), 'clustering_change': np.float64(0.038262910798122066), 'feature_drift': np.float64(0.00021724820207255695), 'variance_drift': np.float64(0.0011716300110994528), 'node_churn': np.float64(0.015137614678899083), 'structural_stability': np.float64(0.0)}"
319.0,22.0,473.0,0.15137614678899083,0.25,0.6476190476190476,0.4242424242424243,0.7652582159624413,0.0014471394026094842,0.023432600221989057,3.0,0.6,0.9951,0.15137614678899083,1.0,1.0,0.2596748453666998,"{'growth_rate': np.float64(0.030275229357798167), 'density_change': np.float64(0.025), 'degree_change': np.float64(0.06476190476190477), 'fraud_growth': np.float64(0.08484848484848487), 'clustering_change': np.float64(0.038262910798122066), 'feature_drift': np.float64(0.00021707091039142263), 'variance_drift': np.float64(0.0011716300110994528), 'node_churn': np.float64(0.015137614678899083), 'structural_stability': np.float64(0.0)}"
38.0,22.0,36.0,0.15137614678899083,0.25,0.6476190476190476,0.4242424242424243,0.7652582159624413,0.0014349549801205314,0.023432600221989057,3.0,0.6,0.9995333333333334,0.15137614678899083,1.0,1.0,0.25967301770332646,"{'growth_rate': np.float64(0.030275229357798167), 'density_change': np.float64(0.025), 'degree_change': np.float64(0.06476190476190477), 'fraud_growth': np.float64(0.08484848484848487), 'clustering_change': np.float64(0.038262910798122066), 'feature_drift': np.float64(0.0002152432470180797), 'variance_drift': np.float64(0.0011716300110994528), 'node_churn': np.float64(0.015137614678899083), 'structural_stability': np.float64(0.0)}"
278.0,22.0,196.0,0.15137614678899083,0.25,0.6476190476190476,0.4242424242424243,0.7652582159624413,0.0014318316539146294,0.023432600221989057,3.0,0.6,0.9974333333333334,0.15137614678899083,1.0,1.0,0.2596725492043956,"{'growth_rate': np.float64(0.030275229357798167), 'density_change': np.float64(0.025), 'degree_change': np.float64(0.06476190476190477), 'fraud_growth': np.float64(0.08484848484848487), 'clustering_change': np.float64(0.038262910798122066), 'feature_drift': np.float64(0.00021477474808719442), 'variance_drift': np.float64(0.0011716300110994528), 'node_churn': np.float64(0.015137614678899083), 'structural_stability': np.float64(0.0)}"
282.0,22.0,292.0,0.15137614678899083,0.25,0.6476190476190476,0.4242424242424243,0.7652582159624413,0.0014247389847347614,0.023432600221989057,3.0,0.6,0.8922333333333333,0.15137614678899083,1.0,1.0,0.2596714853040186,"{'growth_rate': np.float64(0.030275229357798167), 'density_change': np.float64(0.025), 'degree_change': np.float64(0.06476190476190477), 'fraud_growth': np.float64(0.08484848484848487), 'clustering_change': np.float64(0.038262910798122066), 'feature_drift': np.float64(0.0002137108477102142), 'variance_drift': np.float64(0.0011716300110994528), 'node_churn': np.float64(0.015137614678899083), 'structural_stability': np.float64(0.0)}"
258.0,21.0,101.0,0.15137614678899083,0.25,0.6476190476190476,0.4242424242424243,0.7652582159624413,0.0014102228895298895,0.023432600221989057,2.0,0.4,0.9996,0.15137614678899083,1.0,1.0,0.25966930788973785,"{'growth_rate': np.float64(0.030275229357798167), 'density_change': np.float64(0.025), 'degree_change': np.float64(0.06476190476190477), 'fraud_growth': np.float64(0.08484848484848487), 'clustering_change': np.float64(0.038262910798122066), 'feature_drift': np.float64(0.0002115334334294834), 'variance_drift': np.float64(0.0011716300110994528), 'node_churn': np.float64(0.015137614678899083), 'structural_stability': np.float64(0.0)}"
316.0,22.0,449.0,0.15137614678899083,0.25,0.6476190476190476,0.4242424242424243,0.7652582159624413,0.0010263217182793667,0.023432600221989057,3.0,0.6,0.9992666666666666,0.15137614678899083,1.0,1.0,0.2596117227140503,"{'growth_rate': np.float64(0.030275229357798167), 'density_change': np.float64(0.025), 'degree_change': np.float64(0.06476190476190477), 'fraud_growth': np.float64(0.08484848484848487), 'clustering_change': np.float64(0.038262910798122066), 'feature_drift': np.float64(0.000153948257741905), 'variance_drift': np.float64(0.0011716300110994528), 'node_churn': np.float64(0.015137614678899083), 'structural_stability': np.float64(0.0)}"
386.0,22.0,242.0,0.15137614678899083,0.25,0.6476190476190476,0.4242424242424243,0.7652582159624413,0.0007737361257707174,0.023432600221989057,2.0,0.4,0.9997,0.15137614678899083,1.0,1.0,0.259573834875174,"{'growth_rate': np.float64(0.030275229357798167), 'density_change': np.float64(0.025), 'degree_change': np.float64(0.06476190476190477), 'fraud_growth': np.float64(0.08484848484848487), 'clustering_change': np.float64(0.038262910798122066), 'feature_drift': np.float64(0.00011606041886560761), 'variance_drift': np.float64(0.0011716300110994528), 'node_churn': np.float64(0.015137614678899083), 'structural_stability': np.float64(0.0)}"
62.0,21.0,233.0,0.15137614678899083,0.25,0.6476190476190476,0.4242424242424243,0.7652582159624413,0.000667969677180947,0.023432600221989057,3.0,0.6,0.9993666666666666,0.15137614678899083,1.0,1.0,0.25955796990788554,"{'growth_rate': np.float64(0.030275229357798167), 'density_change': np.float64(0.025), 'degree_change': np.float64(0.06476190476190477), 'fraud_growth': np.float64(0.08484848484848487), 'clustering_change': np.float64(0.038262910798122066), 'feature_drift': np.float64(0.00010019545157714204), 'variance_drift': np.float64(0.0011716300110994528), 'node_churn': np.float64(0.015137614678899083), 'structural_stability': np.float64(0.0)}"
38.0,21.0,19.0,0.15137614678899083,0.25,0.6476190476190476,0.4242424242424243,0.7652582159624413,0.0003857880932905888,0.023432600221989057,3.0,0.6,0.9995333333333334,0.15137614678899083,1.0,1.0,0.25951564267030197,"{'growth_rate': np.float64(0.030275229357798167), 'density_change': np.float64(0.025), 'degree_change': np.float64(0.06476190476190477), 'fraud_growth': np.float64(0.08484848484848487), 'clustering_change': np.float64(0.038262910798122066), 'feature_drift': np.float64(5.786821399358832e-05), 'variance_drift': np.float64(0.0011716300110994528), 'node_churn': np.float64(0.015137614678899083), 'structural_stability': np.float64(0.0)}"
260.0,21.0,107.0,0.15137614678899083,0.25,0.6476190476190476,0.4242424242424243,0.7652582159624413,0.00022276449444327167,0.023432600221989057,2.0,0.4,0.9998,0.15137614678899083,1.0,1.0,0.25949118913047486,"{'growth_rate': np.float64(0.030275229357798167), 'density_change': np.float64(0.025), 'degree_change': np.float64(0.06476190476190477), 'fraud_growth': np.float64(0.08484848484848487), 'clustering_change': np.float64(0.038262910798122066), 'feature_drift': np.float64(3.341467416649075e-05), 'variance_drift': np.float64(0.0011716300110994528), 'node_churn': np.float64(0.015137614678899083), 'structural_stability': np.float64(0.0)}"
402.0,22.0,307.0,0.15137614678899083,0.25,0.6476190476190476,0.4242424242424243,0.7652582159624413,0.0,0.023432600221989057,2.0,0.4,0.9998,0.15137614678899083,1.0,1.0,0.2594577744563084,"{'growth_rate': np.float64(0.030275229357798167), 'density_change': np.float64(0.025), 'degree_change': np.float64(0.06476190476190477), 'fraud_growth': np.float64(0.08484848484848487), 'clustering_change': np.float64(0.038262910798122066), 'feature_drift': np.float64(0.0), 'variance_drift': np.float64(0.0011716300110994528), 'node_churn': np.float64(0.015137614678899083), 'structural_stability': np.float64(0.0)}"
212.0,23.0,82.0,0.15137614678899083,0.22023809523809523,0.5790476190476191,0.4242424242424243,0.0,0.06832061271939573,0.04017945930807525,5.0,1.0,0.7801,0.15137614678899083,0.4338547424969224,0.0,0.2507542280622206,"{'growth_rate': np.float64(0.030275229357798167), 'density_change': np.float64(0.022023809523809525), 'degree_change': np.float64(0.05790476190476192), 'fraud_growth': np.float64(0.08484848484848487), 'clustering_change': np.float64(0.0), 'feature_drift': np.float64(0.010248091907909358), 'variance_drift': np.float64(0.0020089729654037625), 'node_churn': np.float64(0.015137614678899083), 'structural_stability': np.float64(0.028307262875153883)}"
82.0,22.0,37.0,0.3156005776418621,0.1511379800853485,0.7876447876447877,0.0,0.7652582159624413,0.027776480306792608,0.035435515809685236,4.0,0.8,0.8127249999999999,0.315600577641862,0.6692941464505071,0.0,0.2492949013776721,"{'growth_rate': np.float64(0.06312011552837242), 'density_change': np.float64(0.015113798008534851), 'degree_change': np.float64(0.07876447876447878), 'fraud_growth': np.float64(0.0), 'clustering_change': np.float64(0.038262910798122066), 'feature_drift': np.float64(0.004166472046018891), 'variance_drift': np.float64(0.001771775790484262), 'node_churn': np.float64(0.0315600577641862), 'structural_stability': np.float64(0.016535292677474646)}"
20.0,21.0,86.0,0.0873133657132578,0.4125,0.6165333333333334,0.3090909090909092,0.0,0.05063407326086792,0.024640891784918184,2.0,0.4,0.8913,0.08731336571325778,0.2942338890614753,1.0,0.23503098599079486,"{'growth_rate': np.float64(0.017462673142651562), 'density_change': np.float64(0.04125), 'degree_change': np.float64(0.06165333333333334), 'fraud_growth': np.float64(0.06181818181818184), 'clustering_change': np.float64(0.0), 'feature_drift': np.float64(0.007595110989130188), 'variance_drift': np.float64(0.0012320445892459093), 'node_churn': np.float64(0.008731336571325778), 'structural_stability': np.float64(0.03528830554692624)}"
23.0,23.0,5.0,0.19027140672782877,0.19999999999999998,0.7040781440781443,0.0,0.7652582159624413,0.23560383295868995,0.07707884476420765,4.0,0.8,0.7716,0.19027140672782877,0.8294050680946154,0.0,0.23347641100156824,"{'growth_rate': np.float64(0.03805428134556576), 'density_change': np.float64(0.02), 'degree_change': np.float64(0.07040781440781443), 'fraud_growth': np.float64(0.0), 'clustering_change': np.float64(0.038262910798122066), 'feature_drift': np.float64(0.03534057494380349), 'variance_drift': np.float64(0.003853942238210383), 'node_churn': np.float64(0.01902714067278288), 'structural_stability': np.float64(0.008529746595269228)}"
28.0,21.0,0.0,0.10692442114460465,0.3258620689655173,0.6141935483870968,0.22843822843822847,0.7652582159624413,0.05172422605109597,0.09060970753642633,2.0,0.4,0.87515,0.10692442114460464,0.7933483513352222,1.0,0.2326551462821352,"{'growth_rate': np.float64(0.02138488422892093), 'density_change': np.float64(0.03258620689655173), 'degree_change': np.float64(0.06141935483870969), 'fraud_growth': np.float64(0.045687645687645696), 'clustering_change': np.float64(0.038262910798122066), 'feature_drift': np.float64(0.007758633907664396), 'variance_drift': np.float64(0.004530485376821317), 'node_churn': np.float64(0.010692442114460465), 'structural_stability': np.float64(0.01033258243323889)}"
82.0,21.0,113.0,0.18249235474006117,0.23284313725490197,0.7443897099069513,0.044191919191919234,0.7652582159624413,0.04777263993158953,0.06595878353484706,4.0,0.8,0.8127249999999999,0.1824923547400612,0.8676863910869586,1.0,0.21665180138684242,"{'growth_rate': np.float64(0.036498470948012236), 'density_change': np.float64(0.023284313725490197), 'degree_change': np.float64(0.07443897099069513), 'fraud_growth': np.float64(0.008838383838383847), 'clustering_change': np.float64(0.038262910798122066), 'feature_drift': np.float64(0.0071658959897384295), 'variance_drift': np.float64(0.003297939176742353), 'node_churn': np.float64(0.01824923547400612), 'structural_stability': np.float64(0.006615680445652073)}"
442.0,23.0,43.0,0.15137614678899083,0.25,0.6476190476190476,0.0,0.7652582159624413,0.2563019632660908,0.023432600221989057,3.0,0.6,0.8432,0.15137614678899083,1.0,0.0,0.2130545840977372,"{'growth_rate': np.float64(0.030275229357798167), 'density_change': np.float64(0.025), 'degree_change': np.float64(0.06476190476190477), 'fraud_growth': np.float64(0.0), 'clustering_change': np.float64(0.038262910798122066), 'feature_drift': np.float64(0.038445294489913615), 'variance_drift': np.float64(0.0011716300110994528), 'node_churn': np.float64(0.015137614678899083), 'structural_stability': np.float64(0.0)}"
21.0,21.0,30.0,0.15137614678899083,0.25,0.7892857142857144,0.0,0.7652582159624413,0.0663632513670368,0.01796649426485363,3.0,0.6,0.7920000000000001,0.15137614678899083,0.867292049330884,0.0,0.20509253621514476,"{'growth_rate': np.float64(0.030275229357798167), 'density_change': np.float64(0.025), 'degree_change': np.float64(0.07892857142857145), 'fraud_growth': np.float64(0.0), 'clustering_change': np.float64(0.038262910798122066), 'feature_drift': np.float64(0.00995448770505552), 'variance_drift': np.float64(0.0008983247132426816), 'node_churn': np.float64(0.015137614678899083), 'structural_stability': np.float64(0.006635397533455801)}"
731.0,23.0,55.0,0.15137614678899083,0.25,0.6476190476190476,0.0,0.7652582159624413,0.19205692621764403,0.023432600221989057,2.0,0.4,0.84665,0.15137614678899083,1.0,0.0,0.20341782854047014,"{'growth_rate': np.float64(0.030275229357798167), 'density_change': np.float64(0.025), 'degree_change': np.float64(0.06476190476190477), 'fraud_growth': np.float64(0.0), 'clustering_change': np.float64(0.038262910798122066), 'feature_drift': np.float64(0.028808538932646604), 'variance_drift': np.float64(0.0011716300110994528), 'node_churn': np.float64(0.015137614678899083), 'structural_stability': np.float64(0.0)}"
834.0,24.0,157.0,0.15137614678899083,0.25,0.6476190476190476,0.0,0.7652582159624413,0.18384615499985765,0.03734751458833842,2.0,0.4,0.8474999999999999,0.15137614678899083,1.0,0.0,0.20288195857611968,"{'growth_rate': np.float64(0.030275229357798167), 'density_change': np.float64(0.025), 'degree_change': np.float64(0.06476190476190477), 'fraud_growth': np.float64(0.0), 'clustering_change': np.float64(0.038262910798122066), 'feature_drift': np.float64(0.02757692324997865), 'variance_drift': np.float64(0.001867375729416921), 'node_churn': np.float64(0.015137614678899083), 'structural_stability': np.float64(0.0)}"
191.0,24.0,32.0,0.15137614678899083,0.25,0.6476190476190476,0.0,0.7652582159624413,0.18060001595384453,0.04366591658303864,5.0,1.0,0.7872799999999999,0.15137614678899083,1.0,0.0,0.2027109578189527,"{'growth_rate': np.float64(0.030275229357798167), 'density_change': np.float64(0.025), 'degree_change': np.float64(0.06476190476190477), 'fraud_growth': np.float64(0.0), 'clustering_change': np.float64(0.038262910798122066), 'feature_drift': np.float64(0.02709000239307668), 'variance_drift': np.float64(0.002183295829151932), 'node_churn': np.float64(0.015137614678899083), 'structural_stability': np.float64(0.0)}"
656.0,23.0,116.0,0.15137614678899083,0.25,0.6476190476190476,0.0,0.7652582159624413,0.1420378564355802,0.02040154813263345,2.0,0.4,0.8379,0.15137614678899083,1.0,0.0,0.1957634154686928,"{'growth_rate': np.float64(0.030275229357798167), 'density_change': np.float64(0.025), 'degree_change': np.float64(0.06476190476190477), 'fraud_growth': np.float64(0.0), 'clustering_change': np.float64(0.038262910798122066), 'feature_drift': np.float64(0.02130567846533703), 'variance_drift': np.float64(0.0010200774066316727), 'node_churn': np.float64(0.015137614678899083), 'structural_stability': np.float64(0.0)}"
588.0,23.0,86.0,0.15137614678899083,0.25,0.6476190476190476,0.0,0.7652582159624413,0.08886617580779174,0.1770764317475266,3.0,0.6,0.7952666666666667,0.15137614678899083,1.0,0.0,0.1956214075552692,"{'growth_rate': np.float64(0.030275229357798167), 'density_change': np.float64(0.025), 'degree_change': np.float64(0.06476190476190477), 'fraud_growth': np.float64(0.0), 'clustering_change': np.float64(0.038262910798122066), 'feature_drift': np.float64(0.013329926371168761), 'variance_drift': np.float64(0.008853821587376331), 'node_churn': np.float64(0.015137614678899083), 'structural_stability': np.float64(0.0)}"
838.0,24.0,174.0,0.15137614678899083,0.25,0.6476190476190476,0.0,0.7652582159624413,0.13871547441350268,0.019402721004582752,2.0,0.4,0.82575,0.15137614678899083,1.0,0.0,0.19521511680897863,"{'growth_rate': np.float64(0.030275229357798167), 'density_change': np.float64(0.025), 'degree_change': np.float64(0.06476190476190477), 'fraud_growth': np.float64(0.0), 'clustering_change': np.float64(0.038262910798122066), 'feature_drift': np.float64(0.0208073211620254), 'variance_drift': np.float64(0.0009701360502291376), 'node_churn': np.float64(0.015137614678899083), 'structural_stability': np.float64(0.0)}"
381.0,23.0,189.0,0.15137614678899083,0.25,0.6476190476190476,0.0,0.7652582159624413,0.11294320901424235,0.02157778597415381,4.0,0.8,0.851575,0.15137614678899083,1.0,0.0,0.19145803024756813,"{'growth_rate': np.float64(0.030275229357798167), 'density_change': np.float64(0.025), 'degree_change': np.float64(0.06476190476190477), 'fraud_growth': np.float64(0.0), 'clustering_change': np.float64(0.038262910798122066), 'feature_drift': np.float64(0.016941481352136353), 'variance_drift': np.float64(0.0010788892987076905), 'node_churn': np.float64(0.015137614678899083), 'structural_stability': np.float64(0.0)}"
23.0,21.0,26.0,0.11507390417940877,0.32608695652173914,0.6033717834960072,0.0,0.7652582159624413,0.06531181485102656,0.06129030124151056,4.0,0.8,0.7716,0.11507390417940877,0.7842317455577122,0.0,0.18938065606556323,"{'growth_rate': np.float64(0.023014780835881755), 'density_change': np.float64(0.03260869565217391), 'degree_change': np.float64(0.06033717834960072), 'fraud_growth': np.float64(0.0), 'clustering_change': np.float64(0.038262910798122066), 'feature_drift': np.float64(0.009796772227653985), 'variance_drift': np.float64(0.003064515062075528), 'node_churn': np.float64(0.011507390417940877), 'structural_stability': np.float64(0.010788412722114388)}"
55.0,23.0,27.0,0.15137614678899083,0.25,0.6476190476190476,0.0,0.7652582159624413,0.07772578631841259,0.05531628049705299,5.0,1.0,0.7614,0.15137614678899083,1.0,0.0,0.18786234156933862,"{'growth_rate': np.float64(0.030275229357798167), 'density_change': np.float64(0.025), 'degree_change': np.float64(0.06476190476190477), 'fraud_growth': np.float64(0.0), 'clustering_change': np.float64(0.038262910798122066), 'feature_drift': np.float64(0.011658867947761888), 'variance_drift': np.float64(0.0027658140248526496), 'node_churn': np.float64(0.015137614678899083), 'structural_stability': np.float64(0.0)}"
689.0,23.0,88.0,0.15137614678899083,0.25,0.6476190476190476,0.0,0.7652582159624413,0.008671960290245988,0.023432600221989057,3.0,0.6,0.8573,0.15137614678899083,1.0,0.0,0.17591008365136046,"{'growth_rate': np.float64(0.030275229357798167), 'density_change': np.float64(0.025), 'degree_change': np.float64(0.06476190476190477), 'fraud_growth': np.float64(0.0), 'clustering_change': np.float64(0.038262910798122066), 'feature_drift': np.float64(0.0013007940435368981), 'variance_drift': np.float64(0.0011716300110994528), 'node_churn': np.float64(0.015137614678899083), 'structural_stability': np.float64(0.0)}"
420.0,23.0,7.0,0.060250109217999136,0.46342160411506955,0.5154395775085431,0.0,0.0,0.09624922071118593,0.017694431285674248,2.0,0.4,0.78095,0.06025010921799915,0.2055327129798669,0.0,0.17100661994972927,"{'growth_rate': np.float64(0.012050021843599828), 'density_change': np.float64(0.04634216041150696), 'degree_change': np.float64(0.05154395775085431), 'fraud_growth': np.float64(0.0), 'clustering_change': np.float64(0.0), 'feature_drift': np.float64(0.014437383106677889), 'variance_drift': np.float64(0.0008847215642837124), 'node_churn': np.float64(0.006025010921799915), 'structural_stability': np.float64(0.03972336435100666)}"
82.0,23.0,24.0,0.0,0.0,0.0,0.4242424242424243,0.0,0.043810392775361175,0.0,4.0,0.8,0.8127249999999999,0.0,0.02364864864864868,0.0,0.14023761133235663,"{'growth_rate': np.float64(0.0), 'density_change': np.float64(0.0), 'degree_change': np.float64(0.0), 'fraud_growth': np.float64(0.08484848484848487), 'clustering_change': np.float64(0.0), 'feature_drift': np.float64(0.006571558916304176), 'variance_drift': np.float64(0.0), 'node_churn': np.float64(0.0), 'structural_stability': np.float64(0.04881756756756757)}"
