pcid,timestep,community,growth_rate,density_change,degree_change,fraud_growth,clustering_change,feature_drift,variance_drift,lifetime,persistence,average_match_score,node_churn,structural_stability,is_fraud_community,afei,feature_contributions
6,21,11,-0.1515151515151515,0.1785714285714284,-0.0434782608695651,1.357142857142857,0.0,4.610801345166044,0.2957095616678967,2,0.4,0.8591,1.8484848484848484,0.9310843373493978,1,0.3880724006383685,"{'growth_rate': np.float64(0.02556065239551479), 'density_change': np.float64(0.02946428571428571), 'degree_change': np.float64(0.06194616977225673), 'fraud_growth': np.float64(0.2), 'clustering_change': np.float64(0.038262910798122066), 'feature_drift': np.float64(0.011811373516494297), 'variance_drift': np.float64(0.001518092208118625), 'node_churn': np.float64(0.012780326197757392), 'structural_stability': np.float64(0.006728590035818938)}"
11,21,18,0.6666666666666666,-0.1692307692307691,0.5306122448979593,-1.0,0.0,4.278829689108831,0.7300303872769763,2,0.4,0.90335,2.6666666666666665,0.8108452138492872,0,0.2661130740148967,"{'growth_rate': np.float64(0.05101936799184507), 'density_change': np.float64(0.020769230769230776), 'degree_change': np.float64(0.0991253644314869), 'fraud_growth': np.float64(0.0), 'clustering_change': np.float64(0.038262910798122066), 'feature_drift': np.float64(0.010931407399159212), 'variance_drift': np.float64(0.0020269555218477143), 'node_churn': np.float64(0.02550968399592253), 'structural_stability': np.float64(0.018468153107282437)}"
15,21,9,0.0,0.0,0.0,0.0,0.0,9.08010379424121,0.0,3,0.6,0.9154666666666668,2.0,1.0,0,0.2831160471027424,"{'growth_rate': np.float64(0.030275229357798167), 'density_change': np.float64(0.025), 'degree_change': np.float64(0.06476190476190477), 'fraud_growth': np.float64(0.08484848484848487), 'clustering_change': np.float64(0.038262910798122066), 'feature_drift': np.float64(0.02365827264643409), 'variance_drift': np.float64(0.0011716300110994528), 'node_churn': np.float64(0.015137614678899083), 'structural_stability': np.float64(0.0)}"
15,22,457,0.0,0.0,0.0,0.0,0.0,4.331653259096176,0.0,3,0.6,0.9154666666666668,2.0,1.0,0,0.2705292027004325,"{'growth_rate': np.float64(0.030275229357798167), 'density_change': np.float64(0.025), 'degree_change': np.float64(0.06476190476190477), 'fraud_growth': np.float64(0.08484848484848487), 'clustering_change': np.float64(0.038262910798122066), 'feature_drift': np.float64(0.011071428244124153), 'variance_drift': np.float64(0.0011716300110994528), 'node_churn': np.float64(0.015137614678899083), 'structural_stability': np.float64(0.0)}"
18,21,87,-0.391304347826087,0.6428571428571428,0.0081168831168831,0.0,0.0,3.2580206002766148,0.0641705692854864,4,0.8,0.793975,1.608695652173913,0.8216985326811916,1,0.2835002002096855,"{'growth_rate': np.float64(0.01809932189868369), 'density_change': np.float64(0.04107142857142857), 'degree_change': np.float64(0.06528756957328387), 'fraud_growth': np.float64(0.08484848484848487), 'clustering_change': np.float64(0.038262910798122066), 'feature_drift': np.float64(0.008225521537972192), 'variance_drift': np.float64(0.0012468141759036657), 'node_churn': np.float64(0.009049660949341846), 'structural_stability': np.float64(0.01740848785646474)}"
18,22,68,-0.4285714285714285,0.7500000000000001,-0.0925925925925926,0.0,0.0,5.1796593057360765,0.3958866869757202,4,0.8,0.793975,1.5714285714285714,0.780722891566265,1,0.2874002685659689,"{'growth_rate': np.float64(0.01693971166448231), 'density_change': np.float64(0.043750000000000004), 'degree_change': np.float64(0.05876543209876544), 'fraud_growth': np.float64(0.08484848484848487), 'clustering_change': np.float64(0.038262910798122066), 'feature_drift': np.float64(0.01331926047534869), 'variance_drift': np.float64(0.0016354627345549417), 'node_churn': np.float64(0.008469855832241155), 'structural_stability': np.float64(0.021409150113969405)}"
18,23,178,-0.625,1.6666666666666663,-0.2380952380952381,0.0,0.0,5.946980346107368,-0.4973486400708091,4,0.8,0.793975,1.375,0.6116504854368933,1,0.309220562586224,"{'growth_rate': np.float64(0.01082759938837921), 'density_change': np.float64(0.06666666666666667), 'degree_change': np.float64(0.04934240362811792), 'fraud_growth': np.float64(0.08484848484848487), 'clustering_change': np.float64(0.038262910798122066), 'feature_drift': np.float64(0.01535321880981769), 'variance_drift': np.float64(0.000588921418412993), 'node_churn': np.float64(0.005413799694189605), 'structural_stability': np.float64(0.03791655733403306)}"
20,21,86,-0.4117647058823529,0.65,-0.048,-0.2714285714285714,-1.0,3.0201950411189493,0.0515645532925223,2,0.4,0.8913,1.588235294117647,0.6385696040868455,1,0.2350309859907948,"{'growth_rate': np.float64(0.017462673142651562), 'density_change': np.float64(0.04125), 'degree_change': np.float64(0.06165333333333334), 'fraud_growth': np.float64(0.06181818181818184), 'clustering_change': np.float64(0.0), 'feature_drift': np.float64(0.007595110989130188), 'variance_drift': np.float64(0.0012320445892459093), 'node_churn': np.float64(0.008731336571325778), 'structural_stability': np.float64(0.03528830554692624)}"
21,21,30,0.0,0.0,0.21875,-1.0,0.0,3.9102818072100862,-0.2332692874607253,3,0.6,0.7920000000000001,2.0,0.9320388349514562,0,0.2050925362151447,"{'growth_rate': np.float64(0.030275229357798167), 'density_change': np.float64(0.025), 'degree_change': np.float64(0.07892857142857145), 'fraud_growth': np.float64(0.0), 'clustering_change': np.float64(0.038262910798122066), 'feature_drift': np.float64(0.00995448770505552), 'variance_drift': np.float64(0.0008983247132426816), 'node_churn': np.float64(0.015137614678899083), 'structural_stability': np.float64(0.006635397533455801)}"
21,22,1,1.3125,-0.5435435435435436,-0.1018711018711019,0.0,0.0,4.371468487664506,0.286426072942676,3,0.6,0.7920000000000001,3.3125,0.8229516507192192,0,0.3293305460962811,"{'growth_rate': np.float64(0.07111525229357799), 'density_change': np.float64(0.01141141141141141), 'degree_change': np.float64(0.058164538164538176), 'fraud_growth': np.float64(0.08484848484848487), 'clustering_change': np.float64(0.038262910798122066), 'feature_drift': np.float64(0.011176967531755518), 'variance_drift': np.float64(0.001507215394120453), 'node_churn': np.float64(0.03555762614678899), 'structural_stability': np.float64(0.017286139507481646)}"
23,21,26,-0.2333333333333333,0.3043478260869565,-0.0683229813664596,-1.0,0.0,3.850782847889469,1.6155996629002356,4,0.8,0.7716,1.7666666666666666,0.8895027624309392,0,0.1893806560655632,"{'growth_rate': np.float64(0.023014780835881755), 'density_change': np.float64(0.03260869565217391), 'degree_change': np.float64(0.06033717834960072), 'fraud_growth': np.float64(0.0), 'clustering_change': np.float64(0.038262910798122066), 'feature_drift': np.float64(0.009796772227653985), 'variance_drift': np.float64(0.003064515062075528), 'node_churn': np.float64(0.011507390417940877), 'structural_stability': np.float64(0.010788412722114388)}"
23,22,4,-0.1304347826086956,0.1500000000000001,-0.0033333333333333,0.0,0.0,6.695151250923798,1.0025645442215425,4,0.8,0.7716,1.8695652173913044,0.9513742071881608,1,0.2801625836407185,"{'growth_rate': np.float64(0.026216593538093344), 'density_change': np.float64(0.028750000000000005), 'degree_change': np.float64(0.06454603174603175), 'fraud_growth': np.float64(0.08484848484848487), 'clustering_change': np.float64(0.038262910798122066), 'feature_drift': np.float64(0.017336415369529186), 'variance_drift': np.float64(0.0023462647191736566), 'node_churn': np.float64(0.013108296769046674), 'structural_stability': np.float64(0.004747585852237019)}"
23,23,5,0.25,-0.2,0.0871794871794872,-1.0,0.0,13.48731125805076,2.28938504621767,4,0.8,0.7716,2.25,0.9126365054602184,0,0.2334764110015682,"{'growth_rate': np.float64(0.03805428134556576), 'density_change': np.float64(0.02), 'degree_change': np.float64(0.07040781440781443), 'fraud_growth': np.float64(0.0), 'clustering_change': np.float64(0.038262910798122066), 'feature_drift': np.float64(0.03534057494380349), 'variance_drift': np.float64(0.003853942238210383), 'node_churn': np.float64(0.01902714067278288), 'structural_stability': np.float64(0.008529746595269228)}"
25,21,131,0.0,0.0,0.0,0.0,0.0,5.068131453712591,-0.2963165471061302,4,0.8,0.7503,2.0,1.0,0,0.2721342317221755,"{'growth_rate': np.float64(0.030275229357798167), 'density_change': np.float64(0.025), 'degree_change': np.float64(0.06476190476190477), 'fraud_growth': np.float64(0.08484848484848487), 'clustering_change': np.float64(0.038262910798122066), 'feature_drift': np.float64(0.013023630625242106), 'variance_drift': np.float64(0.0008244566517245461), 'node_churn': np.float64(0.015137614678899083), 'structural_stability': np.float64(0.0)}"
25,22,3,1.6666666666666667,-0.6250000000000001,0.1015625,0.0,0.0,3.331837258656834,0.0995836747223302,4,0.8,0.7503,3.6666666666666665,0.8050314465408805,0,0.3557743208942742,"{'growth_rate': np.float64(0.08213557594291541), 'density_change': np.float64(0.009374999999999998), 'degree_change': np.float64(0.07133928571428572), 'fraud_growth': np.float64(0.08484848484848487), 'clustering_change': np.float64(0.038262910798122066), 'feature_drift': np.float64(0.00842118932190582), 'variance_drift': np.float64(0.0012883052330197008), 'node_churn': np.float64(0.04106778797145771), 'structural_stability': np.float64(0.019035781064082952)}"
25,23,41,-0.75,3.0,-0.1489361702127659,0.0,0.0,4.930276709631565,0.0696296260489761,4,0.8,0.7503,1.25,0.4878892733564013,0,0.3525464459805945,"{'growth_rate': np.float64(0.006938073394495416), 'density_change': np.float64(0.1), 'degree_change': np.float64(0.05511651469098279), 'fraud_growth': np.float64(0.08484848484848487), 'clustering_change': np.float64(0.038262910798122066), 'feature_drift': np.float64(0.012658215380621656), 'variance_drift': np.float64(0.0012532101706400657), 'node_churn': np.float64(0.003469036697247708), 'structural_stability': np.float64(0.05)}"
28,21,0,-0.2857142857142857,0.3034482758620691,-0.0516129032258064,-0.4615384615384615,0.0,3.081884886897907,2.8668225753025287,2,0.4,0.87515,1.7142857142857142,0.894171474040183,1,0.2326551462821352,"{'growth_rate': np.float64(0.02138488422892093), 'density_change': np.float64(0.03258620689655173), 'degree_change': np.float64(0.06141935483870969), 'fraud_growth': np.float64(0.045687645687645696), 'clustering_change': np.float64(0.038262910798122066), 'feature_drift': np.float64(0.007758633907664396), 'variance_drift': np.float64(0.004530485376821317), 'node_churn': np.float64(0.010692442114460465), 'structural_stability': np.float64(0.01033258243323889)}"
38,21,19,0.0,0.0,0.0,0.0,0.0,0.1767321885435085,0.0,3,0.6,0.9995333333333334,2.0,1.0,1,0.2595156426703019,"{'growth_rate': np.float64(0.030275229357798167), 'density_change': np.float64(0.025), 'degree_change': np.float64(0.06476190476190477), 'fraud_growth': np.float64(0.08484848484848487), 'clustering_change': np.float64(0.038262910798122066), 'feature_drift': np.float64(5.786821399358832e-05), 'variance_drift': np.float64(0.0011716300110994528), 'node_churn': np.float64(0.015137614678899083), 'structural_stability': np.float64(0.0)}"
38,22,36,0.0,0.0,0.0,0.0,0.0,0.2361027135057836,0.0,3,0.6,0.9995333333333334,2.0,1.0,1,0.2596730177033264,"{'growth_rate': np.float64(0.030275229357798167), 'density_change': np.float64(0.025), 'degree_change': np.float64(0.06476190476190477), 'fraud_growth': np.float64(0.08484848484848487), 'clustering_change': np.float64(0.038262910798122066), 'feature_drift': np.float64(0.0002152432470180797), 'variance_drift': np.float64(0.0011716300110994528), 'node_churn': np.float64(0.015137614678899083), 'structural_stability': np.float64(0.0)}"
39,21,91,0.0,0.0,0.0,0.0,0.0,7.874439953537694,1.0338928540080448,4,0.8,0.7692500000000001,2.0,1.0,0,0.2811315017195285,"{'growth_rate': np.float64(0.030275229357798167), 'density_change': np.float64(0.025), 'degree_change': np.float64(0.06476190476190477), 'fraud_growth': np.float64(0.08484848484848487), 'clustering_change': np.float64(0.038262910798122066), 'feature_drift': np.float64(0.020462387367203093), 'variance_drift': np.float64(0.0023829699071165433), 'node_churn': np.float64(0.015137614678899083), 'structural_stability': np.float64(0.0)}"
39,22,217,-0.2,0.2499999999999999,-0.0625,0.0,0.0,14.523917060733364,1.3785339154703558,4,0.8,0.7692500000000001,1.8,0.9056603773584904,0,0.3012396201107045,"{'growth_rate': np.float64(0.024051987767584104), 'density_change': np.float64(0.03125), 'degree_change': np.float64(0.06071428571428572), 'fraud_growth': np.float64(0.08484848484848487), 'clustering_change': np.float64(0.038262910798122066), 'feature_drift': np.float64(0.03808833357545132), 'variance_drift': np.float64(0.0027867617177829576), 'node_churn': np.float64(0.012025993883792052), 'structural_stability': np.float64(0.009210861805201443)}"
39,23,67,0.0,0.0,0.0,0.0,0.0,17.30573845515598,-0.6089577707848908,4,0.8,0.7692500000000001,2.0,1.0,0,0.3042064829509886,"{'growth_rate': np.float64(0.030275229357798167), 'density_change': np.float64(0.025), 'degree_change': np.float64(0.06476190476190477), 'fraud_growth': np.float64(0.08484848484848487), 'clustering_change': np.float64(0.038262910798122066), 'feature_drift': np.float64(0.04546218169442406), 'variance_drift': np.float64(0.00045815681135565316), 'node_churn': np.float64(0.015137614678899083), 'structural_stability': np.float64(0.0)}"
40,21,181,0.0,0.0,0.0,0.0,0.0,5.642905394103708,0.0,3,0.6,0.9181333333333334,2.0,1.0,0,0.2740049736858056,"{'growth_rate': np.float64(0.030275229357798167), 'density_change': np.float64(0.025), 'degree_change': np.float64(0.06476190476190477), 'fraud_growth': np.float64(0.08484848484848487), 'clustering_change': np.float64(0.038262910798122066), 'feature_drift': np.float64(0.014547199229497257), 'variance_drift': np.float64(0.0011716300110994528), 'node_churn': np.float64(0.015137614678899083), 'structural_stability': np.float64(0.0)}"
40,22,137,0.0,0.0,0.0,0.0,0.0,5.203133959848674,0.0,3,0.6,0.9181333333333334,2.0,1.0,0,0.2728392598230245,"{'growth_rate': np.float64(0.030275229357798167), 'density_change': np.float64(0.025), 'degree_change': np.float64(0.06476190476190477), 'fraud_growth': np.float64(0.08484848484848487), 'clustering_change': np.float64(0.038262910798122066), 'feature_drift': np.float64(0.013381485366716182), 'variance_drift': np.float64(0.0011716300110994528), 'node_churn': np.float64(0.015137614678899083), 'structural_stability': np.float64(0.0)}"
42,21,53,0.0,0.0,0.0,0.0,0.0,12.531062997532109,0.0,2,0.4,0.94875,2.0,1.0,0,0.2922635966473889,"{'growth_rate': np.float64(0.030275229357798167), 'density_change': np.float64(0.025), 'degree_change': np.float64(0.06476190476190477), 'fraud_growth': np.float64(0.08484848484848487), 'clustering_change': np.float64(0.038262910798122066), 'feature_drift': np.float64(0.03280582219108051), 'variance_drift': np.float64(0.0011716300110994528), 'node_churn': np.float64(0.015137614678899083), 'structural_stability': np.float64(0.0)}"
49,21,67,0.0,0.0,0.0,0.0,0.0,5.655429686462156,0.0,2,0.4,0.9981,2.0,1.0,0,0.2740381721613921,"{'growth_rate': np.float64(0.030275229357798167), 'density_change': np.float64(0.025), 'degree_change': np.float64(0.06476190476190477), 'fraud_growth': np.float64(0.08484848484848487), 'clustering_change': np.float64(0.038262910798122066), 'feature_drift': np.float64(0.014580397705083783), 'variance_drift': np.float64(0.0011716300110994528), 'node_churn': np.float64(0.015137614678899083), 'structural_stability': np.float64(0.0)}"
50,21,69,0.0,0.0,0.0,0.0,0.0,0.3078922425172065,0.0,2,0.4,0.99925,2.0,1.0,1,0.2598633121214096,"{'growth_rate': np.float64(0.030275229357798167), 'density_change': np.float64(0.025), 'degree_change': np.float64(0.06476190476190477), 'fraud_growth': np.float64(0.08484848484848487), 'clustering_change': np.float64(0.038262910798122066), 'feature_drift': np.float64(0.0004055376651011978), 'variance_drift': np.float64(0.0011716300110994528), 'node_churn': np.float64(0.015137614678899083), 'structural_stability': np.float64(0.0)}"
55,21,17,-0.5454545454545454,1.2,-0.1199999999999999,0.0,0.0,6.392855500043406,-0.2158906870490533,5,1.0,0.7614,1.4545454545454546,0.6944444444444444,0,0.3023427562034944,"{'growth_rate': np.float64(0.013302752293577986), 'density_change': np.float64(0.05500000000000001), 'degree_change': np.float64(0.0569904761904762), 'fraud_growth': np.float64(0.08484848484848487), 'clustering_change': np.float64(0.038262910798122066), 'feature_drift': np.float64(0.016535111965050375), 'variance_drift': np.float64(0.000918686003035902), 'node_churn': np.float64(0.006651376146788993), 'structural_stability': np.float64(0.029832957957957963)}"
55,22,316,-0.2,0.2499999999999999,-0.0625,0.0,0.0,5.530133413253666,-0.7232481473792776,5,1.0,0.7614,1.8,0.9056603773584904,1,0.2749370471275762,"{'growth_rate': np.float64(0.024051987767584104), 'density_change': np.float64(0.03125), 'degree_change': np.float64(0.06071428571428572), 'fraud_growth': np.float64(0.08484848484848487), 'clustering_change': np.float64(0.038262910798122066), 'feature_drift': np.float64(0.014248271533948167), 'variance_drift': np.float64(0.0003242507761578112), 'node_churn': np.float64(0.012025993883792052), 'structural_stability': np.float64(0.009210861805201443)}"
55,23,27,0.0,0.0,0.0,-1.0,0.0,4.553267850168115,1.360654813081496,5,1.0,0.7614,2.0,1.0,0,0.1878623415693386,"{'growth_rate': np.float64(0.030275229357798167), 'density_change': np.float64(0.025), 'degree_change': np.float64(0.06476190476190477), 'fraud_growth': np.float64(0.0), 'clustering_change': np.float64(0.038262910798122066), 'feature_drift': np.float64(0.011658867947761888), 'variance_drift': np.float64(0.0027658140248526496), 'node_churn': np.float64(0.015137614678899083), 'structural_stability': np.float64(0.0)}"
55,24,89,0.0,0.0,0.0,0.0,0.0,21.095382475590743,1.5697961082159948,5,1.0,0.7614,2.0,1.0,0,0.316804486799437,"{'growth_rate': np.float64(0.030275229357798167), 'density_change': np.float64(0.025), 'degree_change': np.float64(0.06476190476190477), 'fraud_growth': np.float64(0.08484848484848487), 'clustering_change': np.float64(0.038262910798122066), 'feature_drift': np.float64(0.05550749211143564), 'variance_drift': np.float64(0.0030108502427924366), 'node_churn': np.float64(0.015137614678899083), 'structural_stability': np.float64(0.0)}"
56,21,140,0.0,0.0,0.0,0.0,0.0,12.451846202161375,-0.602980195390403,5,1.0,0.84526,2.0,1.0,0,0.2913471448833771,"{'growth_rate': np.float64(0.030275229357798167), 'density_change': np.float64(0.025), 'degree_change': np.float64(0.06476190476190477), 'fraud_growth': np.float64(0.08484848484848487), 'clustering_change': np.float64(0.038262910798122066), 'feature_drift': np.float64(0.03259584012008678), 'variance_drift': np.float64(0.0004651603180814447), 'node_churn': np.float64(0.015137614678899083), 'structural_stability': np.float64(0.0)}"
56,22,396,0.0,0.0,0.0,0.0,0.0,20.61898173139872,1.4966679840269117,5,1.0,0.84526,2.0,1.0,0,0.3154559995435052,"{'growth_rate': np.float64(0.030275229357798167), 'density_change': np.float64(0.025), 'degree_change': np.float64(0.06476190476190477), 'fraud_growth': np.float64(0.08484848484848487), 'clustering_change': np.float64(0.038262910798122066), 'feature_drift': np.float64(0.05424468396045918), 'variance_drift': np.float64(0.0029251711378370997), 'node_churn': np.float64(0.015137614678899083), 'structural_stability': np.float64(0.0)}"
56,23,157,0.0,0.0,0.0,0.0,0.0,19.727213352945412,2.0611045664305068,5,1.0,0.84526,2.0,1.0,0,0.3137534761721749,"{'growth_rate': np.float64(0.030275229357798167), 'density_change': np.float64(0.025), 'degree_change': np.float64(0.06476190476190477), 'fraud_growth': np.float64(0.08484848484848487), 'clustering_change': np.float64(0.038262910798122066), 'feature_drift': np.float64(0.05188084974982248), 'variance_drift': np.float64(0.0035864819771435604), 'node_churn': np.float64(0.015137614678899083), 'structural_stability': np.float64(0.0)}"
56,24,177,0.0,0.0,0.0,0.0,0.0,10.231948058920263,0.1181020765463242,5,1.0,0.84526,2.0,1.0,0,0.2863076433345125,"{'growth_rate': np.float64(0.030275229357798167), 'density_change': np.float64(0.025), 'degree_change': np.float64(0.06476190476190477), 'fraud_growth': np.float64(0.08484848484848487), 'clustering_change': np.float64(0.038262910798122066), 'feature_drift': np.float64(0.026711496940949257), 'variance_drift': np.float64(0.0013100019483542912), 'node_churn': np.float64(0.015137614678899083), 'structural_stability': np.float64(0.0)}"
62,21,233,0.0,0.0,0.0,0.0,0.0,0.1927003524081505,0.0,3,0.6,0.9993666666666666,2.0,1.0,1,0.2595579699078855,"{'growth_rate': np.float64(0.030275229357798167), 'density_change': np.float64(0.025), 'degree_change': np.float64(0.06476190476190477), 'fraud_growth': np.float64(0.08484848484848487), 'clustering_change': np.float64(0.038262910798122066), 'feature_drift': np.float64(0.00010019545157714204), 'variance_drift': np.float64(0.0011716300110994528), 'node_churn': np.float64(0.015137614678899083), 'structural_stability': np.float64(0.0)}"
62,22,233,0.0,0.0,0.0,0.0,0.0,0.2782794747546881,0.0,3,0.6,0.9993666666666666,2.0,1.0,1,0.2597848167685803,"{'growth_rate': np.float64(0.030275229357798167), 'density_change': np.float64(0.025), 'degree_change': np.float64(0.06476190476190477), 'fraud_growth': np.float64(0.08484848484848487), 'clustering_change': np.float64(0.038262910798122066), 'feature_drift': np.float64(0.0003270423122719252), 'variance_drift': np.float64(0.0011716300110994528), 'node_churn': np.float64(0.015137614678899083), 'structural_stability': np.float64(0.0)}"
66,21,52,4.666666666666667,-0.8125,0.5441176470588235,0.0,0.0,3.6369618259328136,2.5393850328430907,2,0.4,0.8166,6.666666666666667,0.6886075949367089,0,0.5348048757599267,"{'growth_rate': np.float64(0.17548419979612642), 'density_change': np.float64(0.004687500000000001), 'degree_change': np.float64(0.1), 'fraud_growth': np.float64(0.08484848484848487), 'clustering_change': np.float64(0.038262910798122066), 'feature_drift': np.float64(0.009229991145405833), 'variance_drift': np.float64(0.0041468497253151874), 'node_churn': np.float64(0.08774209989806321), 'structural_stability': np.float64(0.030402839548409166)}"
71,21,126,0.0,0.0,0.0,0.0,0.0,11.74621488085061,0.0,2,0.4,0.9363,2.0,1.0,0,0.2901831788245644,"{'growth_rate': np.float64(0.030275229357798167), 'density_change': np.float64(0.025), 'degree_change': np.float64(0.06476190476190477), 'fraud_growth': np.float64(0.08484848484848487), 'clustering_change': np.float64(0.038262910798122066), 'feature_drift': np.float64(0.030725404368256062), 'variance_drift': np.float64(0.0011716300110994528), 'node_churn': np.float64(0.015137614678899083), 'structural_stability': np.float64(0.0)}"
74,21,70,0.0,0.0,0.0,0.0,0.0,9.23345060235606,0.3781441510788804,5,1.0,0.76484,2.0,1.0,0,0.2839655726103603,"{'growth_rate': np.float64(0.030275229357798167), 'density_change': np.float64(0.025), 'degree_change': np.float64(0.06476190476190477), 'fraud_growth': np.float64(0.08484848484848487), 'clustering_change': np.float64(0.038262910798122066), 'feature_drift': np.float64(0.02406475311812622), 'variance_drift': np.float64(0.0016146750470251948), 'node_churn': np.float64(0.015137614678899083), 'structural_stability': np.float64(0.0)}"
74,22,109,0.0,0.0,0.0,0.0,0.0,10.06104597681974,0.2493280427679049,5,1.0,0.76484,2.0,1.0,0,0.2860083769103956,"{'growth_rate': np.float64(0.030275229357798167), 'density_change': np.float64(0.025), 'degree_change': np.float64(0.06476190476190477), 'fraud_growth': np.float64(0.08484848484848487), 'clustering_change': np.float64(0.038262910798122066), 'feature_drift': np.float64(0.026258482236571717), 'variance_drift': np.float64(0.0014637502286150182), 'node_churn': np.float64(0.015137614678899083), 'structural_stability': np.float64(0.0)}"
74,23,174,0.0,0.0,0.0,0.0,0.0,11.8066512792417,0.3610103379036097,5,1.0,0.76484,2.0,1.0,0,0.2907663497429023,"{'growth_rate': np.float64(0.030275229357798167), 'density_change': np.float64(0.025), 'degree_change': np.float64(0.06476190476190477), 'fraud_growth': np.float64(0.08484848484848487), 'clustering_change': np.float64(0.038262910798122066), 'feature_drift': np.float64(0.03088560474038891), 'variance_drift': np.float64(0.0015946005573044765), 'node_churn': np.float64(0.015137614678899083), 'structural_stability': np.float64(0.0)}"
74,24,248,-0.3333333333333333,0.5000000000000001,-0.2499999999999999,0.0,0.0,7.4303110660926,-0.8996705723557542,5,1.0,0.76484,1.6666666666666667,0.8,0,0.2779672633617532,"{'growth_rate': np.float64(0.019903160040774727), 'density_change': np.float64(0.037500000000000006), 'degree_change': np.float64(0.04857142857142858), 'fraud_growth': np.float64(0.08484848484848487), 'clustering_change': np.float64(0.038262910798122066), 'feature_drift': np.float64(0.019285123087104263), 'variance_drift': np.float64(0.00011754896842442945), 'node_churn': np.float64(0.009951580020387363), 'structural_stability': np.float64(0.01952702702702703)}"
79,21,237,0.0,0.0,0.0,0.0,0.0,11.098019375428386,0.0,3,0.6,0.9213666666666668,2.0,1.0,0,0.2884649897208472,"{'growth_rate': np.float64(0.030275229357798167), 'density_change': np.float64(0.025), 'degree_change': np.float64(0.06476190476190477), 'fraud_growth': np.float64(0.08484848484848487), 'clustering_change': np.float64(0.038262910798122066), 'feature_drift': np.float64(0.029007215264538887), 'variance_drift': np.float64(0.0011716300110994528), 'node_churn': np.float64(0.015137614678899083), 'structural_stability': np.float64(0.0)}"
79,22,302,0.0,0.0,0.0,0.0,0.0,11.936966665417984,0.0,3,0.6,0.9213666666666668,2.0,1.0,0,0.2906888096643598,"{'growth_rate': np.float64(0.030275229357798167), 'density_change': np.float64(0.025), 'degree_change': np.float64(0.06476190476190477), 'fraud_growth': np.float64(0.08484848484848487), 'clustering_change': np.float64(0.038262910798122066), 'feature_drift': np.float64(0.0312310352080515), 'variance_drift': np.float64(0.0011716300110994528), 'node_churn': np.float64(0.015137614678899083), 'structural_stability': np.float64(0.0)}"
82,21,113,0.2,-0.0686274509803921,0.1494252873563218,-0.8958333333333333,0.0,2.8582715177630846,1.814829891261987,4,0.8,0.8127249999999999,2.2,0.9322407815947056,1,0.2166518013868424,"{'growth_rate': np.float64(0.036498470948012236), 'density_change': np.float64(0.023284313725490197), 'degree_change': np.float64(0.07443897099069513), 'fraud_growth': np.float64(0.008838383838383847), 'clustering_change': np.float64(0.038262910798122066), 'feature_drift': np.float64(0.0071658959897384295), 'variance_drift': np.float64(0.003297939176742353), 'node_churn': np.float64(0.01824923547400612), 'structural_stability': np.float64(0.006615680445652073)}"
82,22,37,1.0555555555555556,-0.3954480796586059,0.2162162162162161,-1.0,0.0,1.726723706774965,0.5122314840856925,4,0.8,0.8127249999999999,3.0555555555555554,0.8306419850334777,0,0.2492949013776721,"{'growth_rate': np.float64(0.06312011552837242), 'density_change': np.float64(0.015113798008534851), 'degree_change': np.float64(0.07876447876447878), 'fraud_growth': np.float64(0.0), 'clustering_change': np.float64(0.038262910798122066), 'feature_drift': np.float64(0.004166472046018891), 'variance_drift': np.float64(0.001771775790484262), 'node_churn': np.float64(0.0315600577641862), 'structural_stability': np.float64(0.016535292677474646)}"
82,23,24,-0.972972972972973,-1.0,-1.0,0.0,-1.0,2.6340548591470863,-1.0,4,0.8,0.8127249999999999,1.027027027027027,0.5,0,0.1402376113323566,"{'growth_rate': np.float64(0.0), 'density_change': np.float64(0.0), 'degree_change': np.float64(0.0), 'fraud_growth': np.float64(0.08484848484848487), 'clustering_change': np.float64(0.0), 'feature_drift': np.float64(0.006571558916304176), 'variance_drift': np.float64(0.0), 'node_churn': np.float64(0.0), 'structural_stability': np.float64(0.04881756756756757)}"
84,21,119,0.0,0.0,0.0,0.0,0.0,10.994959229725117,0.0,5,1.0,0.89868,2.0,1.0,0,0.2881918054455883,"{'growth_rate': np.float64(0.030275229357798167), 'density_change': np.float64(0.025), 'degree_change': np.float64(0.06476190476190477), 'fraud_growth': np.float64(0.08484848484848487), 'clustering_change': np.float64(0.038262910798122066), 'feature_drift': np.float64(0.028734030989279964), 'variance_drift': np.float64(0.0011716300110994528), 'node_churn': np.float64(0.015137614678899083), 'structural_stability': np.float64(0.0)}"
84,22,318,0.0,0.0,0.0,0.0,0.0,9.469105999600435,0.0,5,1.0,0.89868,2.0,1.0,0,0.2841471856172479,"{'growth_rate': np.float64(0.030275229357798167), 'density_change': np.float64(0.025), 'degree_change': np.float64(0.06476190476190477), 'fraud_growth': np.float64(0.08484848484848487), 'clustering_change': np.float64(0.038262910798122066), 'feature_drift': np.float64(0.02468941116093953), 'variance_drift': np.float64(0.0011716300110994528), 'node_churn': np.float64(0.015137614678899083), 'structural_stability': np.float64(0.0)}"
84,23,197,0.0,0.0,0.0,0.0,0.0,12.156280097169986,0.0,5,1.0,0.89868,2.0,1.0,0,0.2912701496236514,"{'growth_rate': np.float64(0.030275229357798167), 'density_change': np.float64(0.025), 'degree_change': np.float64(0.06476190476190477), 'fraud_growth': np.float64(0.08484848484848487), 'clustering_change': np.float64(0.038262910798122066), 'feature_drift': np.float64(0.03181237516734303), 'variance_drift': np.float64(0.0011716300110994528), 'node_churn': np.float64(0.015137614678899083), 'structural_stability': np.float64(0.0)}"
84,24,127,0.0,0.0,0.0,0.0,0.0,10.629739254828376,0.0,5,1.0,0.89868,2.0,1.0,0,0.2872237071232794,"{'growth_rate': np.float64(0.030275229357798167), 'density_change': np.float64(0.025), 'degree_change': np.float64(0.06476190476190477), 'fraud_growth': np.float64(0.08484848484848487), 'clustering_change': np.float64(0.038262910798122066), 'feature_drift': np.float64(0.027765932666971044), 'variance_drift': np.float64(0.0011716300110994528), 'node_churn': np.float64(0.015137614678899083), 'structural_stability': np.float64(0.0)}"
85,21,171,0.0,0.0,0.0,0.0,0.0,6.087379991337972,0.0,5,1.0,0.86014,2.0,1.0,1,0.2751831543480574,"{'growth_rate': np.float64(0.030275229357798167), 'density_change': np.float64(0.025), 'degree_change': np.float64(0.06476190476190477), 'fraud_growth': np.float64(0.08484848484848487), 'clustering_change': np.float64(0.038262910798122066), 'feature_drift': np.float64(0.01572537989174905), 'variance_drift': np.float64(0.0011716300110994528), 'node_churn': np.float64(0.015137614678899083), 'structural_stability': np.float64(0.0)}"
85,22,476,0.0,0.0,0.0,0.0,0.0,6.787315150415627,0.0,5,1.0,0.86014,2.0,1.0,1,0.277038491130827,"{'growth_rate': np.float64(0.030275229357798167), 'density_change': np.float64(0.025), 'degree_change': np.float64(0.06476190476190477), 'fraud_growth': np.float64(0.08484848484848487), 'clustering_change': np.float64(0.038262910798122066), 'feature_drift': np.float64(0.017580716674518635), 'variance_drift': np.float64(0.0011716300110994528), 'node_churn': np.float64(0.015137614678899083), 'structural_stability': np.float64(0.0)}"
85,23,187,0.0,0.0,0.0,0.0,0.0,5.468537820172392,0.0,5,1.0,0.86014,2.0,1.0,1,0.2735427729098603,"{'growth_rate': np.float64(0.030275229357798167), 'density_change': np.float64(0.025), 'degree_change': np.float64(0.06476190476190477), 'fraud_growth': np.float64(0.08484848484848487), 'clustering_change': np.float64(0.038262910798122066), 'feature_drift': np.float64(0.014084998453551992), 'variance_drift': np.float64(0.0011716300110994528), 'node_churn': np.float64(0.015137614678899083), 'structural_stability': np.float64(0.0)}"
85,24,192,0.0,0.0,0.0,0.0,0.0,5.540943599843178,0.0,5,1.0,0.86014,2.0,1.0,1,0.2737347008399922,"{'growth_rate': np.float64(0.030275229357798167), 'density_change': np.float64(0.025), 'degree_change': np.float64(0.06476190476190477), 'fraud_growth': np.float64(0.08484848484848487), 'clustering_change': np.float64(0.038262910798122066), 'feature_drift': np.float64(0.014276926383683896), 'variance_drift': np.float64(0.0011716300110994528), 'node_churn': np.float64(0.015137614678899083), 'structural_stability': np.float64(0.0)}"
92,21,12,2.75,-0.7333333333333334,0.3777777777777779,0.0,0.0,8.618043954313729,-0.0589371688920969,4,0.8,0.7762249999999999,4.75,0.7297297297297297,0,0.4426967075043977,"{'growth_rate': np.float64(0.11584480122324159), 'density_change': np.float64(0.006666666666666665), 'degree_change': np.float64(0.08922751322751327), 'fraud_growth': np.float64(0.08484848484848487), 'clustering_change': np.float64(0.038262910798122066), 'feature_drift': np.float64(0.022433478312644993), 'variance_drift': np.float64(0.0011025774552562348), 'node_churn': np.float64(0.057922400611620795), 'structural_stability': np.float64(0.026387874360847344)}"
92,22,25,-0.3333333333333333,0.5000000000000001,-0.1290322580645162,0.0,0.0,6.083238239286062,-0.8238526816023376,4,0.8,0.7762249999999999,1.6666666666666667,0.8266666666666667,0,0.2797158698089065,"{'growth_rate': np.float64(0.019903160040774727), 'density_change': np.float64(0.037500000000000006), 'degree_change': np.float64(0.056405529953917045), 'fraud_growth': np.float64(0.08484848484848487), 'clustering_change': np.float64(0.038262910798122066), 'feature_drift': np.float64(0.015714401239187655), 'variance_drift': np.float64(0.00020637948460939205), 'node_churn': np.float64(0.009951580020387363), 'structural_stability': np.float64(0.016923423423423428)}"
92,23,99,-0.2,0.2499999999999999,-0.0277777777777778,0.0,0.0,19.515751592313713,9.309338725062789,4,0.8,0.7762249999999999,1.8,0.9152542372881356,0,0.3250755573247763,"{'growth_rate': np.float64(0.024051987767584104), 'density_change': np.float64(0.03125), 'degree_change': np.float64(0.06296296296296297), 'fraud_growth': np.float64(0.08484848484848487), 'clustering_change': np.float64(0.038262910798122066), 'feature_drift': np.float64(0.051320322424453925), 'variance_drift': np.float64(0.012078730644873331), 'node_churn': np.float64(0.012025993883792052), 'structural_stability': np.float64(0.008274163994502981)}"
93,21,76,0.0,0.0,0.0,0.0,0.0,0.6300149988174172,0.0,5,1.0,0.99052,2.0,1.0,1,0.2607171714976387,"{'growth_rate': np.float64(0.030275229357798167), 'density_change': np.float64(0.025), 'degree_change': np.float64(0.06476190476190477), 'fraud_growth': np.float64(0.08484848484848487), 'clustering_change': np.float64(0.038262910798122066), 'feature_drift': np.float64(0.0012593970413303564), 'variance_drift': np.float64(0.0011716300110994528), 'node_churn': np.float64(0.015137614678899083), 'structural_stability': np.float64(0.0)}"
93,22,524,0.0,0.0,0.0,0.0,0.0,0.7822003935635758,0.0,5,1.0,0.99052,2.0,1.0,1,0.2611205733799573,"{'growth_rate': np.float64(0.030275229357798167), 'density_change': np.float64(0.025), 'degree_change': np.float64(0.06476190476190477), 'fraud_growth': np.float64(0.08484848484848487), 'clustering_change': np.float64(0.038262910798122066), 'feature_drift': np.float64(0.0016627989236489029), 'variance_drift': np.float64(0.0011716300110994528), 'node_churn': np.float64(0.015137614678899083), 'structural_stability': np.float64(0.0)}"
93,23,202,0.0,0.0,0.0,0.0,0.0,1.014718621674063,0.0,5,1.0,0.99052,2.0,1.0,1,0.2617369156449269,"{'growth_rate': np.float64(0.030275229357798167), 'density_change': np.float64(0.025), 'degree_change': np.float64(0.06476190476190477), 'fraud_growth': np.float64(0.08484848484848487), 'clustering_change': np.float64(0.038262910798122066), 'feature_drift': np.float64(0.002279141188618526), 'variance_drift': np.float64(0.0011716300110994528), 'node_churn': np.float64(0.015137614678899083), 'structural_stability': np.float64(0.0)}"
93,24,239,0.0,0.0,0.0,0.0,0.0,1.262703085488024,0.0,5,1.0,0.99052,2.0,1.0,1,0.2623942546731245,"{'growth_rate': np.float64(0.030275229357798167), 'density_change': np.float64(0.025), 'degree_change': np.float64(0.06476190476190477), 'fraud_growth': np.float64(0.08484848484848487), 'clustering_change': np.float64(0.038262910798122066), 'feature_drift': np.float64(0.0029364802168161206), 'variance_drift': np.float64(0.0011716300110994528), 'node_churn': np.float64(0.015137614678899083), 'structural_stability': np.float64(0.0)}"
95,21,99,0.0,0.0,0.0,0.0,0.0,5.113138675799526,0.0,2,0.4,0.96835,2.0,1.0,0,0.2726007069247929,"{'growth_rate': np.float64(0.030275229357798167), 'density_change': np.float64(0.025), 'degree_change': np.float64(0.06476190476190477), 'fraud_growth': np.float64(0.08484848484848487), 'clustering_change': np.float64(0.038262910798122066), 'feature_drift': np.float64(0.013142932468484567), 'variance_drift': np.float64(0.0011716300110994528), 'node_churn': np.float64(0.015137614678899083), 'structural_stability': np.float64(0.0)}"
100,21,170,0.0,0.0,0.0,0.0,0.0,4.645019232726195,0.0,3,0.6,0.9288333333333334,2.0,1.0,0,0.2713598502394279,"{'growth_rate': np.float64(0.030275229357798167), 'density_change': np.float64(0.025), 'degree_change': np.float64(0.06476190476190477), 'fraud_growth': np.float64(0.08484848484848487), 'clustering_change': np.float64(0.038262910798122066), 'feature_drift': np.float64(0.01190207578311951), 'variance_drift': np.float64(0.0011716300110994528), 'node_churn': np.float64(0.015137614678899083), 'structural_stability': np.float64(0.0)}"
100,22,159,0.0,0.0,0.0,0.0,0.0,4.538563338152045,0.0,3,0.6,0.9288333333333334,2.0,1.0,0,0.271077664762124,"{'growth_rate': np.float64(0.030275229357798167), 'density_change': np.float64(0.025), 'degree_change': np.float64(0.06476190476190477), 'fraud_growth': np.float64(0.08484848484848487), 'clustering_change': np.float64(0.038262910798122066), 'feature_drift': np.float64(0.011619890305815679), 'variance_drift': np.float64(0.0011716300110994528), 'node_churn': np.float64(0.015137614678899083), 'structural_stability': np.float64(0.0)}"
103,21,129,0.0,0.0,0.0,0.0,0.0,2.4971763285853283,-0.095458709065868,4,0.8,0.914225,2.0,1.0,1,0.265554663514826,"{'growth_rate': np.float64(0.030275229357798167), 'density_change': np.float64(0.025), 'degree_change': np.float64(0.06476190476190477), 'fraud_growth': np.float64(0.08484848484848487), 'clustering_change': np.float64(0.038262910798122066), 'feature_drift': np.float64(0.006208731346879984), 'variance_drift': np.float64(0.0010597877227370705), 'node_churn': np.float64(0.015137614678899083), 'structural_stability': np.float64(0.0)}"
103,22,460,0.0,0.0,0.0,0.0,0.0,3.2777453461844903,0.2718391685549233,4,0.8,0.914225,2.0,1.0,1,0.2680540758320882,"{'growth_rate': np.float64(0.030275229357798167), 'density_change': np.float64(0.025), 'degree_change': np.float64(0.06476190476190477), 'fraud_growth': np.float64(0.08484848484848487), 'clustering_change': np.float64(0.038262910798122066), 'feature_drift': np.float64(0.00827780644770853), 'variance_drift': np.float64(0.0014901249391707236), 'node_churn': np.float64(0.015137614678899083), 'structural_stability': np.float64(0.0)}"
103,23,140,0.0,0.0,0.0,0.0,0.0,3.268153404359726,-0.7532174185344895,4,0.8,0.914225,2.0,1.0,1,0.2668276631557132,"{'growth_rate': np.float64(0.030275229357798167), 'density_change': np.float64(0.025), 'degree_change': np.float64(0.06476190476190477), 'fraud_growth': np.float64(0.08484848484848487), 'clustering_change': np.float64(0.038262910798122066), 'feature_drift': np.float64(0.008252380831842739), 'variance_drift': np.float64(0.00028913787866158763), 'node_churn': np.float64(0.015137614678899083), 'structural_stability': np.float64(0.0)}"
110,21,61,0.0,0.0,0.0,0.0,0.0,12.808702620176454,0.0,2,0.4,0.94505,2.0,1.0,0,0.2929995433955492,"{'growth_rate': np.float64(0.030275229357798167), 'density_change': np.float64(0.025), 'degree_change': np.float64(0.06476190476190477), 'fraud_growth': np.float64(0.08484848484848487), 'clustering_change': np.float64(0.038262910798122066), 'feature_drift': np.float64(0.03354176893924089), 'variance_drift': np.float64(0.0011716300110994528), 'node_churn': np.float64(0.015137614678899083), 'structural_stability': np.float64(0.0)}"
111,21,71,0.0,0.0,0.0,0.0,0.0,6.3098683106460545,-0.9116134873971696,3,0.6,0.8663666666666666,2.0,1.0,1,0.2747048363460621,"{'growth_rate': np.float64(0.030275229357798167), 'density_change': np.float64(0.025), 'degree_change': np.float64(0.06476190476190477), 'fraud_growth': np.float64(0.08484848484848487), 'clustering_change': np.float64(0.038262910798122066), 'feature_drift': np.float64(0.016315135610111345), 'variance_drift': np.float64(0.00010355629074189609), 'node_churn': np.float64(0.015137614678899083), 'structural_stability': np.float64(0.0)}"
111,22,138,0.0,0.0,0.0,0.0,0.0,4.984072594103391,3.5797757594308264,3,0.6,0.8663666666666666,2.0,1.0,1,0.2764527607345713,"{'growth_rate': np.float64(0.030275229357798167), 'density_change': np.float64(0.025), 'degree_change': np.float64(0.06476190476190477), 'fraud_growth': np.float64(0.08484848484848487), 'clustering_change': np.float64(0.038262910798122066), 'feature_drift': np.float64(0.012800813565507418), 'variance_drift': np.float64(0.005365802723854944), 'node_churn': np.float64(0.015137614678899083), 'structural_stability': np.float64(0.0)}"
114,21,29,0.0,0.0,0.0,0.0,0.0,5.2710247372001415,0.0,2,0.4,0.9498,2.0,1.0,0,0.2730192197161623,"{'growth_rate': np.float64(0.030275229357798167), 'density_change': np.float64(0.025), 'degree_change': np.float64(0.06476190476190477), 'fraud_growth': np.float64(0.08484848484848487), 'clustering_change': np.float64(0.038262910798122066), 'feature_drift': np.float64(0.013561445259853974), 'variance_drift': np.float64(0.0011716300110994528), 'node_churn': np.float64(0.015137614678899083), 'structural_stability': np.float64(0.0)}"
119,21,162,0.0,0.0,0.0,0.0,0.0,5.590251124185644,0.0,2,0.4,0.91455,2.0,1.0,1,0.273865401609047,"{'growth_rate': np.float64(0.030275229357798167), 'density_change': np.float64(0.025), 'degree_change': np.float64(0.06476190476190477), 'fraud_growth': np.float64(0.08484848484848487), 'clustering_change': np.float64(0.038262910798122066), 'feature_drift': np.float64(0.014407627152738613), 'variance_drift': np.float64(0.0011716300110994528), 'node_churn': np.float64(0.015137614678899083), 'structural_stability': np.float64(0.0)}"
121,21,73,0.0,0.0,0.0,0.0,0.0,5.564335115713317,-0.3527132914176937,5,1.0,0.81692,2.0,1.0,0,0.2733834558770658,"{'growth_rate': np.float64(0.030275229357798167), 'density_change': np.float64(0.025), 'degree_change': np.float64(0.06476190476190477), 'fraud_growth': np.float64(0.08484848484848487), 'clustering_change': np.float64(0.038262910798122066), 'feature_drift': np.float64(0.014338930898296074), 'variance_drift': np.float64(0.0007583805335608159), 'node_churn': np.float64(0.015137614678899083), 'structural_stability': np.float64(0.0)}"
121,22,118,0.0,0.0,0.0,0.0,0.0,6.0345406489997675,1.1865203733438603,5,1.0,0.81692,2.0,1.0,0,0.2764332545730922,"{'growth_rate': np.float64(0.030275229357798167), 'density_change': np.float64(0.025), 'degree_change': np.float64(0.06476190476190477), 'fraud_growth': np.float64(0.08484848484848487), 'clustering_change': np.float64(0.038262910798122066), 'feature_drift': np.float64(0.015585317238593278), 'variance_drift': np.float64(0.0025617928892900472), 'node_churn': np.float64(0.015137614678899083), 'structural_stability': np.float64(0.0)}"
121,23,118,0.3333333333333333,-0.2499999999999999,0.125,0.0,0.0,5.715562641928549,-0.7446775201606349,5,1.0,0.81692,2.3333333333333335,0.8888888888888888,0,0.3015767720771867,"{'growth_rate': np.float64(0.040647298674821614), 'density_change': np.float64(0.018750000000000003), 'degree_change': np.float64(0.07285714285714287), 'fraud_growth': np.float64(0.08484848484848487), 'clustering_change': np.float64(0.038262910798122066), 'feature_drift': np.float64(0.014739793732967939), 'variance_drift': np.float64(0.0002991434798881351), 'node_churn': np.float64(0.02032364933741081), 'structural_stability': np.float64(0.010848348348348358)}"
121,24,51,1.0,-0.5,0.1666666666666666,0.0,0.0,2.44173457882356,0.8480468518566712,5,1.0,0.81692,3.0,0.8181818181818181,0,0.3292329474938613,"{'growth_rate': np.float64(0.061391437308868514), 'density_change': np.float64(0.0125), 'degree_change': np.float64(0.07555555555555557), 'fraud_growth': np.float64(0.08484848484848487), 'clustering_change': np.float64(0.038262910798122066), 'feature_drift': np.float64(0.006061770423000029), 'variance_drift': np.float64(0.0021652271535531407), 'node_churn': np.float64(0.030695718654434257), 'structural_stability': np.float64(0.017751842751842762)}"
126,21,231,0.0,0.0,0.0,0.0,0.0,4.195753757612025,0.0,3,0.6,0.909,2.0,1.0,0,0.2701689702694801,"{'growth_rate': np.float64(0.030275229357798167), 'density_change': np.float64(0.025), 'degree_change': np.float64(0.06476190476190477), 'fraud_growth': np.float64(0.08484848484848487), 'clustering_change': np.float64(0.038262910798122066), 'feature_drift': np.float64(0.010711195813171759), 'variance_drift': np.float64(0.0011716300110994528), 'node_churn': np.float64(0.015137614678899083), 'structural_stability': np.float64(0.0)}"
126,22,48,0.0,0.0,0.0,0.0,0.0,5.082754050030731,0.0,3,0.6,0.909,2.0,1.0,0,0.2725201655873727,"{'growth_rate': np.float64(0.030275229357798167), 'density_change': np.float64(0.025), 'degree_change': np.float64(0.06476190476190477), 'fraud_growth': np.float64(0.08484848484848487), 'clustering_change': np.float64(0.038262910798122066), 'feature_drift': np.float64(0.013062391131064369), 'variance_drift': np.float64(0.0011716300110994528), 'node_churn': np.float64(0.015137614678899083), 'structural_stability': np.float64(0.0)}"
127,21,220,0.0,0.0,0.0,0.0,0.0,10.049788796777833,0.0,3,0.6,0.9557666666666668,2.0,1.0,1,0.2856864169856856,"{'growth_rate': np.float64(0.030275229357798167), 'density_change': np.float64(0.025), 'degree_change': np.float64(0.06476190476190477), 'fraud_growth': np.float64(0.08484848484848487), 'clustering_change': np.float64(0.038262910798122066), 'feature_drift': np.float64(0.02622864252937722), 'variance_drift': np.float64(0.0011716300110994528), 'node_churn': np.float64(0.015137614678899083), 'structural_stability': np.float64(0.0)}"
127,22,219,0.0,0.0,0.0,0.0,0.0,1.534315472909817,0.0,3,0.6,0.9557666666666668,2.0,1.0,1,0.263114224868226,"{'growth_rate': np.float64(0.030275229357798167), 'density_change': np.float64(0.025), 'degree_change': np.float64(0.06476190476190477), 'fraud_growth': np.float64(0.08484848484848487), 'clustering_change': np.float64(0.038262910798122066), 'feature_drift': np.float64(0.003656450411917587), 'variance_drift': np.float64(0.0011716300110994528), 'node_churn': np.float64(0.015137614678899083), 'structural_stability': np.float64(0.0)}"
130,21,95,0.0,0.0,0.0,0.0,0.0,0.8914519582655319,0.0,3,0.6,0.9937,2.0,1.0,1,0.2614101694145868,"{'growth_rate': np.float64(0.030275229357798167), 'density_change': np.float64(0.025), 'degree_change': np.float64(0.06476190476190477), 'fraud_growth': np.float64(0.08484848484848487), 'clustering_change': np.float64(0.038262910798122066), 'feature_drift': np.float64(0.0019523949582784213), 'variance_drift': np.float64(0.0011716300110994528), 'node_churn': np.float64(0.015137614678899083), 'structural_stability': np.float64(0.0)}"
130,22,487,0.0,0.0,0.0,0.0,0.0,0.5168334681802296,0.0,3,0.6,0.9937,2.0,1.0,1,0.2604171581975524,"{'growth_rate': np.float64(0.030275229357798167), 'density_change': np.float64(0.025), 'degree_change': np.float64(0.06476190476190477), 'fraud_growth': np.float64(0.08484848484848487), 'clustering_change': np.float64(0.038262910798122066), 'feature_drift': np.float64(0.0009593837412440278), 'variance_drift': np.float64(0.0011716300110994528), 'node_churn': np.float64(0.015137614678899083), 'structural_stability': np.float64(0.0)}"
132,21,163,0.0,0.0,0.0,0.0,0.0,9.714501963082252,0.0,3,0.6,0.9545,2.0,1.0,0,0.2847976632386192,"{'growth_rate': np.float64(0.030275229357798167), 'density_change': np.float64(0.025), 'degree_change': np.float64(0.06476190476190477), 'fraud_growth': np.float64(0.08484848484848487), 'clustering_change': np.float64(0.038262910798122066), 'feature_drift': np.float64(0.025339888782310856), 'variance_drift': np.float64(0.0011716300110994528), 'node_churn': np.float64(0.015137614678899083), 'structural_stability': np.float64(0.0)}"
132,22,227,0.0,0.0,0.0,0.0,0.0,7.232241762695002,0.0,3,0.6,0.9545,2.0,1.0,0,0.2782178699614072,"{'growth_rate': np.float64(0.030275229357798167), 'density_change': np.float64(0.025), 'degree_change': np.float64(0.06476190476190477), 'fraud_growth': np.float64(0.08484848484848487), 'clustering_change': np.float64(0.038262910798122066), 'feature_drift': np.float64(0.018760095505098856), 'variance_drift': np.float64(0.0011716300110994528), 'node_churn': np.float64(0.015137614678899083), 'structural_stability': np.float64(0.0)}"
134,21,198,0.0,0.0,0.0,0.0,0.0,1.7989087102596282,0.0,3,0.6,0.9753333333333334,2.0,1.0,1,0.2638155892151379,"{'growth_rate': np.float64(0.030275229357798167), 'density_change': np.float64(0.025), 'degree_change': np.float64(0.06476190476190477), 'fraud_growth': np.float64(0.08484848484848487), 'clustering_change': np.float64(0.038262910798122066), 'feature_drift': np.float64(0.004357814758829503), 'variance_drift': np.float64(0.0011716300110994528), 'node_churn': np.float64(0.015137614678899083), 'structural_stability': np.float64(0.0)}"
134,22,272,0.0,0.0,0.0,0.0,0.0,1.839522714276016,0.0,3,0.6,0.9753333333333334,2.0,1.0,1,0.2639232458381406,"{'growth_rate': np.float64(0.030275229357798167), 'density_change': np.float64(0.025), 'degree_change': np.float64(0.06476190476190477), 'fraud_growth': np.float64(0.08484848484848487), 'clustering_change': np.float64(0.038262910798122066), 'feature_drift': np.float64(0.0044654713818322), 'variance_drift': np.float64(0.0011716300110994528), 'node_churn': np.float64(0.015137614678899083), 'structural_stability': np.float64(0.0)}"
136,21,5,0.0,0.0,0.0,0.0,0.0,5.933409262614465,0.0,3,0.6,0.9165666666666666,2.0,1.0,0,0.2747750200333774,"{'growth_rate': np.float64(0.030275229357798167), 'density_change': np.float64(0.025), 'degree_change': np.float64(0.06476190476190477), 'fraud_growth': np.float64(0.08484848484848487), 'clustering_change': np.float64(0.038262910798122066), 'feature_drift': np.float64(0.015317245577069104), 'variance_drift': np.float64(0.0011716300110994528), 'node_churn': np.float64(0.015137614678899083), 'structural_stability': np.float64(0.0)}"
136,22,341,0.0,0.0,0.0,0.0,0.0,3.816459391738947,0.0,3,0.6,0.9165666666666666,2.0,1.0,0,0.2691635645838607,"{'growth_rate': np.float64(0.030275229357798167), 'density_change': np.float64(0.025), 'degree_change': np.float64(0.06476190476190477), 'fraud_growth': np.float64(0.08484848484848487), 'clustering_change': np.float64(0.038262910798122066), 'feature_drift': np.float64(0.009705790127552372), 'variance_drift': np.float64(0.0011716300110994528), 'node_churn': np.float64(0.015137614678899083), 'structural_stability': np.float64(0.0)}"
137,21,41,0.0,0.0,0.0,0.0,0.0,9.753792030495807,0.6512626687557778,5,1.0,0.8477600000000001,2.0,1.0,0,0.2856648493554026,"{'growth_rate': np.float64(0.030275229357798167), 'density_change': np.float64(0.025), 'degree_change': np.float64(0.06476190476190477), 'fraud_growth': np.float64(0.08484848484848487), 'clustering_change': np.float64(0.038262910798122066), 'feature_drift': np.float64(0.025444036011271213), 'variance_drift': np.float64(0.001934668898922444), 'node_churn': np.float64(0.015137614678899083), 'structural_stability': np.float64(0.0)}"
137,22,195,0.0,0.0,0.2500000000000001,0.0,0.0,22.05442157258936,-0.3424682442203948,5,1.0,0.8477600000000001,2.0,0.9230769230769228,0,0.3408070421932075,"{'growth_rate': np.float64(0.030275229357798167), 'density_change': np.float64(0.025), 'degree_change': np.float64(0.08095238095238097), 'fraud_growth': np.float64(0.08484848484848487), 'clustering_change': np.float64(0.038262910798122066), 'feature_drift': np.float64(0.05804964260880514), 'variance_drift': np.float64(0.0007703839383223016), 'node_churn': np.float64(0.015137614678899083), 'structural_stability': np.float64(0.0075103950103950325)}"
137,23,120,0.0,0.0,-0.2,0.0,0.0,16.88240505401398,0.7838343773057662,5,1.0,0.8477600000000001,2.0,0.9375,0,0.2978659938942238,"{'growth_rate': np.float64(0.030275229357798167), 'density_change': np.float64(0.025), 'degree_change': np.float64(0.051809523809523805), 'fraud_growth': np.float64(0.08484848484848487), 'clustering_change': np.float64(0.038262910798122066), 'feature_drift': np.float64(0.0443400405641675), 'variance_drift': np.float64(0.0020899938912823405), 'node_churn': np.float64(0.015137614678899083), 'structural_stability': np.float64(0.006102195945945949)}"
137,24,132,0.0,0.0,0.0,0.0,0.0,22.960372002454584,1.8206719462898644,5,1.0,0.8477600000000001,2.0,1.0,0,0.322041997910087,"{'growth_rate': np.float64(0.030275229357798167), 'density_change': np.float64(0.025), 'degree_change': np.float64(0.06476190476190477), 'fraud_growth': np.float64(0.08484848484848487), 'clustering_change': np.float64(0.038262910798122066), 'feature_drift': np.float64(0.06045106956113856), 'variance_drift': np.float64(0.003304783903739509), 'node_churn': np.float64(0.015137614678899083), 'structural_stability': np.float64(0.0)}"
138,21,85,0.0,0.0,0.0,0.0,0.0,13.238967609170285,0.0,2,0.4,0.92625,2.0,1.0,0,0.2941400582704844,"{'growth_rate': np.float64(0.030275229357798167), 'density_change': np.float64(0.025), 'degree_change': np.float64(0.06476190476190477), 'fraud_growth': np.float64(0.08484848484848487), 'clustering_change': np.float64(0.038262910798122066), 'feature_drift': np.float64(0.034682283814176096), 'variance_drift': np.float64(0.0011716300110994528), 'node_churn': np.float64(0.015137614678899083), 'structural_stability': np.float64(0.0)}"
141,21,165,0.0,0.0,0.0,0.0,0.0,15.163154955672674,0.0,2,0.4,0.879,2.0,1.0,0,0.2992405529586068,"{'growth_rate': np.float64(0.030275229357798167), 'density_change': np.float64(0.025), 'degree_change': np.float64(0.06476190476190477), 'fraud_growth': np.float64(0.08484848484848487), 'clustering_change': np.float64(0.038262910798122066), 'feature_drift': np.float64(0.03978277850229849), 'variance_drift': np.float64(0.0011716300110994528), 'node_churn': np.float64(0.015137614678899083), 'structural_stability': np.float64(0.0)}"
142,21,58,0.0,0.0,0.0,0.0,0.0,4.767008756733611,0.0,2,0.4,0.97095,2.0,1.0,0,0.2716832111223156,"{'growth_rate': np.float64(0.030275229357798167), 'density_change': np.float64(0.025), 'degree_change': np.float64(0.06476190476190477), 'fraud_growth': np.float64(0.08484848484848487), 'clustering_change': np.float64(0.038262910798122066), 'feature_drift': np.float64(0.012225436666007236), 'variance_drift': np.float64(0.0011716300110994528), 'node_churn': np.float64(0.015137614678899083), 'structural_stability': np.float64(0.0)}"
147,21,117,0.0,0.0,0.0,0.0,0.0,9.13139508422579,0.0,3,0.6,0.8967333333333333,2.0,1.0,0,0.2832520062922615,"{'growth_rate': np.float64(0.030275229357798167), 'density_change': np.float64(0.025), 'degree_change': np.float64(0.06476190476190477), 'fraud_growth': np.float64(0.08484848484848487), 'clustering_change': np.float64(0.038262910798122066), 'feature_drift': np.float64(0.02379423183595315), 'variance_drift': np.float64(0.0011716300110994528), 'node_churn': np.float64(0.015137614678899083), 'structural_stability': np.float64(0.0)}"
147,22,375,0.0,0.0,0.0,0.0,0.0,6.49930550129793,0.0,3,0.6,0.8967333333333333,2.0,1.0,0,0.2762750562770831,"{'growth_rate': np.float64(0.030275229357798167), 'density_change': np.float64(0.025), 'degree_change': np.float64(0.06476190476190477), 'fraud_growth': np.float64(0.08484848484848487), 'clustering_change': np.float64(0.038262910798122066), 'feature_drift': np.float64(0.016817281820774792), 'variance_drift': np.float64(0.0011716300110994528), 'node_churn': np.float64(0.015137614678899083), 'structural_stability': np.float64(0.0)}"
148,21,44,0.0,0.0,0.0,0.0,0.0,3.984756532706269,0.2590888934877562,3,0.6,0.8957,2.0,1.0,1,0.2699132306244952,"{'growth_rate': np.float64(0.030275229357798167), 'density_change': np.float64(0.025), 'degree_change': np.float64(0.06476190476190477), 'fraud_growth': np.float64(0.08484848484848487), 'clustering_change': np.float64(0.038262910798122066), 'feature_drift': np.float64(0.010151899845034052), 'variance_drift': np.float64(0.0014751863342522577), 'node_churn': np.float64(0.015137614678899083), 'structural_stability': np.float64(0.0)}"
148,22,128,0.0,0.0,0.0,0.0,0.0,4.104804928237596,1.1964945935613285,3,0.6,0.8957,2.0,1.0,1,0.2713297387571729,"{'growth_rate': np.float64(0.030275229357798167), 'density_change': np.float64(0.025), 'degree_change': np.float64(0.06476190476190477), 'fraud_growth': np.float64(0.08484848484848487), 'clustering_change': np.float64(0.038262910798122066), 'feature_drift': np.float64(0.010470115326929902), 'variance_drift': np.float64(0.0025734789850341473), 'node_churn': np.float64(0.015137614678899083), 'structural_stability': np.float64(0.0)}"
151,21,177,0.0,0.0,0.0,0.0,0.0,11.350402475752674,0.0,4,0.8,0.8848750000000001,2.0,1.0,0,0.2891339883320873,"{'growth_rate': np.float64(0.030275229357798167), 'density_change': np.float64(0.025), 'degree_change': np.float64(0.06476190476190477), 'fraud_growth': np.float64(0.08484848484848487), 'clustering_change': np.float64(0.038262910798122066), 'feature_drift': np.float64(0.029676213875778998), 'variance_drift': np.float64(0.0011716300110994528), 'node_churn': np.float64(0.015137614678899083), 'structural_stability': np.float64(0.0)}"
151,22,426,0.0,0.0,0.0,0.0,0.0,12.197324960267618,0.0,4,0.8,0.8848750000000001,2.0,1.0,0,0.2913789483363052,"{'growth_rate': np.float64(0.030275229357798167), 'density_change': np.float64(0.025), 'degree_change': np.float64(0.06476190476190477), 'fraud_growth': np.float64(0.08484848484848487), 'clustering_change': np.float64(0.038262910798122066), 'feature_drift': np.float64(0.03192117387999683), 'variance_drift': np.float64(0.0011716300110994528), 'node_churn': np.float64(0.015137614678899083), 'structural_stability': np.float64(0.0)}"
151,23,176,0.0,0.0,0.0,0.0,0.0,8.613075421566764,0.0,4,0.8,0.8848750000000001,2.0,1.0,0,0.2818780825467659,"{'growth_rate': np.float64(0.030275229357798167), 'density_change': np.float64(0.025), 'degree_change': np.float64(0.06476190476190477), 'fraud_growth': np.float64(0.08484848484848487), 'clustering_change': np.float64(0.038262910798122066), 'feature_drift': np.float64(0.022420308090457575), 'variance_drift': np.float64(0.0011716300110994528), 'node_churn': np.float64(0.015137614678899083), 'structural_stability': np.float64(0.0)}"
156,21,89,0.0,0.0,0.0,0.0,0.0,11.689695889316376,-0.3015975660660765,3,0.6,0.8133333333333334,2.0,1.0,0,0.289680001667527,"{'growth_rate': np.float64(0.030275229357798167), 'density_change': np.float64(0.025), 'degree_change': np.float64(0.06476190476190477), 'fraud_growth': np.float64(0.08484848484848487), 'clustering_change': np.float64(0.038262910798122066), 'feature_drift': np.float64(0.030575587970896212), 'variance_drift': np.float64(0.0008182692514218876), 'node_churn': np.float64(0.015137614678899083), 'structural_stability': np.float64(0.0)}"
156,22,9,0.0,0.0,0.0,0.0,0.0,8.585851777913984,1.0823843006548428,3,0.6,0.8133333333333334,2.0,1.0,0,0.283074074039086,"{'growth_rate': np.float64(0.030275229357798167), 'density_change': np.float64(0.025), 'degree_change': np.float64(0.06476190476190477), 'fraud_growth': np.float64(0.08484848484848487), 'clustering_change': np.float64(0.038262910798122066), 'feature_drift': np.float64(0.022348145652587508), 'variance_drift': np.float64(0.0024397839412895594), 'node_churn': np.float64(0.015137614678899083), 'structural_stability': np.float64(0.0)}"
158,21,108,0.0,0.0,0.0,0.0,0.0,3.634872516020982,0.0,2,0.4,0.9662,2.0,1.0,0,0.2686822274122408,"{'growth_rate': np.float64(0.030275229357798167), 'density_change': np.float64(0.025), 'degree_change': np.float64(0.06476190476190477), 'fraud_growth': np.float64(0.08484848484848487), 'clustering_change': np.float64(0.038262910798122066), 'feature_drift': np.float64(0.00922445295593249), 'variance_drift': np.float64(0.0011716300110994528), 'node_churn': np.float64(0.015137614678899083), 'structural_stability': np.float64(0.0)}"
159,21,235,0.0,0.0,0.0,0.0,0.0,5.292999010100898,0.0,4,0.8,0.9443,2.0,1.0,0,0.2730774675070593,"{'growth_rate': np.float64(0.030275229357798167), 'density_change': np.float64(0.025), 'degree_change': np.float64(0.06476190476190477), 'fraud_growth': np.float64(0.08484848484848487), 'clustering_change': np.float64(0.038262910798122066), 'feature_drift': np.float64(0.01361969305075094), 'variance_drift': np.float64(0.0011716300110994528), 'node_churn': np.float64(0.015137614678899083), 'structural_stability': np.float64(0.0)}"
159,22,419,0.0,0.0,0.0,0.0,0.0,3.021611380473533,0.0,4,0.8,0.9443,2.0,1.0,0,0.2670566397739179,"{'growth_rate': np.float64(0.030275229357798167), 'density_change': np.float64(0.025), 'degree_change': np.float64(0.06476190476190477), 'fraud_growth': np.float64(0.08484848484848487), 'clustering_change': np.float64(0.038262910798122066), 'feature_drift': np.float64(0.007598865317609566), 'variance_drift': np.float64(0.0011716300110994528), 'node_churn': np.float64(0.015137614678899083), 'structural_stability': np.float64(0.0)}"
159,23,84,0.0,0.0,0.0,0.0,0.0,3.1090491706268835,0.0,4,0.8,0.9443,2.0,1.0,0,0.2672884134549105,"{'growth_rate': np.float64(0.030275229357798167), 'density_change': np.float64(0.025), 'degree_change': np.float64(0.06476190476190477), 'fraud_growth': np.float64(0.08484848484848487), 'clustering_change': np.float64(0.038262910798122066), 'feature_drift': np.float64(0.007830638998602209), 'variance_drift': np.float64(0.0011716300110994528), 'node_churn': np.float64(0.015137614678899083), 'structural_stability': np.float64(0.0)}"
161,21,56,0.0,0.0,0.0,0.0,0.0,8.124070061664218,27.73821074119433,5,1.0,0.8736600000000001,2.0,1.0,0,0.313080783163537,"{'growth_rate': np.float64(0.030275229357798167), 'density_change': np.float64(0.025), 'degree_change': np.float64(0.06476190476190477), 'fraud_growth': np.float64(0.08484848484848487), 'clustering_change': np.float64(0.038262910798122066), 'feature_drift': np.float64(0.02112408854864425), 'variance_drift': np.float64(0.03367055016968393), 'node_churn': np.float64(0.015137614678899083), 'structural_stability': np.float64(0.0)}"
161,22,18,5.2,-0.8387096774193549,0.2499999999999999,0.0,0.0,4.761239680632781,0.2951492966972863,5,1.0,0.8736600000000001,7.2,0.7337278106508877,1,0.5359404021154572,"{'growth_rate': np.float64(0.19207951070336393), 'density_change': np.float64(0.004032258064516128), 'degree_change': np.float64(0.08095238095238097), 'fraud_growth': np.float64(0.08484848484848487), 'clustering_change': np.float64(0.038262910798122066), 'feature_drift': np.float64(0.012210144422213439), 'variance_drift': np.float64(0.00151743578486489), 'node_churn': np.float64(0.09603975535168197), 'structural_stability': np.float64(0.025997521189828877)}"
161,23,12,-0.032258064516129,0.0333333333333333,0.0,0.0333333333333333,0.0,8.953781305997133,0.3719220813685513,5,1.0,0.8736600000000001,1.967741935483871,0.989010989010989,1,0.2864458625575358,"{'growth_rate': np.float64(0.02927148071421526), 'density_change': np.float64(0.025833333333333337), 'degree_change': np.float64(0.06476190476190477), 'fraud_growth': np.float64(0.0876767676767677), 'clustering_change': np.float64(0.038262910798122066), 'feature_drift': np.float64(0.02332342625975013), 'variance_drift': np.float64(0.0016073850834214202), 'node_churn': np.float64(0.01463574035710763), 'structural_stability': np.float64(0.0010729135729135697)}"
161,24,17,0.3333333333333333,-0.2499999999999999,0.0249999999999999,0.5000000000000001,0.0,7.666952831449784,-0.4886686488350975,5,1.0,0.8736600000000001,2.3333333333333335,0.9160305343511452,1,0.3403473954686916,"{'growth_rate': np.float64(0.040647298674821614), 'density_change': np.float64(0.018750000000000003), 'degree_change': np.float64(0.06638095238095239), 'fraud_growth': np.float64(0.1272727272727273), 'clustering_change': np.float64(0.038262910798122066), 'feature_drift': np.float64(0.019912395722165594), 'variance_drift': np.float64(0.000599091156640833), 'node_churn': np.float64(0.02032364933741081), 'structural_stability': np.float64(0.00819837012585104)}"
165,21,204,0.0,0.0,0.0,0.0,0.0,2.2982532624298253,0.0,3,0.6,0.9335,2.0,1.0,0,0.2651392151294837,"{'growth_rate': np.float64(0.030275229357798167), 'density_change': np.float64(0.025), 'degree_change': np.float64(0.06476190476190477), 'fraud_growth': np.float64(0.08484848484848487), 'clustering_change': np.float64(0.038262910798122066), 'feature_drift': np.float64(0.005681440673175358), 'variance_drift': np.float64(0.0011716300110994528), 'node_churn': np.float64(0.015137614678899083), 'structural_stability': np.float64(0.0)}"
165,22,351,0.0,0.0,0.0,0.0,0.0,5.756342725610588,0.0,3,0.6,0.9335,2.0,1.0,0,0.2743056650440755,"{'growth_rate': np.float64(0.030275229357798167), 'density_change': np.float64(0.025), 'degree_change': np.float64(0.06476190476190477), 'fraud_growth': np.float64(0.08484848484848487), 'clustering_change': np.float64(0.038262910798122066), 'feature_drift': np.float64(0.01484789058776719), 'variance_drift': np.float64(0.0011716300110994528), 'node_churn': np.float64(0.015137614678899083), 'structural_stability': np.float64(0.0)}"
166,21,115,0.0,0.0,0.0,0.0,0.0,5.75460090287532,0.0,3,0.6,0.9367333333333332,2.0,1.0,1,0.2743010479481233,"{'growth_rate': np.float64(0.030275229357798167), 'density_change': np.float64(0.025), 'degree_change': np.float64(0.06476190476190477), 'fraud_growth': np.float64(0.08484848484848487), 'clustering_change': np.float64(0.038262910798122066), 'feature_drift': np.float64(0.014843273491814954), 'variance_drift': np.float64(0.0011716300110994528), 'node_churn': np.float64(0.015137614678899083), 'structural_stability': np.float64(0.0)}"
166,22,49,0.0,0.0,0.0,0.0,0.0,3.1241099260316982,0.0,3,0.6,0.9367333333333332,2.0,1.0,1,0.2673283354007029,"{'growth_rate': np.float64(0.030275229357798167), 'density_change': np.float64(0.025), 'degree_change': np.float64(0.06476190476190477), 'fraud_growth': np.float64(0.08484848484848487), 'clustering_change': np.float64(0.038262910798122066), 'feature_drift': np.float64(0.007870560944394544), 'variance_drift': np.float64(0.0011716300110994528), 'node_churn': np.float64(0.015137614678899083), 'structural_stability': np.float64(0.0)}"
171,21,21,0.0,0.0,0.0,0.0,0.0,14.62501122125523,0.0,2,0.4,0.8673500000000001,2.0,1.0,0,0.2978140810176954,"{'growth_rate': np.float64(0.030275229357798167), 'density_change': np.float64(0.025), 'degree_change': np.float64(0.06476190476190477), 'fraud_growth': np.float64(0.08484848484848487), 'clustering_change': np.float64(0.038262910798122066), 'feature_drift': np.float64(0.038356306561387034), 'variance_drift': np.float64(0.0011716300110994528), 'node_churn': np.float64(0.015137614678899083), 'structural_stability': np.float64(0.0)}"
174,21,59,0.0,0.0,0.0,0.0,0.0,13.910595846508434,0.0,2,0.4,0.8593500000000001,2.0,1.0,0,0.2959203611412849,"{'growth_rate': np.float64(0.030275229357798167), 'density_change': np.float64(0.025), 'degree_change': np.float64(0.06476190476190477), 'fraud_growth': np.float64(0.08484848484848487), 'clustering_change': np.float64(0.038262910798122066), 'feature_drift': np.float64(0.036462586684976615), 'variance_drift': np.float64(0.0011716300110994528), 'node_churn': np.float64(0.015137614678899083), 'structural_stability': np.float64(0.0)}"
176,21,187,0.0,0.0,0.0,0.0,0.0,15.46146349340506,0.0,3,0.6,0.8832999999999999,2.0,1.0,0,0.300031287350916,"{'growth_rate': np.float64(0.030275229357798167), 'density_change': np.float64(0.025), 'degree_change': np.float64(0.06476190476190477), 'fraud_growth': np.float64(0.08484848484848487), 'clustering_change': np.float64(0.038262910798122066), 'feature_drift': np.float64(0.04057351289460768), 'variance_drift': np.float64(0.0011716300110994528), 'node_churn': np.float64(0.015137614678899083), 'structural_stability': np.float64(0.0)}"
176,22,57,0.0,0.0,0.0,0.0,0.0,15.951845500270872,0.0,3,0.6,0.8832999999999999,2.0,1.0,0,0.3013311560075291,"{'growth_rate': np.float64(0.030275229357798167), 'density_change': np.float64(0.025), 'degree_change': np.float64(0.06476190476190477), 'fraud_growth': np.float64(0.08484848484848487), 'clustering_change': np.float64(0.038262910798122066), 'feature_drift': np.float64(0.04187338155122072), 'variance_drift': np.float64(0.0011716300110994528), 'node_churn': np.float64(0.015137614678899083), 'structural_stability': np.float64(0.0)}"
177,21,31,0.0,0.0,0.0,0.0,0.0,4.911282555211709,0.0,2,0.4,0.9533,2.0,1.0,0,0.2720656415255247,"{'growth_rate': np.float64(0.030275229357798167), 'density_change': np.float64(0.025), 'degree_change': np.float64(0.06476190476190477), 'fraud_growth': np.float64(0.08484848484848487), 'clustering_change': np.float64(0.038262910798122066), 'feature_drift': np.float64(0.01260786706921635), 'variance_drift': np.float64(0.0011716300110994528), 'node_churn': np.float64(0.015137614678899083), 'structural_stability': np.float64(0.0)}"
178,21,10,0.0,0.0,0.0,0.0,0.0,8.288852257405313,0.0,3,0.6,0.9132666666666666,2.0,1.0,0,0.2810186555634331,"{'growth_rate': np.float64(0.030275229357798167), 'density_change': np.float64(0.025), 'degree_change': np.float64(0.06476190476190477), 'fraud_growth': np.float64(0.08484848484848487), 'clustering_change': np.float64(0.038262910798122066), 'feature_drift': np.float64(0.021560881107124764), 'variance_drift': np.float64(0.0011716300110994528), 'node_churn': np.float64(0.015137614678899083), 'structural_stability': np.float64(0.0)}"
178,22,459,0.0,0.0,0.0,0.0,0.0,3.1755520096749263,0.0,3,0.6,0.9132666666666666,2.0,1.0,0,0.2674646943029923,"{'growth_rate': np.float64(0.030275229357798167), 'density_change': np.float64(0.025), 'degree_change': np.float64(0.06476190476190477), 'fraud_growth': np.float64(0.08484848484848487), 'clustering_change': np.float64(0.038262910798122066), 'feature_drift': np.float64(0.008006919846683952), 'variance_drift': np.float64(0.0011716300110994528), 'node_churn': np.float64(0.015137614678899083), 'structural_stability': np.float64(0.0)}"
180,21,32,0.0,0.0,0.0,0.0,0.0,18.140137316203536,0.0,5,1.0,0.92034,2.0,1.0,0,0.3071317194524111,"{'growth_rate': np.float64(0.030275229357798167), 'density_change': np.float64(0.025), 'degree_change': np.float64(0.06476190476190477), 'fraud_growth': np.float64(0.08484848484848487), 'clustering_change': np.float64(0.038262910798122066), 'feature_drift': np.float64(0.047673944996102724), 'variance_drift': np.float64(0.0011716300110994528), 'node_churn': np.float64(0.015137614678899083), 'structural_stability': np.float64(0.0)}"
180,22,355,0.0,0.0,0.0,0.0,0.0,14.63006760990453,0.0,5,1.0,0.92034,2.0,1.0,0,0.2978274841218649,"{'growth_rate': np.float64(0.030275229357798167), 'density_change': np.float64(0.025), 'degree_change': np.float64(0.06476190476190477), 'fraud_growth': np.float64(0.08484848484848487), 'clustering_change': np.float64(0.038262910798122066), 'feature_drift': np.float64(0.038369709665556556), 'variance_drift': np.float64(0.0011716300110994528), 'node_churn': np.float64(0.015137614678899083), 'structural_stability': np.float64(0.0)}"
180,23,38,0.0,0.0,0.0,0.0,0.0,4.582750522740141,0.0,5,1.0,0.92034,2.0,1.0,0,0.2711947929101104,"{'growth_rate': np.float64(0.030275229357798167), 'density_change': np.float64(0.025), 'degree_change': np.float64(0.06476190476190477), 'fraud_growth': np.float64(0.08484848484848487), 'clustering_change': np.float64(0.038262910798122066), 'feature_drift': np.float64(0.011737018453802065), 'variance_drift': np.float64(0.0011716300110994528), 'node_churn': np.float64(0.015137614678899083), 'structural_stability': np.float64(0.0)}"
180,24,202,0.0,0.0,0.0,0.0,0.0,7.504260596476645,0.0,5,1.0,0.92034,2.0,1.0,0,0.2789389175347084,"{'growth_rate': np.float64(0.030275229357798167), 'density_change': np.float64(0.025), 'degree_change': np.float64(0.06476190476190477), 'fraud_growth': np.float64(0.08484848484848487), 'clustering_change': np.float64(0.038262910798122066), 'feature_drift': np.float64(0.01948114307840011), 'variance_drift': np.float64(0.0011716300110994528), 'node_churn': np.float64(0.015137614678899083), 'structural_stability': np.float64(0.0)}"
182,21,68,0.0,0.0,0.0,0.0,0.0,4.111161127582213,0.0,3,0.6,0.9771666666666668,2.0,1.0,0,0.269944738330264,"{'growth_rate': np.float64(0.030275229357798167), 'density_change': np.float64(0.025), 'degree_change': np.float64(0.06476190476190477), 'fraud_growth': np.float64(0.08484848484848487), 'clustering_change': np.float64(0.038262910798122066), 'feature_drift': np.float64(0.010486963873955637), 'variance_drift': np.float64(0.0011716300110994528), 'node_churn': np.float64(0.015137614678899083), 'structural_stability': np.float64(0.0)}"
182,22,210,0.0,0.0,0.0,0.0,0.0,1.809052102604871,0.0,3,0.6,0.9771666666666668,2.0,1.0,0,0.2638424765755971,"{'growth_rate': np.float64(0.030275229357798167), 'density_change': np.float64(0.025), 'degree_change': np.float64(0.06476190476190477), 'fraud_growth': np.float64(0.08484848484848487), 'clustering_change': np.float64(0.038262910798122066), 'feature_drift': np.float64(0.004384702119288709), 'variance_drift': np.float64(0.0011716300110994528), 'node_churn': np.float64(0.015137614678899083), 'structural_stability': np.float64(0.0)}"
183,21,174,0.0,0.0,0.0,0.0,0.0,3.417659953655992,0.0,3,0.6,0.9592333333333332,2.0,1.0,0,0.2681064562834316,"{'growth_rate': np.float64(0.030275229357798167), 'density_change': np.float64(0.025), 'degree_change': np.float64(0.06476190476190477), 'fraud_growth': np.float64(0.08484848484848487), 'clustering_change': np.float64(0.038262910798122066), 'feature_drift': np.float64(0.008648681827123276), 'variance_drift': np.float64(0.0011716300110994528), 'node_churn': np.float64(0.015137614678899083), 'structural_stability': np.float64(0.0)}"
183,22,388,0.0,0.0,0.0,0.0,0.0,4.159215582988283,0.0,3,0.6,0.9592333333333332,2.0,1.0,0,0.2700721175560887,"{'growth_rate': np.float64(0.030275229357798167), 'density_change': np.float64(0.025), 'degree_change': np.float64(0.06476190476190477), 'fraud_growth': np.float64(0.08484848484848487), 'clustering_change': np.float64(0.038262910798122066), 'feature_drift': np.float64(0.010614343099780396), 'variance_drift': np.float64(0.0011716300110994528), 'node_churn': np.float64(0.015137614678899083), 'structural_stability': np.float64(0.0)}"
184,21,215,0.0,0.0,0.0,0.0,0.0,1.524024731737403,0.0,2,0.4,0.98625,2.0,1.0,1,0.263086946926303,"{'growth_rate': np.float64(0.030275229357798167), 'density_change': np.float64(0.025), 'degree_change': np.float64(0.06476190476190477), 'fraud_growth': np.float64(0.08484848484848487), 'clustering_change': np.float64(0.038262910798122066), 'feature_drift': np.float64(0.0036291724699946517), 'variance_drift': np.float64(0.0011716300110994528), 'node_churn': np.float64(0.015137614678899083), 'structural_stability': np.float64(0.0)}"
187,21,184,0.0,0.0,0.0,0.0,0.0,9.734305675543265,0.0,3,0.6,0.8986666666666667,2.0,1.0,0,0.2848501574671028,"{'growth_rate': np.float64(0.030275229357798167), 'density_change': np.float64(0.025), 'degree_change': np.float64(0.06476190476190477), 'fraud_growth': np.float64(0.08484848484848487), 'clustering_change': np.float64(0.038262910798122066), 'feature_drift': np.float64(0.02539238301079443), 'variance_drift': np.float64(0.0011716300110994528), 'node_churn': np.float64(0.015137614678899083), 'structural_stability': np.float64(0.0)}"
187,22,348,0.0,0.0,0.0,0.0,0.0,6.109111170781128,0.0,3,0.6,0.8986666666666667,2.0,1.0,0,0.2752407577646467,"{'growth_rate': np.float64(0.030275229357798167), 'density_change': np.float64(0.025), 'degree_change': np.float64(0.06476190476190477), 'fraud_growth': np.float64(0.08484848484848487), 'clustering_change': np.float64(0.038262910798122066), 'feature_drift': np.float64(0.01578298330833836), 'variance_drift': np.float64(0.0011716300110994528), 'node_churn': np.float64(0.015137614678899083), 'structural_stability': np.float64(0.0)}"
191,21,96,0.0,0.0,0.0,0.0,0.0,7.631699694296248,-0.2889053305283285,5,1.0,0.7872799999999999,2.0,1.0,1,0.2789382335925436,"{'growth_rate': np.float64(0.030275229357798167), 'density_change': np.float64(0.025), 'degree_change': np.float64(0.06476190476190477), 'fraud_growth': np.float64(0.08484848484848487), 'clustering_change': np.float64(0.038262910798122066), 'feature_drift': np.float64(0.01981894929184887), 'variance_drift': np.float64(0.0008331398554858563), 'node_churn': np.float64(0.015137614678899083), 'structural_stability': np.float64(0.0)}"
191,22,467,0.0,0.0,0.0,0.0,0.0,3.577803152820378,-0.1218941292191196,5,1.0,0.7872799999999999,2.0,1.0,1,0.268388137310065,"{'growth_rate': np.float64(0.030275229357798167), 'density_change': np.float64(0.025), 'degree_change': np.float64(0.06476190476190477), 'fraud_growth': np.float64(0.08484848484848487), 'clustering_change': np.float64(0.038262910798122066), 'feature_drift': np.float64(0.009073177673726571), 'variance_drift': np.float64(0.0010288151911294974), 'node_churn': np.float64(0.015137614678899083), 'structural_stability': np.float64(0.0)}"
191,23,132,0.0,0.0,0.0,0.0,0.0,8.720540662647377,3.440531270857844,5,1.0,0.7872799999999999,2.0,1.0,1,0.2861939732168215,"{'growth_rate': np.float64(0.030275229357798167), 'density_change': np.float64(0.025), 'degree_change': np.float64(0.06476190476190477), 'fraud_growth': np.float64(0.08484848484848487), 'clustering_change': np.float64(0.038262910798122066), 'feature_drift': np.float64(0.022705169069449974), 'variance_drift': np.float64(0.005202659702162644), 'node_churn': np.float64(0.015137614678899083), 'structural_stability': np.float64(0.0)}"
191,24,32,0.0,0.0,0.0,-1.0,0.0,10.374741149806486,0.8634686790782493,5,1.0,0.7872799999999999,2.0,1.0,0,0.2027109578189527,"{'growth_rate': np.float64(0.030275229357798167), 'density_change': np.float64(0.025), 'degree_change': np.float64(0.06476190476190477), 'fraud_growth': np.float64(0.0), 'clustering_change': np.float64(0.038262910798122066), 'feature_drift': np.float64(0.02709000239307668), 'variance_drift': np.float64(0.002183295829151932), 'node_churn': np.float64(0.015137614678899083), 'structural_stability': np.float64(0.0)}"
194,21,14,0.0,0.0,0.0,0.0,0.0,4.9147832391000135,0.0,2,0.4,0.95515,2.0,1.0,0,0.2720749208816173,"{'growth_rate': np.float64(0.030275229357798167), 'density_change': np.float64(0.025), 'degree_change': np.float64(0.06476190476190477), 'fraud_growth': np.float64(0.08484848484848487), 'clustering_change': np.float64(0.038262910798122066), 'feature_drift': np.float64(0.012617146425308961), 'variance_drift': np.float64(0.0011716300110994528), 'node_churn': np.float64(0.015137614678899083), 'structural_stability': np.float64(0.0)}"
197,21,102,0.0,0.0,0.0,0.0,0.0,7.538327465994762,0.0,2,0.4,0.87095,2.0,1.0,1,0.2790292194937843,"{'growth_rate': np.float64(0.030275229357798167), 'density_change': np.float64(0.025), 'degree_change': np.float64(0.06476190476190477), 'fraud_growth': np.float64(0.08484848484848487), 'clustering_change': np.float64(0.038262910798122066), 'feature_drift': np.float64(0.01957144503747595), 'variance_drift': np.float64(0.0011716300110994528), 'node_churn': np.float64(0.015137614678899083), 'structural_stability': np.float64(0.0)}"
202,21,232,0.0,0.0,0.0,0.0,0.0,0.3153305932910092,0.0,3,0.6,0.9992666666666667,2.0,1.0,1,0.2598830291560731,"{'growth_rate': np.float64(0.030275229357798167), 'density_change': np.float64(0.025), 'degree_change': np.float64(0.06476190476190477), 'fraud_growth': np.float64(0.08484848484848487), 'clustering_change': np.float64(0.038262910798122066), 'feature_drift': np.float64(0.0004252546997647583), 'variance_drift': np.float64(0.0011716300110994528), 'node_churn': np.float64(0.015137614678899083), 'structural_stability': np.float64(0.0)}"
202,22,208,0.0,0.0,0.0,0.0,0.0,0.2383074799277352,0.0,3,0.6,0.9992666666666667,2.0,1.0,1,0.2596788619364487,"{'growth_rate': np.float64(0.030275229357798167), 'density_change': np.float64(0.025), 'degree_change': np.float64(0.06476190476190477), 'fraud_growth': np.float64(0.08484848484848487), 'clustering_change': np.float64(0.038262910798122066), 'feature_drift': np.float64(0.00022108748014026277), 'variance_drift': np.float64(0.0011716300110994528), 'node_churn': np.float64(0.015137614678899083), 'structural_stability': np.float64(0.0)}"
204,21,216,0.0,0.0,0.0,0.0,0.0,13.469972076168402,0.0,3,0.6,0.9074666666666666,2.0,1.0,0,0.2947523879685246,"{'growth_rate': np.float64(0.030275229357798167), 'density_change': np.float64(0.025), 'degree_change': np.float64(0.06476190476190477), 'fraud_growth': np.float64(0.08484848484848487), 'clustering_change': np.float64(0.038262910798122066), 'feature_drift': np.float64(0.03529461351221622), 'variance_drift': np.float64(0.0011716300110994528), 'node_churn': np.float64(0.015137614678899083), 'structural_stability': np.float64(0.0)}"
204,22,201,0.0,0.0,0.0,0.0,0.0,9.101997089150965,0.0,3,0.6,0.9074666666666666,2.0,1.0,0,0.2831740802431202,"{'growth_rate': np.float64(0.030275229357798167), 'density_change': np.float64(0.025), 'degree_change': np.float64(0.06476190476190477), 'fraud_growth': np.float64(0.08484848484848487), 'clustering_change': np.float64(0.038262910798122066), 'feature_drift': np.float64(0.023716305786811855), 'variance_drift': np.float64(0.0011716300110994528), 'node_churn': np.float64(0.015137614678899083), 'structural_stability': np.float64(0.0)}"
205,21,173,0.0,0.0,0.0,0.0,0.0,2.47623069528522,0.0,3,0.6,0.9379666666666666,2.0,1.0,0,0.2656109846546989,"{'growth_rate': np.float64(0.030275229357798167), 'density_change': np.float64(0.025), 'degree_change': np.float64(0.06476190476190477), 'fraud_growth': np.float64(0.08484848484848487), 'clustering_change': np.float64(0.038262910798122066), 'feature_drift': np.float64(0.006153210198390596), 'variance_drift': np.float64(0.0011716300110994528), 'node_churn': np.float64(0.015137614678899083), 'structural_stability': np.float64(0.0)}"
205,22,418,0.0,0.0,0.0,0.0,0.0,4.8868371822321,0.0,3,0.6,0.9379666666666666,2.0,1.0,0,0.2720008435237822,"{'growth_rate': np.float64(0.030275229357798167), 'density_change': np.float64(0.025), 'degree_change': np.float64(0.06476190476190477), 'fraud_growth': np.float64(0.08484848484848487), 'clustering_change': np.float64(0.038262910798122066), 'feature_drift': np.float64(0.012543069067473794), 'variance_drift': np.float64(0.0011716300110994528), 'node_churn': np.float64(0.015137614678899083), 'structural_stability': np.float64(0.0)}"
206,21,208,0.0,0.0,0.0,0.0,0.0,2.5599224686476667,0.0,3,0.6,0.9691,2.0,1.0,0,0.2658328286691347,"{'growth_rate': np.float64(0.030275229357798167), 'density_change': np.float64(0.025), 'degree_change': np.float64(0.06476190476190477), 'fraud_growth': np.float64(0.08484848484848487), 'clustering_change': np.float64(0.038262910798122066), 'feature_drift': np.float64(0.006375054212826419), 'variance_drift': np.float64(0.0011716300110994528), 'node_churn': np.float64(0.015137614678899083), 'structural_stability': np.float64(0.0)}"
206,22,102,0.0,0.0,0.0,0.0,0.0,3.620801463484863,0.0,3,0.6,0.9691,2.0,1.0,0,0.2686449288982228,"{'growth_rate': np.float64(0.030275229357798167), 'density_change': np.float64(0.025), 'degree_change': np.float64(0.06476190476190477), 'fraud_growth': np.float64(0.08484848484848487), 'clustering_change': np.float64(0.038262910798122066), 'feature_drift': np.float64(0.009187154441914496), 'variance_drift': np.float64(0.0011716300110994528), 'node_churn': np.float64(0.015137614678899083), 'structural_stability': np.float64(0.0)}"
208,21,92,0.0,0.0,0.0,0.0,0.0,19.71679788850638,0.0,3,0.6,0.9218666666666668,2.0,1.0,0,0.3113110156569206,"{'growth_rate': np.float64(0.030275229357798167), 'density_change': np.float64(0.025), 'degree_change': np.float64(0.06476190476190477), 'fraud_growth': np.float64(0.08484848484848487), 'clustering_change': np.float64(0.038262910798122066), 'feature_drift': np.float64(0.05185324120061224), 'variance_drift': np.float64(0.0011716300110994528), 'node_churn': np.float64(0.015137614678899083), 'structural_stability': np.float64(0.0)}"
208,22,145,0.0,0.0,0.0,0.0,0.0,9.880735518305976,0.0,3,0.6,0.9218666666666668,2.0,1.0,0,0.285238302954366,"{'growth_rate': np.float64(0.030275229357798167), 'density_change': np.float64(0.025), 'degree_change': np.float64(0.06476190476190477), 'fraud_growth': np.float64(0.08484848484848487), 'clustering_change': np.float64(0.038262910798122066), 'feature_drift': np.float64(0.02578052849805761), 'variance_drift': np.float64(0.0011716300110994528), 'node_churn': np.float64(0.015137614678899083), 'structural_stability': np.float64(0.0)}"
212,21,34,2.25,-0.6923076923076923,0.2820512820512821,0.0,0.0,2.507274576623783,2.239436870294547,5,1.0,0.7801,4.25,0.7548387096774194,0,0.3982291084475276,"{'growth_rate': np.float64(0.10028669724770643), 'density_change': np.float64(0.007692307692307693), 'degree_change': np.float64(0.08302808302808305), 'fraud_growth': np.float64(0.08484848484848487), 'clustering_change': np.float64(0.038262910798122066), 'feature_drift': np.float64(0.0062354990421218765), 'variance_drift': np.float64(0.0037954214562991775), 'node_churn': np.float64(0.050143348623853216), 'structural_stability': np.float64(0.023936355710549258)}"
212,22,121,1.5384615384615383,-0.4829545454545454,0.3393939393939393,0.0,0.0,3.3414298582944637,0.6797113905753644,5,1.0,0.7801,3.5384615384615383,0.7848577940739273,0,0.3714187678273831,"{'growth_rate': np.float64(0.07814631851329101), 'density_change': np.float64(0.012926136363636365), 'degree_change': np.float64(0.08674170274170276), 'fraud_growth': np.float64(0.08484848484848487), 'clustering_change': np.float64(0.038262910798122066), 'feature_drift': np.float64(0.008446616681453712), 'variance_drift': np.float64(0.0019680002751836915), 'node_churn': np.float64(0.0390731592566455), 'structural_stability': np.float64(0.021005438348863183)}"
212,23,82,0.0,-0.1190476190476191,-0.1058823529411763,0.0,-1.0,4.021045473590699,0.714682063767341,5,1.0,0.7801,2.0,0.7100709407942717,0,0.2507542280622206,"{'growth_rate': np.float64(0.030275229357798167), 'density_change': np.float64(0.022023809523809525), 'degree_change': np.float64(0.05790476190476192), 'fraud_growth': np.float64(0.08484848484848487), 'clustering_change': np.float64(0.0), 'feature_drift': np.float64(0.010248091907909358), 'variance_drift': np.float64(0.0020089729654037625), 'node_churn': np.float64(0.015137614678899083), 'structural_stability': np.float64(0.028307262875153883)}"
212,24,11,-0.1212121212121212,-0.015843429636533,-0.161524500907441,0.0,0.0,12.855242079317348,0.9348364574342072,5,1.0,0.7801,1.878787878787879,0.9441777173996942,0,0.2831541928944892,"{'growth_rate': np.float64(0.02650356778797146), 'density_change': np.float64(0.024603914259086677), 'degree_change': np.float64(0.054301270417422866), 'fraud_growth': np.float64(0.08484848484848487), 'clustering_change': np.float64(0.038262910798122066), 'feature_drift': np.float64(0.03366513232408369), 'variance_drift': np.float64(0.0022669124600992662), 'node_churn': np.float64(0.013251783893985734), 'structural_stability': np.float64(0.005450216105232559)}"
214,21,142,0.0,0.0,0.0,0.0,0.0,17.841021498983768,0.0,5,1.0,0.8680200000000001,2.0,1.0,0,0.3063388451828469,"{'growth_rate': np.float64(0.030275229357798167), 'density_change': np.float64(0.025), 'degree_change': np.float64(0.06476190476190477), 'fraud_growth': np.float64(0.08484848484848487), 'clustering_change': np.float64(0.038262910798122066), 'feature_drift': np.float64(0.0468810707265385), 'variance_drift': np.float64(0.0011716300110994528), 'node_churn': np.float64(0.015137614678899083), 'structural_stability': np.float64(0.0)}"
214,22,74,0.0,0.0,0.0,0.0,0.0,5.457803100192565,0.0,5,1.0,0.8680200000000001,2.0,1.0,0,0.2735143181014784,"{'growth_rate': np.float64(0.030275229357798167), 'density_change': np.float64(0.025), 'degree_change': np.float64(0.06476190476190477), 'fraud_growth': np.float64(0.08484848484848487), 'clustering_change': np.float64(0.038262910798122066), 'feature_drift': np.float64(0.014056543645170099), 'variance_drift': np.float64(0.0011716300110994528), 'node_churn': np.float64(0.015137614678899083), 'structural_stability': np.float64(0.0)}"
214,23,70,0.0,0.0,0.0,0.0,0.0,4.460801509860653,0.0,5,1.0,0.8680200000000001,2.0,1.0,0,0.2708715394111493,"{'growth_rate': np.float64(0.030275229357798167), 'density_change': np.float64(0.025), 'degree_change': np.float64(0.06476190476190477), 'fraud_growth': np.float64(0.08484848484848487), 'clustering_change': np.float64(0.038262910798122066), 'feature_drift': np.float64(0.011413764954840953), 'variance_drift': np.float64(0.0011716300110994528), 'node_churn': np.float64(0.015137614678899083), 'structural_stability': np.float64(0.0)}"
214,24,249,0.0,0.0,0.0,0.0,0.0,5.797835296124538,0.0,5,1.0,0.8680200000000001,2.0,1.0,0,0.2744156505067113,"{'growth_rate': np.float64(0.030275229357798167), 'density_change': np.float64(0.025), 'degree_change': np.float64(0.06476190476190477), 'fraud_growth': np.float64(0.08484848484848487), 'clustering_change': np.float64(0.038262910798122066), 'feature_drift': np.float64(0.014957876050402955), 'variance_drift': np.float64(0.0011716300110994528), 'node_churn': np.float64(0.015137614678899083), 'structural_stability': np.float64(0.0)}"
219,21,134,0.0,0.0,0.0,0.0,0.0,1.351821885150108,0.0,2,0.4,0.99035,2.0,1.0,1,0.2626304842508288,"{'growth_rate': np.float64(0.030275229357798167), 'density_change': np.float64(0.025), 'degree_change': np.float64(0.06476190476190477), 'fraud_growth': np.float64(0.08484848484848487), 'clustering_change': np.float64(0.038262910798122066), 'feature_drift': np.float64(0.003172709794520466), 'variance_drift': np.float64(0.0011716300110994528), 'node_churn': np.float64(0.015137614678899083), 'structural_stability': np.float64(0.0)}"
220,21,161,0.0,0.0,0.0,0.0,0.0,2.250781620431802,0.0,2,0.4,0.9764,2.0,1.0,1,0.2650133807826944,"{'growth_rate': np.float64(0.030275229357798167), 'density_change': np.float64(0.025), 'degree_change': np.float64(0.06476190476190477), 'fraud_growth': np.float64(0.08484848484848487), 'clustering_change': np.float64(0.038262910798122066), 'feature_drift': np.float64(0.0055556063263860565), 'variance_drift': np.float64(0.0011716300110994528), 'node_churn': np.float64(0.015137614678899083), 'structural_stability': np.float64(0.0)}"
221,21,64,0.0,0.0,0.0,0.0,0.0,7.622421190074553,0.0,3,0.6,0.9084,2.0,1.0,0,0.2792521289697005,"{'growth_rate': np.float64(0.030275229357798167), 'density_change': np.float64(0.025), 'degree_change': np.float64(0.06476190476190477), 'fraud_growth': np.float64(0.08484848484848487), 'clustering_change': np.float64(0.038262910798122066), 'feature_drift': np.float64(0.019794354513392138), 'variance_drift': np.float64(0.0011716300110994528), 'node_churn': np.float64(0.015137614678899083), 'structural_stability': np.float64(0.0)}"
221,22,160,0.0,0.0,0.0,0.0,0.0,6.617953063842343,0.0,3,0.6,0.9084,2.0,1.0,0,0.2765895585336417,"{'growth_rate': np.float64(0.030275229357798167), 'density_change': np.float64(0.025), 'degree_change': np.float64(0.06476190476190477), 'fraud_growth': np.float64(0.08484848484848487), 'clustering_change': np.float64(0.038262910798122066), 'feature_drift': np.float64(0.01713178407733336), 'variance_drift': np.float64(0.0011716300110994528), 'node_churn': np.float64(0.015137614678899083), 'structural_stability': np.float64(0.0)}"
223,21,189,0.0,0.0,0.0,0.0,0.0,0.3197081842817821,0.0,2,0.4,0.99915,2.0,1.0,1,0.259894632953196,"{'growth_rate': np.float64(0.030275229357798167), 'density_change': np.float64(0.025), 'degree_change': np.float64(0.06476190476190477), 'fraud_growth': np.float64(0.08484848484848487), 'clustering_change': np.float64(0.038262910798122066), 'feature_drift': np.float64(0.0004368584968876294), 'variance_drift': np.float64(0.0011716300110994528), 'node_churn': np.float64(0.015137614678899083), 'structural_stability': np.float64(0.0)}"
224,21,149,0.0,0.0,0.0,0.0,0.0,0.65263725588944,0.0,3,0.6,0.9947333333333334,2.0,1.0,1,0.2607771369174503,"{'growth_rate': np.float64(0.030275229357798167), 'density_change': np.float64(0.025), 'degree_change': np.float64(0.06476190476190477), 'fraud_growth': np.float64(0.08484848484848487), 'clustering_change': np.float64(0.038262910798122066), 'feature_drift': np.float64(0.0013193624611419603), 'variance_drift': np.float64(0.0011716300110994528), 'node_churn': np.float64(0.015137614678899083), 'structural_stability': np.float64(0.0)}"
224,22,330,0.0,0.0,0.0,0.0,0.0,1.0002004801937538,0.0,3,0.6,0.9947333333333334,2.0,1.0,1,0.2616984320203275,"{'growth_rate': np.float64(0.030275229357798167), 'density_change': np.float64(0.025), 'degree_change': np.float64(0.06476190476190477), 'fraud_growth': np.float64(0.08484848484848487), 'clustering_change': np.float64(0.038262910798122066), 'feature_drift': np.float64(0.0022406575640191192), 'variance_drift': np.float64(0.0011716300110994528), 'node_churn': np.float64(0.015137614678899083), 'structural_stability': np.float64(0.0)}"
225,21,48,0.0,0.0,0.0,0.0,0.0,4.616188562820498,0.0,3,0.6,0.9725666666666668,2.0,1.0,0,0.2712834280142343,"{'growth_rate': np.float64(0.030275229357798167), 'density_change': np.float64(0.025), 'degree_change': np.float64(0.06476190476190477), 'fraud_growth': np.float64(0.08484848484848487), 'clustering_change': np.float64(0.038262910798122066), 'feature_drift': np.float64(0.011825653557925943), 'variance_drift': np.float64(0.0011716300110994528), 'node_churn': np.float64(0.015137614678899083), 'structural_stability': np.float64(0.0)}"
225,22,399,0.0,0.0,0.0,0.0,0.0,0.8693881868638658,0.0,3,0.6,0.9725666666666668,2.0,1.0,0,0.2613516843876279,"{'growth_rate': np.float64(0.030275229357798167), 'density_change': np.float64(0.025), 'degree_change': np.float64(0.06476190476190477), 'fraud_growth': np.float64(0.08484848484848487), 'clustering_change': np.float64(0.038262910798122066), 'feature_drift': np.float64(0.0018939099313195326), 'variance_drift': np.float64(0.0011716300110994528), 'node_churn': np.float64(0.015137614678899083), 'structural_stability': np.float64(0.0)}"
229,21,180,0.0,0.0,0.0,0.0,0.0,6.87745224383804,0.0,2,0.4,0.9168,2.0,1.0,0,0.2772774199269442,"{'growth_rate': np.float64(0.030275229357798167), 'density_change': np.float64(0.025), 'degree_change': np.float64(0.06476190476190477), 'fraud_growth': np.float64(0.08484848484848487), 'clustering_change': np.float64(0.038262910798122066), 'feature_drift': np.float64(0.01781964547063586), 'variance_drift': np.float64(0.0011716300110994528), 'node_churn': np.float64(0.015137614678899083), 'structural_stability': np.float64(0.0)}"
231,21,212,0.0,0.0,0.0,0.0,0.0,3.358652138790069,0.0,2,0.4,0.9663,2.0,1.0,0,0.2679500426957275,"{'growth_rate': np.float64(0.030275229357798167), 'density_change': np.float64(0.025), 'degree_change': np.float64(0.06476190476190477), 'fraud_growth': np.float64(0.08484848484848487), 'clustering_change': np.float64(0.038262910798122066), 'feature_drift': np.float64(0.008492268239419135), 'variance_drift': np.float64(0.0011716300110994528), 'node_churn': np.float64(0.015137614678899083), 'structural_stability': np.float64(0.0)}"
232,21,27,0.0,0.0,0.0,0.0,0.0,3.518959074236023,0.2338377027464726,4,0.8,0.92595,2.0,1.0,1,0.268648943832721,"{'growth_rate': np.float64(0.030275229357798167), 'density_change': np.float64(0.025), 'degree_change': np.float64(0.06476190476190477), 'fraud_growth': np.float64(0.08484848484848487), 'clustering_change': np.float64(0.038262910798122066), 'feature_drift': np.float64(0.008917198106148331), 'variance_drift': np.float64(0.0014456012813637731), 'node_churn': np.float64(0.015137614678899083), 'structural_stability': np.float64(0.0)}"
232,22,508,0.0,0.0,0.0,0.0,0.0,2.339205080533817,0.1162365338859448,4,0.8,0.92595,2.0,1.0,1,0.2653839534167797,"{'growth_rate': np.float64(0.030275229357798167), 'density_change': np.float64(0.025), 'degree_change': np.float64(0.06476190476190477), 'fraud_growth': np.float64(0.08484848484848487), 'clustering_change': np.float64(0.038262910798122066), 'feature_drift': np.float64(0.0057899927489844195), 'variance_drift': np.float64(0.0013078162225864042), 'node_churn': np.float64(0.015137614678899083), 'structural_stability': np.float64(0.0)}"
232,23,171,0.0,0.0,0.0,0.0,0.0,3.6673746323651,-0.102793828160516,4,0.8,0.92595,2.0,1.0,1,0.2686479453043416,"{'growth_rate': np.float64(0.030275229357798167), 'density_change': np.float64(0.025), 'degree_change': np.float64(0.06476190476190477), 'fraud_growth': np.float64(0.08484848484848487), 'clustering_change': np.float64(0.038262910798122066), 'feature_drift': np.float64(0.009310607182061897), 'variance_drift': np.float64(0.0010511936770707922), 'node_churn': np.float64(0.015137614678899083), 'structural_stability': np.float64(0.0)}"
233,21,203,0.0,0.0,0.0,0.0,0.0,4.289414046811561,0.0,3,0.6,0.9393333333333334,2.0,1.0,1,0.2704172380945537,"{'growth_rate': np.float64(0.030275229357798167), 'density_change': np.float64(0.025), 'degree_change': np.float64(0.06476190476190477), 'fraud_growth': np.float64(0.08484848484848487), 'clustering_change': np.float64(0.038262910798122066), 'feature_drift': np.float64(0.01095946363824533), 'variance_drift': np.float64(0.0011716300110994528), 'node_churn': np.float64(0.015137614678899083), 'structural_stability': np.float64(0.0)}"
233,22,282,0.0,0.0,0.0,0.0,0.0,4.16635517734141,0.0,3,0.6,0.9393333333333334,2.0,1.0,1,0.2700910426691447,"{'growth_rate': np.float64(0.030275229357798167), 'density_change': np.float64(0.025), 'degree_change': np.float64(0.06476190476190477), 'fraud_growth': np.float64(0.08484848484848487), 'clustering_change': np.float64(0.038262910798122066), 'feature_drift': np.float64(0.01063326821283639), 'variance_drift': np.float64(0.0011716300110994528), 'node_churn': np.float64(0.015137614678899083), 'structural_stability': np.float64(0.0)}"
234,21,139,0.0,0.0,0.0,0.0,0.0,12.026572226227229,0.0,5,1.0,0.8778600000000001,2.0,1.0,0,0.2909263295128115,"{'growth_rate': np.float64(0.030275229357798167), 'density_change': np.float64(0.025), 'degree_change': np.float64(0.06476190476190477), 'fraud_growth': np.float64(0.08484848484848487), 'clustering_change': np.float64(0.038262910798122066), 'feature_drift': np.float64(0.031468555056503124), 'variance_drift': np.float64(0.0011716300110994528), 'node_churn': np.float64(0.015137614678899083), 'structural_stability': np.float64(0.0)}"
234,22,353,0.0,0.0,0.0,0.0,0.0,11.093005315224296,0.0,5,1.0,0.8778600000000001,2.0,1.0,0,0.2884516988178157,"{'growth_rate': np.float64(0.030275229357798167), 'density_change': np.float64(0.025), 'degree_change': np.float64(0.06476190476190477), 'fraud_growth': np.float64(0.08484848484848487), 'clustering_change': np.float64(0.038262910798122066), 'feature_drift': np.float64(0.028993924361507342), 'variance_drift': np.float64(0.0011716300110994528), 'node_churn': np.float64(0.015137614678899083), 'structural_stability': np.float64(0.0)}"
234,23,92,0.0,0.0,0.0,0.0,0.0,13.69090336941813,0.0,5,1.0,0.8778600000000001,2.0,1.0,0,0.2953380164364118,"{'growth_rate': np.float64(0.030275229357798167), 'density_change': np.float64(0.025), 'degree_change': np.float64(0.06476190476190477), 'fraud_growth': np.float64(0.08484848484848487), 'clustering_change': np.float64(0.038262910798122066), 'feature_drift': np.float64(0.035880241980103485), 'variance_drift': np.float64(0.0011716300110994528), 'node_churn': np.float64(0.015137614678899083), 'structural_stability': np.float64(0.0)}"
234,24,220,0.0,0.0,0.0,0.0,0.0,11.026873102503751,0.0,5,1.0,0.8778600000000001,2.0,1.0,0,0.2882764003988192,"{'growth_rate': np.float64(0.030275229357798167), 'density_change': np.float64(0.025), 'degree_change': np.float64(0.06476190476190477), 'fraud_growth': np.float64(0.08484848484848487), 'clustering_change': np.float64(0.038262910798122066), 'feature_drift': np.float64(0.028818625942510855), 'variance_drift': np.float64(0.0011716300110994528), 'node_churn': np.float64(0.015137614678899083), 'structural_stability': np.float64(0.0)}"
237,21,39,0.0,0.0,0.0,0.0,0.0,3.850602952586869,0.0,2,0.4,0.98295,2.0,1.0,0,0.2692540698306886,"{'growth_rate': np.float64(0.030275229357798167), 'density_change': np.float64(0.025), 'degree_change': np.float64(0.06476190476190477), 'fraud_growth': np.float64(0.08484848484848487), 'clustering_change': np.float64(0.038262910798122066), 'feature_drift': np.float64(0.009796295374380315), 'variance_drift': np.float64(0.0011716300110994528), 'node_churn': np.float64(0.015137614678899083), 'structural_stability': np.float64(0.0)}"
238,21,15,0.0,0.0,0.0,0.0,0.0,4.775188744471009,-0.6985292276925755,3,0.6,0.9104333333333332,2.0,1.0,1,0.270886476227052,"{'growth_rate': np.float64(0.030275229357798167), 'density_change': np.float64(0.025), 'degree_change': np.float64(0.06476190476190477), 'fraud_growth': np.float64(0.08484848484848487), 'clustering_change': np.float64(0.038262910798122066), 'feature_drift': np.float64(0.012247119577538353), 'variance_drift': np.float64(0.00035321220430470834), 'node_churn': np.float64(0.015137614678899083), 'structural_stability': np.float64(0.0)}"
238,22,411,0.0,0.0,0.0,0.0,0.0,2.5426826392214084,0.1827482315706024,3,0.6,0.9104333333333332,2.0,1.0,1,0.2660012439063346,"{'growth_rate': np.float64(0.030275229357798167), 'density_change': np.float64(0.025), 'degree_change': np.float64(0.06476190476190477), 'fraud_growth': np.float64(0.08484848484848487), 'clustering_change': np.float64(0.038262910798122066), 'feature_drift': np.float64(0.00632935613744275), 'variance_drift': np.float64(0.0013857433236829232), 'node_churn': np.float64(0.015137614678899083), 'structural_stability': np.float64(0.0)}"
240,21,94,0.0,0.0,0.0,0.0,0.0,4.283711088264012,0.0,3,0.6,0.9393,2.0,1.0,0,0.2704021211103207,"{'growth_rate': np.float64(0.030275229357798167), 'density_change': np.float64(0.025), 'degree_change': np.float64(0.06476190476190477), 'fraud_growth': np.float64(0.08484848484848487), 'clustering_change': np.float64(0.038262910798122066), 'feature_drift': np.float64(0.010944346654012364), 'variance_drift': np.float64(0.0011716300110994528), 'node_churn': np.float64(0.015137614678899083), 'structural_stability': np.float64(0.0)}"
240,22,224,0.0,0.0,0.0,0.0,0.0,3.9456769668518983,0.0,3,0.6,0.9393,2.0,1.0,0,0.2695060850544759,"{'growth_rate': np.float64(0.030275229357798167), 'density_change': np.float64(0.025), 'degree_change': np.float64(0.06476190476190477), 'fraud_growth': np.float64(0.08484848484848487), 'clustering_change': np.float64(0.038262910798122066), 'feature_drift': np.float64(0.010048310598167496), 'variance_drift': np.float64(0.0011716300110994528), 'node_churn': np.float64(0.015137614678899083), 'structural_stability': np.float64(0.0)}"
248,21,114,0.0,0.0,0.0,0.0,0.0,13.298610405576484,-0.0632137236394397,3,0.6,0.8651,2.0,1.0,0,0.2942240919249534,"{'growth_rate': np.float64(0.030275229357798167), 'density_change': np.float64(0.025), 'degree_change': np.float64(0.06476190476190477), 'fraud_growth': np.float64(0.08484848484848487), 'clustering_change': np.float64(0.038262910798122066), 'feature_drift': np.float64(0.03484038056437433), 'variance_drift': np.float64(0.0010975669153701383), 'node_churn': np.float64(0.015137614678899083), 'structural_stability': np.float64(0.0)}"
248,22,235,0.0,0.0,0.0,0.0,0.0,11.33138342731612,0.4098018544262787,3,0.6,0.8651,2.0,1.0,0,0.2895637101846984,"{'growth_rate': np.float64(0.030275229357798167), 'density_change': np.float64(0.025), 'degree_change': np.float64(0.06476190476190477), 'fraud_growth': np.float64(0.08484848484848487), 'clustering_change': np.float64(0.038262910798122066), 'feature_drift': np.float64(0.029625799577140087), 'variance_drift': np.float64(0.0016517661623494902), 'node_churn': np.float64(0.015137614678899083), 'structural_stability': np.float64(0.0)}"
253,21,132,0.0,0.0,0.0,0.0,0.0,14.269478165932474,0.0,2,0.4,0.92665,2.0,1.0,0,0.2968716600713037,"{'growth_rate': np.float64(0.030275229357798167), 'density_change': np.float64(0.025), 'degree_change': np.float64(0.06476190476190477), 'fraud_growth': np.float64(0.08484848484848487), 'clustering_change': np.float64(0.038262910798122066), 'feature_drift': np.float64(0.03741388561499538), 'variance_drift': np.float64(0.0011716300110994528), 'node_churn': np.float64(0.015137614678899083), 'structural_stability': np.float64(0.0)}"
254,21,205,0.0,0.0,0.0,0.0,0.0,11.43069068830137,9.587807541629564,4,0.8,0.85185,2.0,1.0,0,0.3005801734935719,"{'growth_rate': np.float64(0.030275229357798167), 'density_change': np.float64(0.025), 'degree_change': np.float64(0.06476190476190477), 'fraud_growth': np.float64(0.08484848484848487), 'clustering_change': np.float64(0.038262910798122066), 'feature_drift': np.float64(0.029889035980844723), 'variance_drift': np.float64(0.012404993067518317), 'node_churn': np.float64(0.015137614678899083), 'structural_stability': np.float64(0.0)}"
254,22,410,0.0,0.0,0.0,0.0,0.0,11.086057985027823,-0.92809261763779,4,0.8,0.85185,2.0,1.0,0,0.2873459021805802,"{'growth_rate': np.float64(0.030275229357798167), 'density_change': np.float64(0.025), 'degree_change': np.float64(0.06476190476190477), 'fraud_growth': np.float64(0.08484848484848487), 'clustering_change': np.float64(0.038262910798122066), 'feature_drift': np.float64(0.028975508888176148), 'variance_drift': np.float64(8.424884719516877e-05), 'node_churn': np.float64(0.015137614678899083), 'structural_stability': np.float64(0.0)}"
254,23,150,0.0,0.0,0.0,0.0,0.0,4.930248321431676,0.598516656385328,4,0.8,0.85185,2.0,1.0,0,0.2728171546643358,"{'growth_rate': np.float64(0.030275229357798167), 'density_change': np.float64(0.025), 'degree_change': np.float64(0.06476190476190477), 'fraud_growth': np.float64(0.08484848484848487), 'clustering_change': np.float64(0.038262910798122066), 'feature_drift': np.float64(0.012658140131263528), 'variance_drift': np.float64(0.001872870087863402), 'node_churn': np.float64(0.015137614678899083), 'structural_stability': np.float64(0.0)}"
257,21,206,0.0,0.0,0.0,0.0,0.0,17.66768855256712,0.0,5,1.0,0.85396,2.0,1.0,0,0.3058793869216324,"{'growth_rate': np.float64(0.030275229357798167), 'density_change': np.float64(0.025), 'degree_change': np.float64(0.06476190476190477), 'fraud_growth': np.float64(0.08484848484848487), 'clustering_change': np.float64(0.038262910798122066), 'feature_drift': np.float64(0.046421612465324114), 'variance_drift': np.float64(0.0011716300110994528), 'node_churn': np.float64(0.015137614678899083), 'structural_stability': np.float64(0.0)}"
257,22,455,0.0,0.0,0.0,0.0,0.0,13.518352478487772,0.0,5,1.0,0.85396,2.0,1.0,0,0.2948806311905204,"{'growth_rate': np.float64(0.030275229357798167), 'density_change': np.float64(0.025), 'degree_change': np.float64(0.06476190476190477), 'fraud_growth': np.float64(0.08484848484848487), 'clustering_change': np.float64(0.038262910798122066), 'feature_drift': np.float64(0.0354228567342121), 'variance_drift': np.float64(0.0011716300110994528), 'node_churn': np.float64(0.015137614678899083), 'structural_stability': np.float64(0.0)}"
257,23,158,0.0,0.0,0.0,0.0,0.0,19.21320919954685,0.0,5,1.0,0.85396,2.0,1.0,0,0.3099761396960608,"{'growth_rate': np.float64(0.030275229357798167), 'density_change': np.float64(0.025), 'degree_change': np.float64(0.06476190476190477), 'fraud_growth': np.float64(0.08484848484848487), 'clustering_change': np.float64(0.038262910798122066), 'feature_drift': np.float64(0.05051836523975246), 'variance_drift': np.float64(0.0011716300110994528), 'node_churn': np.float64(0.015137614678899083), 'structural_stability': np.float64(0.0)}"
257,24,64,0.0,0.0,0.0,0.0,0.0,16.68914897015592,0.0,5,1.0,0.85396,2.0,1.0,0,0.3032855459677991,"{'growth_rate': np.float64(0.030275229357798167), 'density_change': np.float64(0.025), 'degree_change': np.float64(0.06476190476190477), 'fraud_growth': np.float64(0.08484848484848487), 'clustering_change': np.float64(0.038262910798122066), 'feature_drift': np.float64(0.04382777151149075), 'variance_drift': np.float64(0.0011716300110994528), 'node_churn': np.float64(0.015137614678899083), 'structural_stability': np.float64(0.0)}"
258,21,101,0.0,0.0,0.0,0.0,0.0,0.2347031676182674,0.0,2,0.4,0.9996,2.0,1.0,1,0.2596693078897378,"{'growth_rate': np.float64(0.030275229357798167), 'density_change': np.float64(0.025), 'degree_change': np.float64(0.06476190476190477), 'fraud_growth': np.float64(0.08484848484848487), 'clustering_change': np.float64(0.038262910798122066), 'feature_drift': np.float64(0.0002115334334294834), 'variance_drift': np.float64(0.0011716300110994528), 'node_churn': np.float64(0.015137614678899083), 'structural_stability': np.float64(0.0)}"
260,21,107,0.0,0.0,0.0,0.0,0.0,0.1675069673072103,0.0,2,0.4,0.9998,2.0,1.0,1,0.2594911891304748,"{'growth_rate': np.float64(0.030275229357798167), 'density_change': np.float64(0.025), 'degree_change': np.float64(0.06476190476190477), 'fraud_growth': np.float64(0.08484848484848487), 'clustering_change': np.float64(0.038262910798122066), 'feature_drift': np.float64(3.341467416649075e-05), 'variance_drift': np.float64(0.0011716300110994528), 'node_churn': np.float64(0.015137614678899083), 'structural_stability': np.float64(0.0)}"
261,21,133,0.0,0.0,0.0,0.0,0.0,6.451120972039068,0.0,5,1.0,0.92978,2.0,1.0,0,0.2761473322610297,"{'growth_rate': np.float64(0.030275229357798167), 'density_change': np.float64(0.025), 'degree_change': np.float64(0.06476190476190477), 'fraud_growth': np.float64(0.08484848484848487), 'clustering_change': np.float64(0.038262910798122066), 'feature_drift': np.float64(0.016689557804721346), 'variance_drift': np.float64(0.0011716300110994528), 'node_churn': np.float64(0.015137614678899083), 'structural_stability': np.float64(0.0)}"
261,22,523,0.0,0.0,0.0,0.0,0.0,10.313917804876446,0.0,5,1.0,0.92978,2.0,1.0,0,0.2863865507877474,"{'growth_rate': np.float64(0.030275229357798167), 'density_change': np.float64(0.025), 'degree_change': np.float64(0.06476190476190477), 'fraud_growth': np.float64(0.08484848484848487), 'clustering_change': np.float64(0.038262910798122066), 'feature_drift': np.float64(0.02692877633143907), 'variance_drift': np.float64(0.0011716300110994528), 'node_churn': np.float64(0.015137614678899083), 'structural_stability': np.float64(0.0)}"
261,23,205,0.0,0.0,0.0,0.0,0.0,13.62047328875888,0.0,5,1.0,0.92978,2.0,1.0,0,0.2951513255443115,"{'growth_rate': np.float64(0.030275229357798167), 'density_change': np.float64(0.025), 'degree_change': np.float64(0.06476190476190477), 'fraud_growth': np.float64(0.08484848484848487), 'clustering_change': np.float64(0.038262910798122066), 'feature_drift': np.float64(0.035693551088003234), 'variance_drift': np.float64(0.0011716300110994528), 'node_churn': np.float64(0.015137614678899083), 'structural_stability': np.float64(0.0)}"
261,24,35,0.0,0.0,0.0,0.0,0.0,9.56935273957262,0.0,5,1.0,0.92978,2.0,1.0,0,0.2844129123229447,"{'growth_rate': np.float64(0.030275229357798167), 'density_change': np.float64(0.025), 'degree_change': np.float64(0.06476190476190477), 'fraud_growth': np.float64(0.08484848484848487), 'clustering_change': np.float64(0.038262910798122066), 'feature_drift': np.float64(0.024955137866636414), 'variance_drift': np.float64(0.0011716300110994528), 'node_churn': np.float64(0.015137614678899083), 'structural_stability': np.float64(0.0)}"
262,21,145,0.0,0.0,0.0,0.0,0.0,18.95059804214121,0.0,4,0.8,0.88805,2.0,1.0,0,0.3092800293012888,"{'growth_rate': np.float64(0.030275229357798167), 'density_change': np.float64(0.025), 'degree_change': np.float64(0.06476190476190477), 'fraud_growth': np.float64(0.08484848484848487), 'clustering_change': np.float64(0.038262910798122066), 'feature_drift': np.float64(0.04982225484498042), 'variance_drift': np.float64(0.0011716300110994528), 'node_churn': np.float64(0.015137614678899083), 'structural_stability': np.float64(0.0)}"
262,22,480,0.0,0.0,0.0,0.0,0.0,9.64385051494876,0.0,4,0.8,0.88805,2.0,1.0,0,0.2846103855618545,"{'growth_rate': np.float64(0.030275229357798167), 'density_change': np.float64(0.025), 'degree_change': np.float64(0.06476190476190477), 'fraud_growth': np.float64(0.08484848484848487), 'clustering_change': np.float64(0.038262910798122066), 'feature_drift': np.float64(0.025152611105546136), 'variance_drift': np.float64(0.0011716300110994528), 'node_churn': np.float64(0.015137614678899083), 'structural_stability': np.float64(0.0)}"
262,23,135,0.0,0.0,0.0,0.0,0.0,12.027934956038534,0.0,4,0.8,0.88805,2.0,1.0,0,0.2909299417370455,"{'growth_rate': np.float64(0.030275229357798167), 'density_change': np.float64(0.025), 'degree_change': np.float64(0.06476190476190477), 'fraud_growth': np.float64(0.08484848484848487), 'clustering_change': np.float64(0.038262910798122066), 'feature_drift': np.float64(0.031472167280737186), 'variance_drift': np.float64(0.0011716300110994528), 'node_churn': np.float64(0.015137614678899083), 'structural_stability': np.float64(0.0)}"
263,21,75,0.0,0.0,0.0,0.0,0.0,4.649093977610266,0.0,3,0.6,0.9566333333333332,2.0,1.0,0,0.2713706512743034,"{'growth_rate': np.float64(0.030275229357798167), 'density_change': np.float64(0.025), 'degree_change': np.float64(0.06476190476190477), 'fraud_growth': np.float64(0.08484848484848487), 'clustering_change': np.float64(0.038262910798122066), 'feature_drift': np.float64(0.011912876817995058), 'variance_drift': np.float64(0.0011716300110994528), 'node_churn': np.float64(0.015137614678899083), 'structural_stability': np.float64(0.0)}"
263,22,293,0.0,0.0,0.0,0.0,0.0,2.936134069477288,0.0,3,0.6,0.9566333333333332,2.0,1.0,0,0.2668300627872831,"{'growth_rate': np.float64(0.030275229357798167), 'density_change': np.float64(0.025), 'degree_change': np.float64(0.06476190476190477), 'fraud_growth': np.float64(0.08484848484848487), 'clustering_change': np.float64(0.038262910798122066), 'feature_drift': np.float64(0.00737228833097476), 'variance_drift': np.float64(0.0011716300110994528), 'node_churn': np.float64(0.015137614678899083), 'structural_stability': np.float64(0.0)}"
264,21,28,0.0,0.0,0.0,0.0,0.0,0.5740245478621545,0.0,3,0.6,0.9982333333333332,2.0,1.0,1,0.2605687561168797,"{'growth_rate': np.float64(0.030275229357798167), 'density_change': np.float64(0.025), 'degree_change': np.float64(0.06476190476190477), 'fraud_growth': np.float64(0.08484848484848487), 'clustering_change': np.float64(0.038262910798122066), 'feature_drift': np.float64(0.0011109816605713082), 'variance_drift': np.float64(0.0011716300110994528), 'node_churn': np.float64(0.015137614678899083), 'structural_stability': np.float64(0.0)}"
264,22,363,0.0,0.0,0.0,0.0,0.0,0.3463600700179147,0.0,3,0.6,0.9982333333333332,2.0,1.0,1,0.2599652798171163,"{'growth_rate': np.float64(0.030275229357798167), 'density_change': np.float64(0.025), 'degree_change': np.float64(0.06476190476190477), 'fraud_growth': np.float64(0.08484848484848487), 'clustering_change': np.float64(0.038262910798122066), 'feature_drift': np.float64(0.000507505360807967), 'variance_drift': np.float64(0.0011716300110994528), 'node_churn': np.float64(0.015137614678899083), 'structural_stability': np.float64(0.0)}"
267,21,25,0.0,0.0,0.0,0.0,0.0,4.245884498401815,0.0,2,0.4,0.95315,2.0,1.0,0,0.2703018531603144,"{'growth_rate': np.float64(0.030275229357798167), 'density_change': np.float64(0.025), 'degree_change': np.float64(0.06476190476190477), 'fraud_growth': np.float64(0.08484848484848487), 'clustering_change': np.float64(0.038262910798122066), 'feature_drift': np.float64(0.01084407870400603), 'variance_drift': np.float64(0.0011716300110994528), 'node_churn': np.float64(0.015137614678899083), 'structural_stability': np.float64(0.0)}"
270,21,155,0.0,0.0,0.0,0.0,0.0,12.680426575051118,0.0,3,0.6,0.8976999999999999,2.0,1.0,0,0.2926595186635685,"{'growth_rate': np.float64(0.030275229357798167), 'density_change': np.float64(0.025), 'degree_change': np.float64(0.06476190476190477), 'fraud_growth': np.float64(0.08484848484848487), 'clustering_change': np.float64(0.038262910798122066), 'feature_drift': np.float64(0.03320174420726019), 'variance_drift': np.float64(0.0011716300110994528), 'node_churn': np.float64(0.015137614678899083), 'structural_stability': np.float64(0.0)}"
270,22,114,0.0,0.0,0.0,0.0,0.0,14.306424459484363,0.0,3,0.6,0.8976999999999999,2.0,1.0,0,0.2969695945964162,"{'growth_rate': np.float64(0.030275229357798167), 'density_change': np.float64(0.025), 'degree_change': np.float64(0.06476190476190477), 'fraud_growth': np.float64(0.08484848484848487), 'clustering_change': np.float64(0.038262910798122066), 'feature_drift': np.float64(0.0375118201401079), 'variance_drift': np.float64(0.0011716300110994528), 'node_churn': np.float64(0.015137614678899083), 'structural_stability': np.float64(0.0)}"
272,21,219,0.0,0.0,0.0,0.0,0.0,4.053575884151287,0.0,3,0.6,0.9441333333333332,2.0,1.0,0,0.2697920955905808,"{'growth_rate': np.float64(0.030275229357798167), 'density_change': np.float64(0.025), 'degree_change': np.float64(0.06476190476190477), 'fraud_growth': np.float64(0.08484848484848487), 'clustering_change': np.float64(0.038262910798122066), 'feature_drift': np.float64(0.010334321134272538), 'variance_drift': np.float64(0.0011716300110994528), 'node_churn': np.float64(0.015137614678899083), 'structural_stability': np.float64(0.0)}"
272,22,458,0.0,0.0,0.0,0.0,0.0,3.5098573171537,0.0,3,0.6,0.9441333333333332,2.0,1.0,0,0.2683508462923534,"{'growth_rate': np.float64(0.030275229357798167), 'density_change': np.float64(0.025), 'degree_change': np.float64(0.06476190476190477), 'fraud_growth': np.float64(0.08484848484848487), 'clustering_change': np.float64(0.038262910798122066), 'feature_drift': np.float64(0.008893071836045085), 'variance_drift': np.float64(0.0011716300110994528), 'node_churn': np.float64(0.015137614678899083), 'structural_stability': np.float64(0.0)}"
273,21,105,0.0,0.0,0.0,0.0,0.0,2.7187449034156472,0.0,3,0.6,0.9592666666666668,2.0,1.0,0,0.2662538235303479,"{'growth_rate': np.float64(0.030275229357798167), 'density_change': np.float64(0.025), 'degree_change': np.float64(0.06476190476190477), 'fraud_growth': np.float64(0.08484848484848487), 'clustering_change': np.float64(0.038262910798122066), 'feature_drift': np.float64(0.006796049074039505), 'variance_drift': np.float64(0.0011716300110994528), 'node_churn': np.float64(0.015137614678899083), 'structural_stability': np.float64(0.0)}"
273,22,428,0.0,0.0,0.0,0.0,0.0,4.941690904372016,0.0,3,0.6,0.9592666666666668,2.0,1.0,0,0.2721462457471711,"{'growth_rate': np.float64(0.030275229357798167), 'density_change': np.float64(0.025), 'degree_change': np.float64(0.06476190476190477), 'fraud_growth': np.float64(0.08484848484848487), 'clustering_change': np.float64(0.038262910798122066), 'feature_drift': np.float64(0.01268847129086277), 'variance_drift': np.float64(0.0011716300110994528), 'node_churn': np.float64(0.015137614678899083), 'structural_stability': np.float64(0.0)}"
274,21,214,0.0,0.0,0.0,0.0,0.0,3.880440950853002,0.0,2,0.4,0.96285,2.0,1.0,0,0.2693331622080173,"{'growth_rate': np.float64(0.030275229357798167), 'density_change': np.float64(0.025), 'degree_change': np.float64(0.06476190476190477), 'fraud_growth': np.float64(0.08484848484848487), 'clustering_change': np.float64(0.038262910798122066), 'feature_drift': np.float64(0.009875387751708984), 'variance_drift': np.float64(0.0011716300110994528), 'node_churn': np.float64(0.015137614678899083), 'structural_stability': np.float64(0.0)}"
275,21,49,0.0,0.0,0.0,0.0,0.0,2.427456791008124,0.0,2,0.4,0.97445,2.0,1.0,1,0.265481698366575,"{'growth_rate': np.float64(0.030275229357798167), 'density_change': np.float64(0.025), 'degree_change': np.float64(0.06476190476190477), 'fraud_growth': np.float64(0.08484848484848487), 'clustering_change': np.float64(0.038262910798122066), 'feature_drift': np.float64(0.0060239239102666715), 'variance_drift': np.float64(0.0011716300110994528), 'node_churn': np.float64(0.015137614678899083), 'structural_stability': np.float64(0.0)}"
276,21,55,0.0,0.0,0.0,0.0,0.0,4.432847140584452,0.0,3,0.6,0.9694666666666666,2.0,1.0,0,0.2707974400193919,"{'growth_rate': np.float64(0.030275229357798167), 'density_change': np.float64(0.025), 'degree_change': np.float64(0.06476190476190477), 'fraud_growth': np.float64(0.08484848484848487), 'clustering_change': np.float64(0.038262910798122066), 'feature_drift': np.float64(0.011339665563083573), 'variance_drift': np.float64(0.0011716300110994528), 'node_churn': np.float64(0.015137614678899083), 'structural_stability': np.float64(0.0)}"
276,22,215,0.0,0.0,0.0,0.0,0.0,1.1293393001735936,0.0,3,0.6,0.9694666666666666,2.0,1.0,0,0.2620407437326121,"{'growth_rate': np.float64(0.030275229357798167), 'density_change': np.float64(0.025), 'degree_change': np.float64(0.06476190476190477), 'fraud_growth': np.float64(0.08484848484848487), 'clustering_change': np.float64(0.038262910798122066), 'feature_drift': np.float64(0.0025829692763037052), 'variance_drift': np.float64(0.0011716300110994528), 'node_churn': np.float64(0.015137614678899083), 'structural_stability': np.float64(0.0)}"
277,21,3,0.0,0.0,0.0,0.0,0.0,14.579349488763528,0.0,3,0.6,0.8802666666666666,2.0,1.0,0,0.2976930442462772,"{'growth_rate': np.float64(0.030275229357798167), 'density_change': np.float64(0.025), 'degree_change': np.float64(0.06476190476190477), 'fraud_growth': np.float64(0.08484848484848487), 'clustering_change': np.float64(0.038262910798122066), 'feature_drift': np.float64(0.03823526978996885), 'variance_drift': np.float64(0.0011716300110994528), 'node_churn': np.float64(0.015137614678899083), 'structural_stability': np.float64(0.0)}"
277,22,378,0.0,0.0,0.0,0.0,0.0,13.45776010191633,0.0,3,0.6,0.8802666666666666,2.0,1.0,0,0.2947200173628674,"{'growth_rate': np.float64(0.030275229357798167), 'density_change': np.float64(0.025), 'degree_change': np.float64(0.06476190476190477), 'fraud_growth': np.float64(0.08484848484848487), 'clustering_change': np.float64(0.038262910798122066), 'feature_drift': np.float64(0.035262242906559035), 'variance_drift': np.float64(0.0011716300110994528), 'node_churn': np.float64(0.015137614678899083), 'structural_stability': np.float64(0.0)}"
278,21,63,0.0,0.0,0.0,0.0,0.0,0.6684743630067449,0.0,3,0.6,0.9974333333333334,2.0,1.0,1,0.2608191167594204,"{'growth_rate': np.float64(0.030275229357798167), 'density_change': np.float64(0.025), 'degree_change': np.float64(0.06476190476190477), 'fraud_growth': np.float64(0.08484848484848487), 'clustering_change': np.float64(0.038262910798122066), 'feature_drift': np.float64(0.0013613423031120617), 'variance_drift': np.float64(0.0011716300110994528), 'node_churn': np.float64(0.015137614678899083), 'structural_stability': np.float64(0.0)}"
278,22,196,0.0,0.0,0.0,0.0,0.0,0.2359259699211351,0.0,3,0.6,0.9974333333333334,2.0,1.0,1,0.2596725492043956,"{'growth_rate': np.float64(0.030275229357798167), 'density_change': np.float64(0.025), 'degree_change': np.float64(0.06476190476190477), 'fraud_growth': np.float64(0.08484848484848487), 'clustering_change': np.float64(0.038262910798122066), 'feature_drift': np.float64(0.00021477474808719442), 'variance_drift': np.float64(0.0011716300110994528), 'node_churn': np.float64(0.015137614678899083), 'structural_stability': np.float64(0.0)}"
280,21,93,0.0,0.0,0.0,0.0,0.0,5.871364974569363,0.0,2,0.4,0.93325,2.0,1.0,0,0.2746105575852808,"{'growth_rate': np.float64(0.030275229357798167), 'density_change': np.float64(0.025), 'degree_change': np.float64(0.06476190476190477), 'fraud_growth': np.float64(0.08484848484848487), 'clustering_change': np.float64(0.038262910798122066), 'feature_drift': np.float64(0.015152783128972452), 'variance_drift': np.float64(0.0011716300110994528), 'node_churn': np.float64(0.015137614678899083), 'structural_stability': np.float64(0.0)}"
281,21,154,0.0,0.0,0.0,0.0,0.0,2.243584465928248,0.0,2,0.4,0.9756,2.0,1.0,1,0.2649943030934135,"{'growth_rate': np.float64(0.030275229357798167), 'density_change': np.float64(0.025), 'degree_change': np.float64(0.06476190476190477), 'fraud_growth': np.float64(0.08484848484848487), 'clustering_change': np.float64(0.038262910798122066), 'feature_drift': np.float64(0.005536528637105073), 'variance_drift': np.float64(0.0011716300110994528), 'node_churn': np.float64(0.015137614678899083), 'structural_stability': np.float64(0.0)}"
282,21,234,0.0,0.0,0.0,0.0,0.0,15.807477624303898,0.0,3,0.6,0.8922333333333333,2.0,1.0,1,0.3009484762306126,"{'growth_rate': np.float64(0.030275229357798167), 'density_change': np.float64(0.025), 'degree_change': np.float64(0.06476190476190477), 'fraud_growth': np.float64(0.08484848484848487), 'clustering_change': np.float64(0.038262910798122066), 'feature_drift': np.float64(0.04149070177430424), 'variance_drift': np.float64(0.0011716300110994528), 'node_churn': np.float64(0.015137614678899083), 'structural_stability': np.float64(0.0)}"
282,22,292,0.0,0.0,0.0,0.0,0.0,0.2355246081379159,0.0,3,0.6,0.8922333333333333,2.0,1.0,1,0.2596714853040186,"{'growth_rate': np.float64(0.030275229357798167), 'density_change': np.float64(0.025), 'degree_change': np.float64(0.06476190476190477), 'fraud_growth': np.float64(0.08484848484848487), 'clustering_change': np.float64(0.038262910798122066), 'feature_drift': np.float64(0.0002137108477102142), 'variance_drift': np.float64(0.0011716300110994528), 'node_churn': np.float64(0.015137614678899083), 'structural_stability': np.float64(0.0)}"
283,21,183,0.0,0.0,0.0,0.0,0.0,2.4598203538337975,0.0,5,1.0,0.96272,2.0,1.0,0,0.2655674853251999,"{'growth_rate': np.float64(0.030275229357798167), 'density_change': np.float64(0.025), 'degree_change': np.float64(0.06476190476190477), 'fraud_growth': np.float64(0.08484848484848487), 'clustering_change': np.float64(0.038262910798122066), 'feature_drift': np.float64(0.006109710868891626), 'variance_drift': np.float64(0.0011716300110994528), 'node_churn': np.float64(0.015137614678899083), 'structural_stability': np.float64(0.0)}"
283,22,472,0.0,0.0,0.0,0.0,0.0,2.2262878925444856,0.0,5,1.0,0.96272,2.0,1.0,0,0.2649484546053091,"{'growth_rate': np.float64(0.030275229357798167), 'density_change': np.float64(0.025), 'degree_change': np.float64(0.06476190476190477), 'fraud_growth': np.float64(0.08484848484848487), 'clustering_change': np.float64(0.038262910798122066), 'feature_drift': np.float64(0.005490680149000752), 'variance_drift': np.float64(0.0011716300110994528), 'node_churn': np.float64(0.015137614678899083), 'structural_stability': np.float64(0.0)}"
283,23,180,0.0,0.0,0.0,0.0,0.0,1.2556569211459154,0.0,5,1.0,0.96272,2.0,1.0,0,0.2623755772174891,"{'growth_rate': np.float64(0.030275229357798167), 'density_change': np.float64(0.025), 'degree_change': np.float64(0.06476190476190477), 'fraud_growth': np.float64(0.08484848484848487), 'clustering_change': np.float64(0.038262910798122066), 'feature_drift': np.float64(0.0029178027611806868), 'variance_drift': np.float64(0.0011716300110994528), 'node_churn': np.float64(0.015137614678899083), 'structural_stability': np.float64(0.0)}"
283,24,224,0.0,0.0,0.0,0.0,0.0,1.2598057243897882,0.0,5,1.0,0.96272,2.0,1.0,0,0.262386574560833,"{'growth_rate': np.float64(0.030275229357798167), 'density_change': np.float64(0.025), 'degree_change': np.float64(0.06476190476190477), 'fraud_growth': np.float64(0.08484848484848487), 'clustering_change': np.float64(0.038262910798122066), 'feature_drift': np.float64(0.002928800104524568), 'variance_drift': np.float64(0.0011716300110994528), 'node_churn': np.float64(0.015137614678899083), 'structural_stability': np.float64(0.0)}"
284,21,22,0.0,0.0,0.0,0.0,0.0,1.933712957974041,0.0,2,0.4,0.9908,2.0,1.0,0,0.2641729184277291,"{'growth_rate': np.float64(0.030275229357798167), 'density_change': np.float64(0.025), 'degree_change': np.float64(0.06476190476190477), 'fraud_growth': np.float64(0.08484848484848487), 'clustering_change': np.float64(0.038262910798122066), 'feature_drift': np.float64(0.004715143971420729), 'variance_drift': np.float64(0.0011716300110994528), 'node_churn': np.float64(0.015137614678899083), 'structural_stability': np.float64(0.0)}"
286,21,185,0.0,0.0,0.0,0.0,0.0,12.106402031653742,0.0,3,0.6,0.9603666666666668,2.0,1.0,0,0.2911379365058997,"{'growth_rate': np.float64(0.030275229357798167), 'density_change': np.float64(0.025), 'degree_change': np.float64(0.06476190476190477), 'fraud_growth': np.float64(0.08484848484848487), 'clustering_change': np.float64(0.038262910798122066), 'feature_drift': np.float64(0.03168016204959134), 'variance_drift': np.float64(0.0011716300110994528), 'node_churn': np.float64(0.015137614678899083), 'structural_stability': np.float64(0.0)}"
286,22,305,0.0,0.0,0.0,0.0,0.0,6.6773681919826595,0.0,3,0.6,0.9603666666666668,2.0,1.0,0,0.2767470517974991,"{'growth_rate': np.float64(0.030275229357798167), 'density_change': np.float64(0.025), 'degree_change': np.float64(0.06476190476190477), 'fraud_growth': np.float64(0.08484848484848487), 'clustering_change': np.float64(0.038262910798122066), 'feature_drift': np.float64(0.017289277341190772), 'variance_drift': np.float64(0.0011716300110994528), 'node_churn': np.float64(0.015137614678899083), 'structural_stability': np.float64(0.0)}"
287,21,169,0.0,0.0,0.0,0.0,0.0,1.020242869280792,0.0,3,0.6,0.9953333333333332,2.0,1.0,1,0.2617515589153055,"{'growth_rate': np.float64(0.030275229357798167), 'density_change': np.float64(0.025), 'degree_change': np.float64(0.06476190476190477), 'fraud_growth': np.float64(0.08484848484848487), 'clustering_change': np.float64(0.038262910798122066), 'feature_drift': np.float64(0.002293784458997167), 'variance_drift': np.float64(0.0011716300110994528), 'node_churn': np.float64(0.015137614678899083), 'structural_stability': np.float64(0.0)}"
287,22,319,0.0,0.0,0.0,0.0,0.0,0.3710014013186996,0.0,3,0.6,0.9953333333333332,2.0,1.0,1,0.2600305972508041,"{'growth_rate': np.float64(0.030275229357798167), 'density_change': np.float64(0.025), 'degree_change': np.float64(0.06476190476190477), 'fraud_growth': np.float64(0.08484848484848487), 'clustering_change': np.float64(0.038262910798122066), 'feature_drift': np.float64(0.0005728227944956858), 'variance_drift': np.float64(0.0011716300110994528), 'node_churn': np.float64(0.015137614678899083), 'structural_stability': np.float64(0.0)}"
288,21,156,0.0,0.0,0.0,0.0,0.0,13.977284120211444,0.0,2,0.4,0.90665,2.0,1.0,0,0.2960971335259493,"{'growth_rate': np.float64(0.030275229357798167), 'density_change': np.float64(0.025), 'degree_change': np.float64(0.06476190476190477), 'fraud_growth': np.float64(0.08484848484848487), 'clustering_change': np.float64(0.038262910798122066), 'feature_drift': np.float64(0.036639359069641005), 'variance_drift': np.float64(0.0011716300110994528), 'node_churn': np.float64(0.015137614678899083), 'structural_stability': np.float64(0.0)}"
290,21,88,0.0,0.0,0.0,0.0,0.0,0.4075448198684487,0.0,4,0.8,0.997325,2.0,1.0,1,0.2601274638644099,"{'growth_rate': np.float64(0.030275229357798167), 'density_change': np.float64(0.025), 'degree_change': np.float64(0.06476190476190477), 'fraud_growth': np.float64(0.08484848484848487), 'clustering_change': np.float64(0.038262910798122066), 'feature_drift': np.float64(0.0006696894081014923), 'variance_drift': np.float64(0.0011716300110994528), 'node_churn': np.float64(0.015137614678899083), 'structural_stability': np.float64(0.0)}"
290,22,528,0.0,0.0,0.0,0.0,0.0,0.2505880913494431,0.0,4,0.8,0.997325,2.0,1.0,1,0.2597114144804809,"{'growth_rate': np.float64(0.030275229357798167), 'density_change': np.float64(0.025), 'degree_change': np.float64(0.06476190476190477), 'fraud_growth': np.float64(0.08484848484848487), 'clustering_change': np.float64(0.038262910798122066), 'feature_drift': np.float64(0.00025364002417251226), 'variance_drift': np.float64(0.0011716300110994528), 'node_churn': np.float64(0.015137614678899083), 'structural_stability': np.float64(0.0)}"
290,23,119,0.0,0.0,0.0,0.0,0.0,0.6874243191195373,0.0,4,0.8,0.997325,2.0,1.0,1,0.2608693479131951,"{'growth_rate': np.float64(0.030275229357798167), 'density_change': np.float64(0.025), 'degree_change': np.float64(0.06476190476190477), 'fraud_growth': np.float64(0.08484848484848487), 'clustering_change': np.float64(0.038262910798122066), 'feature_drift': np.float64(0.0014115734568867391), 'variance_drift': np.float64(0.0011716300110994528), 'node_churn': np.float64(0.015137614678899083), 'structural_stability': np.float64(0.0)}"
291,21,136,0.0,0.0,0.0,0.0,0.0,0.3523104494134205,0.0,2,0.4,0.99905,2.0,1.0,1,0.2599810526463859,"{'growth_rate': np.float64(0.030275229357798167), 'density_change': np.float64(0.025), 'degree_change': np.float64(0.06476190476190477), 'fraud_growth': np.float64(0.08484848484848487), 'clustering_change': np.float64(0.038262910798122066), 'feature_drift': np.float64(0.0005232781900775584), 'variance_drift': np.float64(0.0011716300110994528), 'node_churn': np.float64(0.015137614678899083), 'structural_stability': np.float64(0.0)}"
292,21,74,0.0,0.0,0.0,0.0,0.0,12.761238429902734,0.0,3,0.6,0.967,2.0,1.0,0,0.2928737288012442,"{'growth_rate': np.float64(0.030275229357798167), 'density_change': np.float64(0.025), 'degree_change': np.float64(0.06476190476190477), 'fraud_growth': np.float64(0.08484848484848487), 'clustering_change': np.float64(0.038262910798122066), 'feature_drift': np.float64(0.03341595434493583), 'variance_drift': np.float64(0.0011716300110994528), 'node_churn': np.float64(0.015137614678899083), 'structural_stability': np.float64(0.0)}"
292,22,296,0.0,0.0,0.0,0.0,0.0,4.015474542765618,0.0,3,0.6,0.967,2.0,1.0,0,0.2696910993493878,"{'growth_rate': np.float64(0.030275229357798167), 'density_change': np.float64(0.025), 'degree_change': np.float64(0.06476190476190477), 'fraud_growth': np.float64(0.08484848484848487), 'clustering_change': np.float64(0.038262910798122066), 'feature_drift': np.float64(0.010233324893079505), 'variance_drift': np.float64(0.0011716300110994528), 'node_churn': np.float64(0.015137614678899083), 'structural_stability': np.float64(0.0)}"
293,21,200,0.0,0.0,0.0,0.0,0.0,15.249004169932345,0.0,3,0.6,0.858,2.0,1.0,0,0.299468115759135,"{'growth_rate': np.float64(0.030275229357798167), 'density_change': np.float64(0.025), 'degree_change': np.float64(0.06476190476190477), 'fraud_growth': np.float64(0.08484848484848487), 'clustering_change': np.float64(0.038262910798122066), 'feature_drift': np.float64(0.04001034130282666), 'variance_drift': np.float64(0.0011716300110994528), 'node_churn': np.float64(0.015137614678899083), 'structural_stability': np.float64(0.0)}"
293,22,185,0.0,0.0,0.0,0.0,0.0,16.1101733133839,0.0,3,0.6,0.858,2.0,1.0,0,0.3017508397619374,"{'growth_rate': np.float64(0.030275229357798167), 'density_change': np.float64(0.025), 'degree_change': np.float64(0.06476190476190477), 'fraud_growth': np.float64(0.08484848484848487), 'clustering_change': np.float64(0.038262910798122066), 'feature_drift': np.float64(0.04229306530562901), 'variance_drift': np.float64(0.0011716300110994528), 'node_churn': np.float64(0.015137614678899083), 'structural_stability': np.float64(0.0)}"
296,21,224,0.0,0.0,0.0,0.0,0.0,3.112824883680819,0.0,3,0.6,0.968,2.0,1.0,0,0.2672984218381433,"{'growth_rate': np.float64(0.030275229357798167), 'density_change': np.float64(0.025), 'degree_change': np.float64(0.06476190476190477), 'fraud_growth': np.float64(0.08484848484848487), 'clustering_change': np.float64(0.038262910798122066), 'feature_drift': np.float64(0.007840647381834995), 'variance_drift': np.float64(0.0011716300110994528), 'node_churn': np.float64(0.015137614678899083), 'structural_stability': np.float64(0.0)}"
296,22,423,0.0,0.0,0.0,0.0,0.0,3.5857351179753145,0.0,3,0.6,0.968,2.0,1.0,0,0.2685519776014957,"{'growth_rate': np.float64(0.030275229357798167), 'density_change': np.float64(0.025), 'degree_change': np.float64(0.06476190476190477), 'fraud_growth': np.float64(0.08484848484848487), 'clustering_change': np.float64(0.038262910798122066), 'feature_drift': np.float64(0.009094203145187375), 'variance_drift': np.float64(0.0011716300110994528), 'node_churn': np.float64(0.015137614678899083), 'structural_stability': np.float64(0.0)}"
298,21,222,0.0,0.0,0.0,0.0,0.0,4.453339797516766,0.0,2,0.4,0.9701,2.0,1.0,0,0.2708517604513492,"{'growth_rate': np.float64(0.030275229357798167), 'density_change': np.float64(0.025), 'degree_change': np.float64(0.06476190476190477), 'fraud_growth': np.float64(0.08484848484848487), 'clustering_change': np.float64(0.038262910798122066), 'feature_drift': np.float64(0.011393985995040873), 'variance_drift': np.float64(0.0011716300110994528), 'node_churn': np.float64(0.015137614678899083), 'structural_stability': np.float64(0.0)}"
299,21,230,0.0,0.0,0.0,0.0,0.0,23.93747972010813,0.0,3,0.6,0.8828,2.0,1.0,0,0.3224988894892011,"{'growth_rate': np.float64(0.030275229357798167), 'density_change': np.float64(0.025), 'degree_change': np.float64(0.06476190476190477), 'fraud_growth': np.float64(0.08484848484848487), 'clustering_change': np.float64(0.038262910798122066), 'feature_drift': np.float64(0.0630411150328928), 'variance_drift': np.float64(0.0011716300110994528), 'node_churn': np.float64(0.015137614678899083), 'structural_stability': np.float64(0.0)}"
299,22,44,0.0,0.0,0.0,0.0,0.0,6.416946296493283,0.0,3,0.6,0.8828,2.0,1.0,0,0.2760567445376428,"{'growth_rate': np.float64(0.030275229357798167), 'density_change': np.float64(0.025), 'degree_change': np.float64(0.06476190476190477), 'fraud_growth': np.float64(0.08484848484848487), 'clustering_change': np.float64(0.038262910798122066), 'feature_drift': np.float64(0.01659897008133442), 'variance_drift': np.float64(0.0011716300110994528), 'node_churn': np.float64(0.015137614678899083), 'structural_stability': np.float64(0.0)}"
300,21,130,0.0,0.0,0.0,0.0,0.0,4.730461062615481,0.0,3,0.6,0.9699,2.0,1.0,0,0.2715863331753467,"{'growth_rate': np.float64(0.030275229357798167), 'density_change': np.float64(0.025), 'degree_change': np.float64(0.06476190476190477), 'fraud_growth': np.float64(0.08484848484848487), 'clustering_change': np.float64(0.038262910798122066), 'feature_drift': np.float64(0.01212855871903836), 'variance_drift': np.float64(0.0011716300110994528), 'node_churn': np.float64(0.015137614678899083), 'structural_stability': np.float64(0.0)}"
300,22,287,0.0,0.0,0.0,0.0,0.0,3.822472250914414,0.0,3,0.6,0.9699,2.0,1.0,0,0.2691795030299484,"{'growth_rate': np.float64(0.030275229357798167), 'density_change': np.float64(0.025), 'degree_change': np.float64(0.06476190476190477), 'fraud_growth': np.float64(0.08484848484848487), 'clustering_change': np.float64(0.038262910798122066), 'feature_drift': np.float64(0.00972172857364009), 'variance_drift': np.float64(0.0011716300110994528), 'node_churn': np.float64(0.015137614678899083), 'structural_stability': np.float64(0.0)}"
301,21,40,0.0,0.0,0.0,0.0,0.0,5.368534712255101,0.0,3,0.6,0.9357333333333332,2.0,1.0,1,0.2732776920061453,"{'growth_rate': np.float64(0.030275229357798167), 'density_change': np.float64(0.025), 'degree_change': np.float64(0.06476190476190477), 'fraud_growth': np.float64(0.08484848484848487), 'clustering_change': np.float64(0.038262910798122066), 'feature_drift': np.float64(0.013819917549836965), 'variance_drift': np.float64(0.0011716300110994528), 'node_churn': np.float64(0.015137614678899083), 'structural_stability': np.float64(0.0)}"
301,22,331,0.0,0.0,0.0,0.0,0.0,3.6665109746697686,0.0,3,0.6,0.9357333333333332,2.0,1.0,1,0.2687660923178966,"{'growth_rate': np.float64(0.030275229357798167), 'density_change': np.float64(0.025), 'degree_change': np.float64(0.06476190476190477), 'fraud_growth': np.float64(0.08484848484848487), 'clustering_change': np.float64(0.038262910798122066), 'feature_drift': np.float64(0.009308317861588295), 'variance_drift': np.float64(0.0011716300110994528), 'node_churn': np.float64(0.015137614678899083), 'structural_stability': np.float64(0.0)}"
302,21,120,0.0,0.0,0.0,0.0,0.0,5.002891347221608,0.0,2,0.4,0.9501,2.0,1.0,1,0.2723084713923155,"{'growth_rate': np.float64(0.030275229357798167), 'density_change': np.float64(0.025), 'degree_change': np.float64(0.06476190476190477), 'fraud_growth': np.float64(0.08484848484848487), 'clustering_change': np.float64(0.038262910798122066), 'feature_drift': np.float64(0.01285069693600719), 'variance_drift': np.float64(0.0011716300110994528), 'node_churn': np.float64(0.015137614678899083), 'structural_stability': np.float64(0.0)}"
303,21,209,0.0,0.0,0.0,0.0,0.0,7.712656576025618,0.0,5,1.0,0.8930800000000001,2.0,1.0,0,0.2794913183124434,"{'growth_rate': np.float64(0.030275229357798167), 'density_change': np.float64(0.025), 'degree_change': np.float64(0.06476190476190477), 'fraud_growth': np.float64(0.08484848484848487), 'clustering_change': np.float64(0.038262910798122066), 'feature_drift': np.float64(0.02003354385613502), 'variance_drift': np.float64(0.0011716300110994528), 'node_churn': np.float64(0.015137614678899083), 'structural_stability': np.float64(0.0)}"
303,22,490,0.0,0.0,0.0,0.0,0.0,6.108466263960098,0.0,5,1.0,0.8930800000000001,2.0,1.0,0,0.2752390482929464,"{'growth_rate': np.float64(0.030275229357798167), 'density_change': np.float64(0.025), 'degree_change': np.float64(0.06476190476190477), 'fraud_growth': np.float64(0.08484848484848487), 'clustering_change': np.float64(0.038262910798122066), 'feature_drift': np.float64(0.01578127383663802), 'variance_drift': np.float64(0.0011716300110994528), 'node_churn': np.float64(0.015137614678899083), 'structural_stability': np.float64(0.0)}"
303,23,190,0.0,0.0,0.0,0.0,0.0,6.906883060289338,0.0,5,1.0,0.8930800000000001,2.0,1.0,0,0.2773554329765829,"{'growth_rate': np.float64(0.030275229357798167), 'density_change': np.float64(0.025), 'degree_change': np.float64(0.06476190476190477), 'fraud_growth': np.float64(0.08484848484848487), 'clustering_change': np.float64(0.038262910798122066), 'feature_drift': np.float64(0.017897658520274612), 'variance_drift': np.float64(0.0011716300110994528), 'node_churn': np.float64(0.015137614678899083), 'structural_stability': np.float64(0.0)}"
303,24,184,0.0,0.0,0.0,0.0,0.0,6.0819872868819465,0.0,5,1.0,0.8930800000000001,2.0,1.0,0,0.2751688597626145,"{'growth_rate': np.float64(0.030275229357798167), 'density_change': np.float64(0.025), 'degree_change': np.float64(0.06476190476190477), 'fraud_growth': np.float64(0.08484848484848487), 'clustering_change': np.float64(0.038262910798122066), 'feature_drift': np.float64(0.01571108530630623), 'variance_drift': np.float64(0.0011716300110994528), 'node_churn': np.float64(0.015137614678899083), 'structural_stability': np.float64(0.0)}"
304,21,201,0.0,0.0,0.0,0.0,0.0,2.625168976815017,0.0,4,0.8,0.95565,2.0,1.0,0,0.2660057793274639,"{'growth_rate': np.float64(0.030275229357798167), 'density_change': np.float64(0.025), 'degree_change': np.float64(0.06476190476190477), 'fraud_growth': np.float64(0.08484848484848487), 'clustering_change': np.float64(0.038262910798122066), 'feature_drift': np.float64(0.0065480048711555145), 'variance_drift': np.float64(0.0011716300110994528), 'node_churn': np.float64(0.015137614678899083), 'structural_stability': np.float64(0.0)}"
304,22,350,0.0,0.0,0.0,0.0,0.0,3.8124774671517945,0.0,4,0.8,0.95565,2.0,1.0,0,0.2691530095902203,"{'growth_rate': np.float64(0.030275229357798167), 'density_change': np.float64(0.025), 'degree_change': np.float64(0.06476190476190477), 'fraud_growth': np.float64(0.08484848484848487), 'clustering_change': np.float64(0.038262910798122066), 'feature_drift': np.float64(0.009695235133911968), 'variance_drift': np.float64(0.0011716300110994528), 'node_churn': np.float64(0.015137614678899083), 'structural_stability': np.float64(0.0)}"
304,23,78,0.0,0.0,0.0,0.0,0.0,3.5720853628882803,0.0,4,0.8,0.95565,2.0,1.0,0,0.2685157958318556,"{'growth_rate': np.float64(0.030275229357798167), 'density_change': np.float64(0.025), 'degree_change': np.float64(0.06476190476190477), 'fraud_growth': np.float64(0.08484848484848487), 'clustering_change': np.float64(0.038262910798122066), 'feature_drift': np.float64(0.00905802137554725), 'variance_drift': np.float64(0.0011716300110994528), 'node_churn': np.float64(0.015137614678899083), 'structural_stability': np.float64(0.0)}"
307,21,35,0.0,0.0,0.0,0.0,0.0,11.575942920174112,0.0,2,0.4,0.9642,2.0,1.0,0,0.2897318343998413,"{'growth_rate': np.float64(0.030275229357798167), 'density_change': np.float64(0.025), 'degree_change': np.float64(0.06476190476190477), 'fraud_growth': np.float64(0.08484848484848487), 'clustering_change': np.float64(0.038262910798122066), 'feature_drift': np.float64(0.03027405994353292), 'variance_drift': np.float64(0.0011716300110994528), 'node_churn': np.float64(0.015137614678899083), 'structural_stability': np.float64(0.0)}"
308,21,151,0.0,0.0,0.0,0.0,0.0,8.354675064483313,0.0,2,0.4,0.89505,2.0,1.0,0,0.2811931338326457,"{'growth_rate': np.float64(0.030275229357798167), 'density_change': np.float64(0.025), 'degree_change': np.float64(0.06476190476190477), 'fraud_growth': np.float64(0.08484848484848487), 'clustering_change': np.float64(0.038262910798122066), 'feature_drift': np.float64(0.021735359376337426), 'variance_drift': np.float64(0.0011716300110994528), 'node_churn': np.float64(0.015137614678899083), 'structural_stability': np.float64(0.0)}"
309,21,191,0.0,0.0,0.0,0.0,0.0,1.960230654354828,0.0,3,0.6,0.9894666666666666,2.0,1.0,0,0.2642432095923485,"{'growth_rate': np.float64(0.030275229357798167), 'density_change': np.float64(0.025), 'degree_change': np.float64(0.06476190476190477), 'fraud_growth': np.float64(0.08484848484848487), 'clustering_change': np.float64(0.038262910798122066), 'feature_drift': np.float64(0.004785435136040067), 'variance_drift': np.float64(0.0011716300110994528), 'node_churn': np.float64(0.015137614678899083), 'structural_stability': np.float64(0.0)}"
309,22,468,0.0,0.0,0.0,0.0,0.0,0.8273257341336456,0.0,3,0.6,0.9894666666666666,2.0,1.0,0,0.2612401883230114,"{'growth_rate': np.float64(0.030275229357798167), 'density_change': np.float64(0.025), 'degree_change': np.float64(0.06476190476190477), 'fraud_growth': np.float64(0.08484848484848487), 'clustering_change': np.float64(0.038262910798122066), 'feature_drift': np.float64(0.0017824138667030297), 'variance_drift': np.float64(0.0011716300110994528), 'node_churn': np.float64(0.015137614678899083), 'structural_stability': np.float64(0.0)}"
310,21,135,0.0,0.0,0.0,0.0,0.0,4.738705812970124,0.0,3,0.6,0.9209333333333332,2.0,1.0,0,0.2716081877548736,"{'growth_rate': np.float64(0.030275229357798167), 'density_change': np.float64(0.025), 'degree_change': np.float64(0.06476190476190477), 'fraud_growth': np.float64(0.08484848484848487), 'clustering_change': np.float64(0.038262910798122066), 'feature_drift': np.float64(0.012150413298565239), 'variance_drift': np.float64(0.0011716300110994528), 'node_churn': np.float64(0.015137614678899083), 'structural_stability': np.float64(0.0)}"
310,22,336,0.0,0.0,0.0,0.0,0.0,16.484734917113602,0.0,3,0.6,0.9209333333333332,2.0,1.0,0,0.3027437001887926,"{'growth_rate': np.float64(0.030275229357798167), 'density_change': np.float64(0.025), 'degree_change': np.float64(0.06476190476190477), 'fraud_growth': np.float64(0.08484848484848487), 'clustering_change': np.float64(0.038262910798122066), 'feature_drift': np.float64(0.04328592573248431), 'variance_drift': np.float64(0.0011716300110994528), 'node_churn': np.float64(0.015137614678899083), 'structural_stability': np.float64(0.0)}"
311,21,2,0.0,0.0,0.0,0.0,0.0,9.408138448937445,0.0,2,0.4,0.97515,2.0,1.0,0,0.2839855773056302,"{'growth_rate': np.float64(0.030275229357798167), 'density_change': np.float64(0.025), 'degree_change': np.float64(0.06476190476190477), 'fraud_growth': np.float64(0.08484848484848487), 'clustering_change': np.float64(0.038262910798122066), 'feature_drift': np.float64(0.02452780284932181), 'variance_drift': np.float64(0.0011716300110994528), 'node_churn': np.float64(0.015137614678899083), 'structural_stability': np.float64(0.0)}"
312,21,157,0.0,0.0,0.0,0.0,0.0,0.5877457808292513,0.0,3,0.6,0.9967666666666668,2.0,1.0,1,0.2606051273548417,"{'growth_rate': np.float64(0.030275229357798167), 'density_change': np.float64(0.025), 'degree_change': np.float64(0.06476190476190477), 'fraud_growth': np.float64(0.08484848484848487), 'clustering_change': np.float64(0.038262910798122066), 'feature_drift': np.float64(0.0011473528985333392), 'variance_drift': np.float64(0.0011716300110994528), 'node_churn': np.float64(0.015137614678899083), 'structural_stability': np.float64(0.0)}"
312,22,425,0.0,0.0,0.0,0.0,0.0,0.5971833896921898,0.0,3,0.6,0.9967666666666668,2.0,1.0,1,0.2606301438762119,"{'growth_rate': np.float64(0.030275229357798167), 'density_change': np.float64(0.025), 'degree_change': np.float64(0.06476190476190477), 'fraud_growth': np.float64(0.08484848484848487), 'clustering_change': np.float64(0.038262910798122066), 'feature_drift': np.float64(0.0011723694199035127), 'variance_drift': np.float64(0.0011716300110994528), 'node_churn': np.float64(0.015137614678899083), 'structural_stability': np.float64(0.0)}"
314,21,159,0.0,0.0,0.0,0.0,0.0,9.684383255248251,0.0,5,1.0,0.93406,2.0,1.0,0,0.2847178267769567,"{'growth_rate': np.float64(0.030275229357798167), 'density_change': np.float64(0.025), 'degree_change': np.float64(0.06476190476190477), 'fraud_growth': np.float64(0.08484848484848487), 'clustering_change': np.float64(0.038262910798122066), 'feature_drift': np.float64(0.02526005232064839), 'variance_drift': np.float64(0.0011716300110994528), 'node_churn': np.float64(0.015137614678899083), 'structural_stability': np.float64(0.0)}"
314,22,152,0.0,0.0,0.0,0.0,0.0,1.498748371819811,0.0,5,1.0,0.93406,2.0,1.0,0,0.2630199462053342,"{'growth_rate': np.float64(0.030275229357798167), 'density_change': np.float64(0.025), 'degree_change': np.float64(0.06476190476190477), 'fraud_growth': np.float64(0.08484848484848487), 'clustering_change': np.float64(0.038262910798122066), 'feature_drift': np.float64(0.003562171749025827), 'variance_drift': np.float64(0.0011716300110994528), 'node_churn': np.float64(0.015137614678899083), 'structural_stability': np.float64(0.0)}"
314,23,183,0.0,0.0,0.0,0.0,0.0,1.7294778193969151,0.0,5,1.0,0.93406,2.0,1.0,0,0.2636315469020645,"{'growth_rate': np.float64(0.030275229357798167), 'density_change': np.float64(0.025), 'degree_change': np.float64(0.06476190476190477), 'fraud_growth': np.float64(0.08484848484848487), 'clustering_change': np.float64(0.038262910798122066), 'feature_drift': np.float64(0.0041737724457561), 'variance_drift': np.float64(0.0011716300110994528), 'node_churn': np.float64(0.015137614678899083), 'structural_stability': np.float64(0.0)}"
314,24,163,0.0,0.0,0.0,0.0,0.0,2.337755985634072,0.0,5,1.0,0.93406,2.0,1.0,0,0.2652439260508167,"{'growth_rate': np.float64(0.030275229357798167), 'density_change': np.float64(0.025), 'degree_change': np.float64(0.06476190476190477), 'fraud_growth': np.float64(0.08484848484848487), 'clustering_change': np.float64(0.038262910798122066), 'feature_drift': np.float64(0.005786151594508391), 'variance_drift': np.float64(0.0011716300110994528), 'node_churn': np.float64(0.015137614678899083), 'structural_stability': np.float64(0.0)}"
315,21,81,0.0,0.0,0.0,0.0,0.0,1.3907444102476525,0.0,2,0.4,0.9908,2.0,1.0,1,0.2627336572255754,"{'growth_rate': np.float64(0.030275229357798167), 'density_change': np.float64(0.025), 'degree_change': np.float64(0.06476190476190477), 'fraud_growth': np.float64(0.08484848484848487), 'clustering_change': np.float64(0.038262910798122066), 'feature_drift': np.float64(0.0032758827692670233), 'variance_drift': np.float64(0.0011716300110994528), 'node_churn': np.float64(0.015137614678899083), 'structural_stability': np.float64(0.0)}"
316,21,168,0.0,0.0,0.0,0.0,0.0,0.3435333544096102,0.0,3,0.6,0.9992666666666666,2.0,1.0,1,0.259957786966708,"{'growth_rate': np.float64(0.030275229357798167), 'density_change': np.float64(0.025), 'degree_change': np.float64(0.06476190476190477), 'fraud_growth': np.float64(0.08484848484848487), 'clustering_change': np.float64(0.038262910798122066), 'feature_drift': np.float64(0.0005000125103996129), 'variance_drift': np.float64(0.0011716300110994528), 'node_churn': np.float64(0.015137614678899083), 'structural_stability': np.float64(0.0)}"
316,22,449,0.0,0.0,0.0,0.0,0.0,0.2129788696472906,0.0,3,0.6,0.9992666666666666,2.0,1.0,1,0.2596117227140503,"{'growth_rate': np.float64(0.030275229357798167), 'density_change': np.float64(0.025), 'degree_change': np.float64(0.06476190476190477), 'fraud_growth': np.float64(0.08484848484848487), 'clustering_change': np.float64(0.038262910798122066), 'feature_drift': np.float64(0.000153948257741905), 'variance_drift': np.float64(0.0011716300110994528), 'node_churn': np.float64(0.015137614678899083), 'structural_stability': np.float64(0.0)}"
317,21,144,0.5,-0.3333333333333333,0.3333333333333332,0.0,0.0,9.70306259216284,-0.838222797645046,4,0.8,0.8690249999999999,2.5,0.8181818181818181,0,0.3381282205766145,"{'growth_rate': np.float64(0.04583333333333334), 'density_change': np.float64(0.016666666666666666), 'degree_change': np.float64(0.08634920634920636), 'fraud_growth': np.float64(0.08484848484848487), 'clustering_change': np.float64(0.038262910798122066), 'feature_drift': np.float64(0.0253095661369011), 'variance_drift': np.float64(0.00018954302539077314), 'node_churn': np.float64(0.02291666666666667), 'structural_stability': np.float64(0.017751842751842762)}"
317,22,344,0.0,0.0,0.0,0.0,0.0,17.944404708837165,4.278209131882506,4,0.8,0.8690249999999999,2.0,1.0,0,0.311625364025533,"{'growth_rate': np.float64(0.030275229357798167), 'density_change': np.float64(0.025), 'degree_change': np.float64(0.06476190476190477), 'fraud_growth': np.float64(0.08484848484848487), 'clustering_change': np.float64(0.038262910798122066), 'feature_drift': np.float64(0.047155111356551364), 'variance_drift': np.float64(0.006184108223772734), 'node_churn': np.float64(0.015137614678899083), 'structural_stability': np.float64(0.0)}"
317,23,112,0.0,0.0,0.0,0.0,0.0,12.699883407601344,-0.223206443131218,4,0.8,0.8690249999999999,2.0,1.0,0,0.2924495780407833,"{'growth_rate': np.float64(0.030275229357798167), 'density_change': np.float64(0.025), 'degree_change': np.float64(0.06476190476190477), 'fraud_growth': np.float64(0.08484848484848487), 'clustering_change': np.float64(0.038262910798122066), 'feature_drift': np.float64(0.03325331895191824), 'variance_drift': np.float64(0.0009101146436561545), 'node_churn': np.float64(0.015137614678899083), 'structural_stability': np.float64(0.0)}"
318,21,178,0.0,0.0,0.0,0.0,0.0,4.117219745252599,0.0,3,0.6,0.9463666666666668,2.0,1.0,0,0.2699607980696138,"{'growth_rate': np.float64(0.030275229357798167), 'density_change': np.float64(0.025), 'degree_change': np.float64(0.06476190476190477), 'fraud_growth': np.float64(0.08484848484848487), 'clustering_change': np.float64(0.038262910798122066), 'feature_drift': np.float64(0.010503023613305514), 'variance_drift': np.float64(0.0011716300110994528), 'node_churn': np.float64(0.015137614678899083), 'structural_stability': np.float64(0.0)}"
318,22,463,0.0,0.0,0.0,0.0,0.0,5.964826131576957,0.0,3,0.6,0.9463666666666668,2.0,1.0,0,0.2748582975653453,"{'growth_rate': np.float64(0.030275229357798167), 'density_change': np.float64(0.025), 'degree_change': np.float64(0.06476190476190477), 'fraud_growth': np.float64(0.08484848484848487), 'clustering_change': np.float64(0.038262910798122066), 'feature_drift': np.float64(0.015400523109037027), 'variance_drift': np.float64(0.0011716300110994528), 'node_churn': np.float64(0.015137614678899083), 'structural_stability': np.float64(0.0)}"
319,21,72,0.0,0.0,0.0,0.0,0.0,1.0340224385411552,0.0,3,0.6,0.9951,2.0,1.0,1,0.2617880847868351,"{'growth_rate': np.float64(0.030275229357798167), 'density_change': np.float64(0.025), 'degree_change': np.float64(0.06476190476190477), 'fraud_growth': np.float64(0.08484848484848487), 'clustering_change': np.float64(0.038262910798122066), 'feature_drift': np.float64(0.002330310330526699), 'variance_drift': np.float64(0.0011716300110994528), 'node_churn': np.float64(0.015137614678899083), 'structural_stability': np.float64(0.0)}"
319,22,473,0.0,0.0,0.0,0.0,0.0,0.2367922087315784,0.0,3,0.6,0.9951,2.0,1.0,1,0.2596748453666998,"{'growth_rate': np.float64(0.030275229357798167), 'density_change': np.float64(0.025), 'degree_change': np.float64(0.06476190476190477), 'fraud_growth': np.float64(0.08484848484848487), 'clustering_change': np.float64(0.038262910798122066), 'feature_drift': np.float64(0.00021707091039142263), 'variance_drift': np.float64(0.0011716300110994528), 'node_churn': np.float64(0.015137614678899083), 'structural_stability': np.float64(0.0)}"
320,21,186,0.0,0.0,0.0,0.0,0.0,11.042347329192662,0.0,3,0.6,0.9264,2.0,1.0,0,0.2883174183439653,"{'growth_rate': np.float64(0.030275229357798167), 'density_change': np.float64(0.025), 'degree_change': np.float64(0.06476190476190477), 'fraud_growth': np.float64(0.08484848484848487), 'clustering_change': np.float64(0.038262910798122066), 'feature_drift': np.float64(0.02885964388765692), 'variance_drift': np.float64(0.0011716300110994528), 'node_churn': np.float64(0.015137614678899083), 'structural_stability': np.float64(0.0)}"
320,22,262,0.0,0.0,0.0,0.0,0.0,11.048331024230638,0.0,3,0.6,0.9264,2.0,1.0,0,0.2883332794838963,"{'growth_rate': np.float64(0.030275229357798167), 'density_change': np.float64(0.025), 'degree_change': np.float64(0.06476190476190477), 'fraud_growth': np.float64(0.08484848484848487), 'clustering_change': np.float64(0.038262910798122066), 'feature_drift': np.float64(0.02887550502758803), 'variance_drift': np.float64(0.0011716300110994528), 'node_churn': np.float64(0.015137614678899083), 'structural_stability': np.float64(0.0)}"
321,21,36,0.0,0.0,0.0,0.0,0.0,3.849804812445484,0.0,5,1.0,0.93794,2.0,1.0,0,0.2692519541793416,"{'growth_rate': np.float64(0.030275229357798167), 'density_change': np.float64(0.025), 'degree_change': np.float64(0.06476190476190477), 'fraud_growth': np.float64(0.08484848484848487), 'clustering_change': np.float64(0.038262910798122066), 'feature_drift': np.float64(0.009794179723033316), 'variance_drift': np.float64(0.0011716300110994528), 'node_churn': np.float64(0.015137614678899083), 'structural_stability': np.float64(0.0)}"
321,22,244,0.0,0.0,0.0,0.0,0.0,3.1885471821287266,0.0,5,1.0,0.93794,2.0,1.0,0,0.2674991409529987,"{'growth_rate': np.float64(0.030275229357798167), 'density_change': np.float64(0.025), 'degree_change': np.float64(0.06476190476190477), 'fraud_growth': np.float64(0.08484848484848487), 'clustering_change': np.float64(0.038262910798122066), 'feature_drift': np.float64(0.008041366496690421), 'variance_drift': np.float64(0.0011716300110994528), 'node_churn': np.float64(0.015137614678899083), 'structural_stability': np.float64(0.0)}"
321,23,45,0.0,0.0,0.0,0.0,0.0,3.769187997021672,0.0,5,1.0,0.93794,2.0,1.0,0,0.269038261037876,"{'growth_rate': np.float64(0.030275229357798167), 'density_change': np.float64(0.025), 'degree_change': np.float64(0.06476190476190477), 'fraud_growth': np.float64(0.08484848484848487), 'clustering_change': np.float64(0.038262910798122066), 'feature_drift': np.float64(0.009580486581567692), 'variance_drift': np.float64(0.0011716300110994528), 'node_churn': np.float64(0.015137614678899083), 'structural_stability': np.float64(0.0)}"
321,24,245,0.0,0.0,0.0,0.0,0.0,4.727242186182034,0.0,5,1.0,0.93794,2.0,1.0,0,0.2715778008137862,"{'growth_rate': np.float64(0.030275229357798167), 'density_change': np.float64(0.025), 'degree_change': np.float64(0.06476190476190477), 'fraud_growth': np.float64(0.08484848484848487), 'clustering_change': np.float64(0.038262910798122066), 'feature_drift': np.float64(0.012120026357477847), 'variance_drift': np.float64(0.0011716300110994528), 'node_churn': np.float64(0.015137614678899083), 'structural_stability': np.float64(0.0)}"
322,21,124,0.0,0.0,0.0,0.0,0.0,5.563700292412469,0.0,3,0.6,0.9229,2.0,1.0,0,0.2737950226115598,"{'growth_rate': np.float64(0.030275229357798167), 'density_change': np.float64(0.025), 'degree_change': np.float64(0.06476190476190477), 'fraud_growth': np.float64(0.08484848484848487), 'clustering_change': np.float64(0.038262910798122066), 'feature_drift': np.float64(0.014337248155251454), 'variance_drift': np.float64(0.0011716300110994528), 'node_churn': np.float64(0.015137614678899083), 'structural_stability': np.float64(0.0)}"
322,22,437,0.0,0.0,0.0,0.0,0.0,3.102778107530458,0.0,3,0.6,0.9229,2.0,1.0,0,0.2672717905808072,"{'growth_rate': np.float64(0.030275229357798167), 'density_change': np.float64(0.025), 'degree_change': np.float64(0.06476190476190477), 'fraud_growth': np.float64(0.08484848484848487), 'clustering_change': np.float64(0.038262910798122066), 'feature_drift': np.float64(0.007814016124498844), 'variance_drift': np.float64(0.0011716300110994528), 'node_churn': np.float64(0.015137614678899083), 'structural_stability': np.float64(0.0)}"
323,21,228,0.0,0.0,0.0,0.0,0.0,5.492121592768778,0.0,4,0.8,0.939975,2.0,1.0,0,0.2736052870445013,"{'growth_rate': np.float64(0.030275229357798167), 'density_change': np.float64(0.025), 'degree_change': np.float64(0.06476190476190477), 'fraud_growth': np.float64(0.08484848484848487), 'clustering_change': np.float64(0.038262910798122066), 'feature_drift': np.float64(0.01414751258819299), 'variance_drift': np.float64(0.0011716300110994528), 'node_churn': np.float64(0.015137614678899083), 'structural_stability': np.float64(0.0)}"
323,22,104,0.0,0.0,0.0,0.0,0.0,5.039847043546253,0.0,4,0.8,0.939975,2.0,1.0,0,0.2724064308416084,"{'growth_rate': np.float64(0.030275229357798167), 'density_change': np.float64(0.025), 'degree_change': np.float64(0.06476190476190477), 'fraud_growth': np.float64(0.08484848484848487), 'clustering_change': np.float64(0.038262910798122066), 'feature_drift': np.float64(0.012948656385300078), 'variance_drift': np.float64(0.0011716300110994528), 'node_churn': np.float64(0.015137614678899083), 'structural_stability': np.float64(0.0)}"
323,23,15,0.0,0.0,0.0,0.0,0.0,6.586586630843269,0.0,4,0.8,0.939975,2.0,1.0,0,0.2765064146936263,"{'growth_rate': np.float64(0.030275229357798167), 'density_change': np.float64(0.025), 'degree_change': np.float64(0.06476190476190477), 'fraud_growth': np.float64(0.08484848484848487), 'clustering_change': np.float64(0.038262910798122066), 'feature_drift': np.float64(0.017048640237318027), 'variance_drift': np.float64(0.0011716300110994528), 'node_churn': np.float64(0.015137614678899083), 'structural_stability': np.float64(0.0)}"
324,21,167,0.0,0.0,0.0,0.0,0.0,5.721827334615478,0.0,2,0.4,0.9214,2.0,1.0,1,0.2742141741771654,"{'growth_rate': np.float64(0.030275229357798167), 'density_change': np.float64(0.025), 'degree_change': np.float64(0.06476190476190477), 'fraud_growth': np.float64(0.08484848484848487), 'clustering_change': np.float64(0.038262910798122066), 'feature_drift': np.float64(0.01475639972085705), 'variance_drift': np.float64(0.0011716300110994528), 'node_churn': np.float64(0.015137614678899083), 'structural_stability': np.float64(0.0)}"
325,21,80,0.0,0.0,0.0,0.0,0.0,3.8964299514078538,0.0,3,0.6,0.9986333333333332,2.0,1.0,0,0.269375544677971,"{'growth_rate': np.float64(0.030275229357798167), 'density_change': np.float64(0.025), 'degree_change': np.float64(0.06476190476190477), 'fraud_growth': np.float64(0.08484848484848487), 'clustering_change': np.float64(0.038262910798122066), 'feature_drift': np.float64(0.009917770221662675), 'variance_drift': np.float64(0.0011716300110994528), 'node_churn': np.float64(0.015137614678899083), 'structural_stability': np.float64(0.0)}"
325,22,393,0.0,0.0,0.0,0.0,0.0,2.3326830085413524,0.0,3,0.6,0.9986333333333332,2.0,1.0,0,0.2652304789752181,"{'growth_rate': np.float64(0.030275229357798167), 'density_change': np.float64(0.025), 'degree_change': np.float64(0.06476190476190477), 'fraud_growth': np.float64(0.08484848484848487), 'clustering_change': np.float64(0.038262910798122066), 'feature_drift': np.float64(0.005772704518909741), 'variance_drift': np.float64(0.0011716300110994528), 'node_churn': np.float64(0.015137614678899083), 'structural_stability': np.float64(0.0)}"
326,21,211,0.0,0.0,0.0,0.0,0.0,4.097947099857531,0.0,3,0.6,0.9464,2.0,1.0,0,0.2699097115547574,"{'growth_rate': np.float64(0.030275229357798167), 'density_change': np.float64(0.025), 'degree_change': np.float64(0.06476190476190477), 'fraud_growth': np.float64(0.08484848484848487), 'clustering_change': np.float64(0.038262910798122066), 'feature_drift': np.float64(0.010451937098449106), 'variance_drift': np.float64(0.0011716300110994528), 'node_churn': np.float64(0.015137614678899083), 'structural_stability': np.float64(0.0)}"
326,22,516,0.0,0.0,0.0,0.0,0.0,5.099500602069379,0.0,3,0.6,0.9464,2.0,1.0,0,0.2725645561192368,"{'growth_rate': np.float64(0.030275229357798167), 'density_change': np.float64(0.025), 'degree_change': np.float64(0.06476190476190477), 'fraud_growth': np.float64(0.08484848484848487), 'clustering_change': np.float64(0.038262910798122066), 'feature_drift': np.float64(0.013106781662928509), 'variance_drift': np.float64(0.0011716300110994528), 'node_churn': np.float64(0.015137614678899083), 'structural_stability': np.float64(0.0)}"
330,22,10,5.454545454545454,-0.857981220657277,-0.132394366197183,0.0,-0.8889141299409359,3.227807607134796,0.6734166381733098,3,0.6,0.8232666666666666,7.454545454545454,0.6148435887447835,0,0.4965480750634397,"{'growth_rate': np.float64(0.2), 'density_change': np.float64(0.003550469483568075), 'degree_change': np.float64(0.056187793427230064), 'fraud_growth': np.float64(0.08484848484848487), 'clustering_change': np.float64(0.004250468737001749), 'feature_drift': np.float64(0.008145435151731144), 'variance_drift': np.float64(0.001960625154357004), 'node_churn': np.float64(0.1), 'structural_stability': np.float64(0.037604798261066746)}"
330,23,2,-0.2253521126760563,0.2604836241199876,-0.0548701298701298,0.0,0.3067484662576688,2.8697595025576224,-0.1978290215708398,3,0.6,0.8232666666666666,1.7746478873239435,0.8282482982478533,1,0.2873688710246657,"{'growth_rate': np.float64(0.023263126157556966), 'density_change': np.float64(0.03151209060299969), 'degree_change': np.float64(0.06120841063698207), 'fraud_growth': np.float64(0.08484848484848487), 'clustering_change': np.float64(0.05), 'feature_drift': np.float64(0.007196347497242768), 'variance_drift': np.float64(0.0009398475923606159), 'node_churn': np.float64(0.011631563078778485), 'structural_stability': np.float64(0.016769000610260272)}"
331,22,156,0.0,0.0,0.0,0.0,0.0,10.27799601543747,-0.9246820148311146,2,0.4,0.83115,2.0,1.0,1,0.2852079467436949,"{'growth_rate': np.float64(0.030275229357798167), 'density_change': np.float64(0.025), 'degree_change': np.float64(0.06476190476190477), 'fraud_growth': np.float64(0.08484848484848487), 'clustering_change': np.float64(0.038262910798122066), 'feature_drift': np.float64(0.02683355748668656), 'variance_drift': np.float64(8.824481179940967e-05), 'node_churn': np.float64(0.015137614678899083), 'structural_stability': np.float64(0.0)}"
332,22,40,-0.1951219512195122,0.1234687298517085,-0.1357048748353095,0.2424242424242424,-1.0,5.000742396408305,-0.527400049553475,2,0.4,0.88205,1.804878048780488,0.7043619909502263,1,0.2680469624635112,"{'growth_rate': np.float64(0.02420377414783323), 'density_change': np.float64(0.028086718246292715), 'degree_change': np.float64(0.05597339858209425), 'fraud_growth': np.float64(0.10541781450872362), 'clustering_change': np.float64(0.0), 'feature_drift': np.float64(0.012845000654806605), 'variance_drift': np.float64(0.0005537122851872631), 'node_churn': np.float64(0.012101887073916615), 'structural_stability': np.float64(0.028864656964656954)}"
333,22,532,0.0,0.0,0.0,0.0,0.0,4.576110304490178,0.0,4,0.8,0.9091,2.0,1.0,0,0.2711771915066018,"{'growth_rate': np.float64(0.030275229357798167), 'density_change': np.float64(0.025), 'degree_change': np.float64(0.06476190476190477), 'fraud_growth': np.float64(0.08484848484848487), 'clustering_change': np.float64(0.038262910798122066), 'feature_drift': np.float64(0.011719417050293479), 'variance_drift': np.float64(0.0011716300110994528), 'node_churn': np.float64(0.015137614678899083), 'structural_stability': np.float64(0.0)}"
333,23,185,0.0,0.0,0.0,0.0,0.0,6.228552909515448,0.0,4,0.8,0.9091,2.0,1.0,0,0.2755573651652004,"{'growth_rate': np.float64(0.030275229357798167), 'density_change': np.float64(0.025), 'degree_change': np.float64(0.06476190476190477), 'fraud_growth': np.float64(0.08484848484848487), 'clustering_change': np.float64(0.038262910798122066), 'feature_drift': np.float64(0.01609959070889209), 'variance_drift': np.float64(0.0011716300110994528), 'node_churn': np.float64(0.015137614678899083), 'structural_stability': np.float64(0.0)}"
333,24,173,0.0,0.0,0.0,0.0,0.0,4.32284065468692,0.0,4,0.8,0.9091,2.0,1.0,0,0.270505842895027,"{'growth_rate': np.float64(0.030275229357798167), 'density_change': np.float64(0.025), 'degree_change': np.float64(0.06476190476190477), 'fraud_growth': np.float64(0.08484848484848487), 'clustering_change': np.float64(0.038262910798122066), 'feature_drift': np.float64(0.011048068438718698), 'variance_drift': np.float64(0.0011716300110994528), 'node_churn': np.float64(0.015137614678899083), 'structural_stability': np.float64(0.0)}"
337,22,278,0.0,0.0,0.0,0.0,0.0,0.2368590929124939,0.0,2,0.4,0.99955,2.0,1.0,1,0.2596750226583809,"{'growth_rate': np.float64(0.030275229357798167), 'density_change': np.float64(0.025), 'degree_change': np.float64(0.06476190476190477), 'fraud_growth': np.float64(0.08484848484848487), 'clustering_change': np.float64(0.038262910798122066), 'feature_drift': np.float64(0.00021724820207255695), 'variance_drift': np.float64(0.0011716300110994528), 'node_churn': np.float64(0.015137614678899083), 'structural_stability': np.float64(0.0)}"
339,22,347,0.0,0.0,0.0,0.0,0.0,11.847798038255869,0.0,4,0.8,0.8926499999999999,2.0,1.0,0,0.290452448007573,"{'growth_rate': np.float64(0.030275229357798167), 'density_change': np.float64(0.025), 'degree_change': np.float64(0.06476190476190477), 'fraud_growth': np.float64(0.08484848484848487), 'clustering_change': np.float64(0.038262910798122066), 'feature_drift': np.float64(0.03099467355126468), 'variance_drift': np.float64(0.0011716300110994528), 'node_churn': np.float64(0.015137614678899083), 'structural_stability': np.float64(0.0)}"
339,23,160,0.0,0.0,0.0,0.0,0.0,11.4356439618708,0.0,4,0.8,0.8926499999999999,2.0,1.0,0,0.2893599402114318,"{'growth_rate': np.float64(0.030275229357798167), 'density_change': np.float64(0.025), 'degree_change': np.float64(0.06476190476190477), 'fraud_growth': np.float64(0.08484848484848487), 'clustering_change': np.float64(0.038262910798122066), 'feature_drift': np.float64(0.029902165755123514), 'variance_drift': np.float64(0.0011716300110994528), 'node_churn': np.float64(0.015137614678899083), 'structural_stability': np.float64(0.0)}"
339,24,214,0.0,0.0,0.0,0.0,0.0,4.96393382873231,0.0,4,0.8,0.8926499999999999,2.0,1.0,0,0.2722052056596527,"{'growth_rate': np.float64(0.030275229357798167), 'density_change': np.float64(0.025), 'degree_change': np.float64(0.06476190476190477), 'fraud_growth': np.float64(0.08484848484848487), 'clustering_change': np.float64(0.038262910798122066), 'feature_drift': np.float64(0.012747431203344373), 'variance_drift': np.float64(0.0011716300110994528), 'node_churn': np.float64(0.015137614678899083), 'structural_stability': np.float64(0.0)}"
342,22,379,0.0,0.0,0.0,0.0,0.0,8.56029530674547,0.0,2,0.4,0.9622,2.0,1.0,0,0.2817381768895679,"{'growth_rate': np.float64(0.030275229357798167), 'density_change': np.float64(0.025), 'degree_change': np.float64(0.06476190476190477), 'fraud_growth': np.float64(0.08484848484848487), 'clustering_change': np.float64(0.038262910798122066), 'feature_drift': np.float64(0.02228040243325957), 'variance_drift': np.float64(0.0011716300110994528), 'node_churn': np.float64(0.015137614678899083), 'structural_stability': np.float64(0.0)}"
349,22,161,0.0,0.0,0.0,0.0,0.0,3.49316036670025,0.0,2,0.4,0.9825,2.0,1.0,0,0.2683065872407333,"{'growth_rate': np.float64(0.030275229357798167), 'density_change': np.float64(0.025), 'degree_change': np.float64(0.06476190476190477), 'fraud_growth': np.float64(0.08484848484848487), 'clustering_change': np.float64(0.038262910798122066), 'feature_drift': np.float64(0.008848812784424946), 'variance_drift': np.float64(0.0011716300110994528), 'node_churn': np.float64(0.015137614678899083), 'structural_stability': np.float64(0.0)}"
353,22,84,-0.25,0.3333333333333332,-0.111111111111111,0.0,0.0,15.042836655419604,1.2756575523976603,2,0.4,0.8443499999999999,1.75,0.8709677419354839,0,0.3024832908141811,"{'growth_rate': np.float64(0.022496177370030585), 'density_change': np.float64(0.03333333333333333), 'degree_change': np.float64(0.05756613756613758), 'fraud_growth': np.float64(0.08484848484848487), 'clustering_change': np.float64(0.038262910798122066), 'feature_drift': np.float64(0.039463847576762474), 'variance_drift': np.float64(0.0026662286833742245), 'node_churn': np.float64(0.011248088685015293), 'structural_stability': np.float64(0.012598081952920665)}"
356,22,155,0.0,0.0,0.0,0.0,0.0,9.945654580045192,0.0,4,0.8,0.8804000000000001,2.0,1.0,0,0.28541038564172,"{'growth_rate': np.float64(0.030275229357798167), 'density_change': np.float64(0.025), 'degree_change': np.float64(0.06476190476190477), 'fraud_growth': np.float64(0.08484848484848487), 'clustering_change': np.float64(0.038262910798122066), 'feature_drift': np.float64(0.02595261118541164), 'variance_drift': np.float64(0.0011716300110994528), 'node_churn': np.float64(0.015137614678899083), 'structural_stability': np.float64(0.0)}"
356,23,19,0.0,0.0,0.0,0.0,0.0,12.24237928443064,0.0,4,0.8,0.8804000000000001,2.0,1.0,0,0.2914983750342762,"{'growth_rate': np.float64(0.030275229357798167), 'density_change': np.float64(0.025), 'degree_change': np.float64(0.06476190476190477), 'fraud_growth': np.float64(0.08484848484848487), 'clustering_change': np.float64(0.038262910798122066), 'feature_drift': np.float64(0.032040600577967863), 'variance_drift': np.float64(0.0011716300110994528), 'node_churn': np.float64(0.015137614678899083), 'structural_stability': np.float64(0.0)}"
356,24,42,0.0,0.0,0.0,0.0,0.0,12.743478266184292,0.0,4,0.8,0.8804000000000001,2.0,1.0,0,0.2928266514618828,"{'growth_rate': np.float64(0.030275229357798167), 'density_change': np.float64(0.025), 'degree_change': np.float64(0.06476190476190477), 'fraud_growth': np.float64(0.08484848484848487), 'clustering_change': np.float64(0.038262910798122066), 'feature_drift': np.float64(0.033368877005574483), 'variance_drift': np.float64(0.0011716300110994528), 'node_churn': np.float64(0.015137614678899083), 'structural_stability': np.float64(0.0)}"
357,22,180,-0.2,0.2499999999999999,-0.0625,0.0,0.0,6.960283620312601,2.0037919893941853,2,0.4,0.8339,1.8,0.9056603773584904,0,0.2819230664674518,"{'growth_rate': np.float64(0.024051987767584104), 'density_change': np.float64(0.03125), 'degree_change': np.float64(0.06071428571428572), 'fraud_growth': np.float64(0.08484848484848487), 'clustering_change': np.float64(0.038262910798122066), 'feature_drift': np.float64(0.01803920880810729), 'variance_drift': np.float64(0.003519332841874357), 'node_churn': np.float64(0.012025993883792052), 'structural_stability': np.float64(0.009210861805201443)}"
358,22,95,0.0,0.0,0.0,0.0,0.0,10.067036183390604,0.0,2,0.4,0.96875,2.0,1.0,0,0.2857321350931049,"{'growth_rate': np.float64(0.030275229357798167), 'density_change': np.float64(0.025), 'degree_change': np.float64(0.06476190476190477), 'fraud_growth': np.float64(0.08484848484848487), 'clustering_change': np.float64(0.038262910798122066), 'feature_drift': np.float64(0.026274360636796616), 'variance_drift': np.float64(0.0011716300110994528), 'node_churn': np.float64(0.015137614678899083), 'structural_stability': np.float64(0.0)}"
361,22,255,0.0,0.0,0.0,0.0,0.0,11.249516665171065,-0.4630600029738405,4,0.8,0.834275,2.0,1.0,0,0.2883240326284678,"{'growth_rate': np.float64(0.030275229357798167), 'density_change': np.float64(0.025), 'degree_change': np.float64(0.06476190476190477), 'fraud_growth': np.float64(0.08484848484848487), 'clustering_change': np.float64(0.038262910798122066), 'feature_drift': np.float64(0.02940879316858343), 'variance_drift': np.float64(0.0006290950146754994), 'node_churn': np.float64(0.015137614678899083), 'structural_stability': np.float64(0.0)}"
361,23,143,0.0,0.0,0.0,0.0,0.0,9.55214252189654,0.5364605827252018,4,0.8,0.834275,2.0,1.0,0,0.2849958260587094,"{'growth_rate': np.float64(0.030275229357798167), 'density_change': np.float64(0.025), 'degree_change': np.float64(0.06476190476190477), 'fraud_growth': np.float64(0.08484848484848487), 'clustering_change': np.float64(0.038262910798122066), 'feature_drift': np.float64(0.024909518283908232), 'variance_drift': np.float64(0.0018001633295922), 'node_churn': np.float64(0.015137614678899083), 'structural_stability': np.float64(0.0)}"
361,24,94,0.0,0.0,0.0,0.0,0.0,9.196030204684288,-0.3673775922491746,4,0.8,0.834275,2.0,1.0,0,0.2829929057164098,"{'growth_rate': np.float64(0.030275229357798167), 'density_change': np.float64(0.025), 'degree_change': np.float64(0.06476190476190477), 'fraud_growth': np.float64(0.08484848484848487), 'clustering_change': np.float64(0.038262910798122066), 'feature_drift': np.float64(0.023965561872586), 'variance_drift': np.float64(0.0007411993986148621), 'node_churn': np.float64(0.015137614678899083), 'structural_stability': np.float64(0.0)}"
366,22,317,0.0,0.0,0.0,0.0,0.0,5.074029340120062,0.0,2,0.4,0.9307,2.0,1.0,0,0.2724970387662574,"{'growth_rate': np.float64(0.030275229357798167), 'density_change': np.float64(0.025), 'degree_change': np.float64(0.06476190476190477), 'fraud_growth': np.float64(0.08484848484848487), 'clustering_change': np.float64(0.038262910798122066), 'feature_drift': np.float64(0.013039264309949125), 'variance_drift': np.float64(0.0011716300110994528), 'node_churn': np.float64(0.015137614678899083), 'structural_stability': np.float64(0.0)}"
369,22,247,0.0,0.0,0.0,0.0,0.0,6.021263222664358,0.0,2,0.4,0.95585,2.0,1.0,0,0.2750078968670078,"{'growth_rate': np.float64(0.030275229357798167), 'density_change': np.float64(0.025), 'degree_change': np.float64(0.06476190476190477), 'fraud_growth': np.float64(0.08484848484848487), 'clustering_change': np.float64(0.038262910798122066), 'feature_drift': np.float64(0.01555012241069942), 'variance_drift': np.float64(0.0011716300110994528), 'node_churn': np.float64(0.015137614678899083), 'structural_stability': np.float64(0.0)}"
370,22,321,0.0,0.0,0.0,0.0,0.0,0.6123736065269756,0.0,2,0.4,0.9973,2.0,1.0,0,0.2606704089888674,"{'growth_rate': np.float64(0.030275229357798167), 'density_change': np.float64(0.025), 'degree_change': np.float64(0.06476190476190477), 'fraud_growth': np.float64(0.08484848484848487), 'clustering_change': np.float64(0.038262910798122066), 'feature_drift': np.float64(0.0012126345325590366), 'variance_drift': np.float64(0.0011716300110994528), 'node_churn': np.float64(0.015137614678899083), 'structural_stability': np.float64(0.0)}"
374,22,238,0.0,0.0,0.0,0.0,0.0,9.841636647351873,-0.6942425822608622,2,0.4,0.833,2.0,1.0,0,0.2843212670905969,"{'growth_rate': np.float64(0.030275229357798167), 'density_change': np.float64(0.025), 'degree_change': np.float64(0.06476190476190477), 'fraud_growth': np.float64(0.08484848484848487), 'clustering_change': np.float64(0.038262910798122066), 'feature_drift': np.float64(0.025676888078648607), 'variance_drift': np.float64(0.00035823456673944604), 'node_churn': np.float64(0.015137614678899083), 'structural_stability': np.float64(0.0)}"
375,22,130,0.0,0.0,0.0,0.0,0.0,7.235526434673654,0.0,2,0.4,0.9855,2.0,1.0,0,0.2782265767289731,"{'growth_rate': np.float64(0.030275229357798167), 'density_change': np.float64(0.025), 'degree_change': np.float64(0.06476190476190477), 'fraud_growth': np.float64(0.08484848484848487), 'clustering_change': np.float64(0.038262910798122066), 'feature_drift': np.float64(0.018768802272664805), 'variance_drift': np.float64(0.0011716300110994528), 'node_churn': np.float64(0.015137614678899083), 'structural_stability': np.float64(0.0)}"
376,22,280,0.0,0.0,0.0,0.0,0.0,0.5787508884114012,0.0,3,0.6,0.9977,2.0,1.0,1,0.260581284353753,"{'growth_rate': np.float64(0.030275229357798167), 'density_change': np.float64(0.025), 'degree_change': np.float64(0.06476190476190477), 'fraud_growth': np.float64(0.08484848484848487), 'clustering_change': np.float64(0.038262910798122066), 'feature_drift': np.float64(0.001123509897444661), 'variance_drift': np.float64(0.0011716300110994528), 'node_churn': np.float64(0.015137614678899083), 'structural_stability': np.float64(0.0)}"
376,23,145,0.0,0.0,0.0,0.0,0.0,0.3050060716896529,0.0,3,0.6,0.9977,2.0,1.0,1,0.2598556616714668,"{'growth_rate': np.float64(0.030275229357798167), 'density_change': np.float64(0.025), 'degree_change': np.float64(0.06476190476190477), 'fraud_growth': np.float64(0.08484848484848487), 'clustering_change': np.float64(0.038262910798122066), 'feature_drift': np.float64(0.0003978872151584159), 'variance_drift': np.float64(0.0011716300110994528), 'node_churn': np.float64(0.015137614678899083), 'structural_stability': np.float64(0.0)}"
378,22,502,0.0,0.0,0.0,0.0,0.0,23.862458150760745,0.0,2,0.4,0.9473,2.0,1.0,0,0.3223000278156502,"{'growth_rate': np.float64(0.030275229357798167), 'density_change': np.float64(0.025), 'degree_change': np.float64(0.06476190476190477), 'fraud_growth': np.float64(0.08484848484848487), 'clustering_change': np.float64(0.038262910798122066), 'feature_drift': np.float64(0.06284225335934189), 'variance_drift': np.float64(0.0011716300110994528), 'node_churn': np.float64(0.015137614678899083), 'structural_stability': np.float64(0.0)}"
379,22,149,0.0,0.0,0.0,0.0,0.0,7.377195079347122,0.0,2,0.4,0.90215,2.0,1.0,0,0.2786021015815526,"{'growth_rate': np.float64(0.030275229357798167), 'density_change': np.float64(0.025), 'degree_change': np.float64(0.06476190476190477), 'fraud_growth': np.float64(0.08484848484848487), 'clustering_change': np.float64(0.038262910798122066), 'feature_drift': np.float64(0.01914432712524424), 'variance_drift': np.float64(0.0011716300110994528), 'node_churn': np.float64(0.015137614678899083), 'structural_stability': np.float64(0.0)}"
380,22,494,0.0,0.0,0.0,0.0,0.0,3.956352470943378,0.0,3,0.6,0.9901,2.0,1.0,0,0.2695343828977241,"{'growth_rate': np.float64(0.030275229357798167), 'density_change': np.float64(0.025), 'degree_change': np.float64(0.06476190476190477), 'fraud_growth': np.float64(0.08484848484848487), 'clustering_change': np.float64(0.038262910798122066), 'feature_drift': np.float64(0.01007660844141576), 'variance_drift': np.float64(0.0011716300110994528), 'node_churn': np.float64(0.015137614678899083), 'structural_stability': np.float64(0.0)}"
380,23,52,0.0,0.0,0.0,0.0,0.0,0.6667995378592132,0.0,3,0.6,0.9901,2.0,1.0,0,0.2608146772557598,"{'growth_rate': np.float64(0.030275229357798167), 'density_change': np.float64(0.025), 'degree_change': np.float64(0.06476190476190477), 'fraud_growth': np.float64(0.08484848484848487), 'clustering_change': np.float64(0.038262910798122066), 'feature_drift': np.float64(0.0013569027994514403), 'variance_drift': np.float64(0.0011716300110994528), 'node_churn': np.float64(0.015137614678899083), 'structural_stability': np.float64(0.0)}"
381,22,131,0.0,0.0,0.0,0.0,0.0,8.25229010331779,0.9440276901812346,4,0.8,0.851575,2.0,1.0,1,0.2820277904601632,"{'growth_rate': np.float64(0.030275229357798167), 'density_change': np.float64(0.025), 'degree_change': np.float64(0.06476190476190477), 'fraud_growth': np.float64(0.08484848484848487), 'clustering_change': np.float64(0.038262910798122066), 'feature_drift': np.float64(0.021463964830729588), 'variance_drift': np.float64(0.002277681184224684), 'node_churn': np.float64(0.015137614678899083), 'structural_stability': np.float64(0.0)}"
381,23,189,0.0,0.0,0.0,-1.0,0.0,6.546160400930306,-0.0791552892237155,4,0.8,0.851575,2.0,1.0,0,0.1914580302475681,"{'growth_rate': np.float64(0.030275229357798167), 'density_change': np.float64(0.025), 'degree_change': np.float64(0.06476190476190477), 'fraud_growth': np.float64(0.0), 'clustering_change': np.float64(0.038262910798122066), 'feature_drift': np.float64(0.016941481352136353), 'variance_drift': np.float64(0.0010788892987076905), 'node_churn': np.float64(0.015137614678899083), 'structural_stability': np.float64(0.0)}"
381,24,19,0.0,0.0,0.0,0.0,0.0,6.713802036888786,-0.0495413813069371,4,0.8,0.851575,2.0,1.0,0,0.2767855837921966,"{'growth_rate': np.float64(0.030275229357798167), 'density_change': np.float64(0.025), 'degree_change': np.float64(0.06476190476190477), 'fraud_growth': np.float64(0.08484848484848487), 'clustering_change': np.float64(0.038262910798122066), 'feature_drift': np.float64(0.01738585350501877), 'variance_drift': np.float64(0.0011135858419689237), 'node_churn': np.float64(0.015137614678899083), 'structural_stability': np.float64(0.0)}"
382,22,534,0.0,0.0,0.0,0.0,0.0,10.509473399603037,0.0,3,0.6,0.8661666666666665,2.0,1.0,0,0.2869049152151763,"{'growth_rate': np.float64(0.030275229357798167), 'density_change': np.float64(0.025), 'degree_change': np.float64(0.06476190476190477), 'fraud_growth': np.float64(0.08484848484848487), 'clustering_change': np.float64(0.038262910798122066), 'feature_drift': np.float64(0.027447140758867936), 'variance_drift': np.float64(0.0011716300110994528), 'node_churn': np.float64(0.015137614678899083), 'structural_stability': np.float64(0.0)}"
382,23,154,0.0,0.0,0.0,0.0,0.0,6.119446342126634,0.0,3,0.6,0.8661666666666665,2.0,1.0,0,0.2752681534788137,"{'growth_rate': np.float64(0.030275229357798167), 'density_change': np.float64(0.025), 'degree_change': np.float64(0.06476190476190477), 'fraud_growth': np.float64(0.08484848484848487), 'clustering_change': np.float64(0.038262910798122066), 'feature_drift': np.float64(0.015810379022505382), 'variance_drift': np.float64(0.0011716300110994528), 'node_churn': np.float64(0.015137614678899083), 'structural_stability': np.float64(0.0)}"
383,22,531,0.0,0.0,0.0,0.0,0.0,5.572933234641459,0.0,4,0.8,0.943825,2.0,1.0,0,0.273819496617628,"{'growth_rate': np.float64(0.030275229357798167), 'density_change': np.float64(0.025), 'degree_change': np.float64(0.06476190476190477), 'fraud_growth': np.float64(0.08484848484848487), 'clustering_change': np.float64(0.038262910798122066), 'feature_drift': np.float64(0.014361722161319682), 'variance_drift': np.float64(0.0011716300110994528), 'node_churn': np.float64(0.015137614678899083), 'structural_stability': np.float64(0.0)}"
383,23,34,0.0,0.0,0.0,0.0,0.0,4.149784736488501,0.0,4,0.8,0.943825,2.0,1.0,0,0.2700471189598948,"{'growth_rate': np.float64(0.030275229357798167), 'density_change': np.float64(0.025), 'degree_change': np.float64(0.06476190476190477), 'fraud_growth': np.float64(0.08484848484848487), 'clustering_change': np.float64(0.038262910798122066), 'feature_drift': np.float64(0.01058934450358649), 'variance_drift': np.float64(0.0011716300110994528), 'node_churn': np.float64(0.015137614678899083), 'structural_stability': np.float64(0.0)}"
383,24,109,0.0,0.0,0.0,0.0,0.0,7.282697395141427,0.0,4,0.8,0.943825,2.0,1.0,0,0.2783516140512156,"{'growth_rate': np.float64(0.030275229357798167), 'density_change': np.float64(0.025), 'degree_change': np.float64(0.06476190476190477), 'fraud_growth': np.float64(0.08484848484848487), 'clustering_change': np.float64(0.038262910798122066), 'feature_drift': np.float64(0.018893839594907282), 'variance_drift': np.float64(0.0011716300110994528), 'node_churn': np.float64(0.015137614678899083), 'structural_stability': np.float64(0.0)}"
386,22,242,0.0,0.0,0.0,0.0,0.0,0.1986854913359939,0.0,2,0.4,0.9997,2.0,1.0,1,0.259573834875174,"{'growth_rate': np.float64(0.030275229357798167), 'density_change': np.float64(0.025), 'degree_change': np.float64(0.06476190476190477), 'fraud_growth': np.float64(0.08484848484848487), 'clustering_change': np.float64(0.038262910798122066), 'feature_drift': np.float64(0.00011606041886560761), 'variance_drift': np.float64(0.0011716300110994528), 'node_churn': np.float64(0.015137614678899083), 'structural_stability': np.float64(0.0)}"
387,22,443,0.0,0.0,0.0,0.0,0.0,6.02450943553625,0.0,2,0.4,0.92265,2.0,1.0,0,0.2750165016899943,"{'growth_rate': np.float64(0.030275229357798167), 'density_change': np.float64(0.025), 'degree_change': np.float64(0.06476190476190477), 'fraud_growth': np.float64(0.08484848484848487), 'clustering_change': np.float64(0.038262910798122066), 'feature_drift': np.float64(0.015558727233685963), 'variance_drift': np.float64(0.0011716300110994528), 'node_churn': np.float64(0.015137614678899083), 'structural_stability': np.float64(0.0)}"
390,22,308,0.0,0.0,0.0,0.0,0.0,7.927931701451877,0.0,2,0.4,0.9166,2.0,1.0,0,0.2800619538255172,"{'growth_rate': np.float64(0.030275229357798167), 'density_change': np.float64(0.025), 'degree_change': np.float64(0.06476190476190477), 'fraud_growth': np.float64(0.08484848484848487), 'clustering_change': np.float64(0.038262910798122066), 'feature_drift': np.float64(0.020604179369208827), 'variance_drift': np.float64(0.0011716300110994528), 'node_churn': np.float64(0.015137614678899083), 'structural_stability': np.float64(0.0)}"
392,22,517,0.0,0.0,0.0,0.0,0.0,6.723872346564127,0.0,3,0.6,0.9182333333333332,2.0,1.0,0,0.2768703215996052,"{'growth_rate': np.float64(0.030275229357798167), 'density_change': np.float64(0.025), 'degree_change': np.float64(0.06476190476190477), 'fraud_growth': np.float64(0.08484848484848487), 'clustering_change': np.float64(0.038262910798122066), 'feature_drift': np.float64(0.017412547143296864), 'variance_drift': np.float64(0.0011716300110994528), 'node_churn': np.float64(0.015137614678899083), 'structural_stability': np.float64(0.0)}"
392,23,73,0.0,0.0,0.0,0.0,0.0,4.654011699611661,0.0,3,0.6,0.9182333333333332,2.0,1.0,0,0.2713836868110932,"{'growth_rate': np.float64(0.030275229357798167), 'density_change': np.float64(0.025), 'degree_change': np.float64(0.06476190476190477), 'fraud_growth': np.float64(0.08484848484848487), 'clustering_change': np.float64(0.038262910798122066), 'feature_drift': np.float64(0.011925912354784844), 'variance_drift': np.float64(0.0011716300110994528), 'node_churn': np.float64(0.015137614678899083), 'structural_stability': np.float64(0.0)}"
393,22,376,0.0,0.0,0.0,0.0,0.0,10.457531257918884,0.0,2,0.4,0.9016,2.0,1.0,0,0.2867672307957088,"{'growth_rate': np.float64(0.030275229357798167), 'density_change': np.float64(0.025), 'degree_change': np.float64(0.06476190476190477), 'fraud_growth': np.float64(0.08484848484848487), 'clustering_change': np.float64(0.038262910798122066), 'feature_drift': np.float64(0.027309456339400528), 'variance_drift': np.float64(0.0011716300110994528), 'node_churn': np.float64(0.015137614678899083), 'structural_stability': np.float64(0.0)}"
394,22,103,0.0,0.0,0.0,0.0,0.0,2.7426028063109125,0.0,2,0.4,0.99925,2.0,1.0,0,0.266317064309479,"{'growth_rate': np.float64(0.030275229357798167), 'density_change': np.float64(0.025), 'degree_change': np.float64(0.06476190476190477), 'fraud_growth': np.float64(0.08484848484848487), 'clustering_change': np.float64(0.038262910798122066), 'feature_drift': np.float64(0.006859289853170618), 'variance_drift': np.float64(0.0011716300110994528), 'node_churn': np.float64(0.015137614678899083), 'structural_stability': np.float64(0.0)}"
395,22,520,0.0,0.0,0.0,0.0,0.0,7.211973130065296,0.0,2,0.4,0.9512,2.0,1.0,0,0.2781641433566401,"{'growth_rate': np.float64(0.030275229357798167), 'density_change': np.float64(0.025), 'degree_change': np.float64(0.06476190476190477), 'fraud_growth': np.float64(0.08484848484848487), 'clustering_change': np.float64(0.038262910798122066), 'feature_drift': np.float64(0.01870636890033179), 'variance_drift': np.float64(0.0011716300110994528), 'node_churn': np.float64(0.015137614678899083), 'structural_stability': np.float64(0.0)}"
396,22,493,0.0,0.0,0.0,0.0,0.0,4.807486184957551,0.0,2,0.4,0.9585,2.0,1.0,0,0.2717905057202248,"{'growth_rate': np.float64(0.030275229357798167), 'density_change': np.float64(0.025), 'degree_change': np.float64(0.06476190476190477), 'fraud_growth': np.float64(0.08484848484848487), 'clustering_change': np.float64(0.038262910798122066), 'feature_drift': np.float64(0.0123327312639165), 'variance_drift': np.float64(0.0011716300110994528), 'node_churn': np.float64(0.015137614678899083), 'structural_stability': np.float64(0.0)}"
397,22,380,0.0,0.0,0.0,0.0,0.0,3.602958838753335,0.0,2,0.4,0.977,2.0,1.0,0,0.2685976329772561,"{'growth_rate': np.float64(0.030275229357798167), 'density_change': np.float64(0.025), 'degree_change': np.float64(0.06476190476190477), 'fraud_growth': np.float64(0.08484848484848487), 'clustering_change': np.float64(0.038262910798122066), 'feature_drift': np.float64(0.009139858520947786), 'variance_drift': np.float64(0.0011716300110994528), 'node_churn': np.float64(0.015137614678899083), 'structural_stability': np.float64(0.0)}"
398,22,527,0.0,0.0,0.0,0.0,0.0,5.410709813361626,0.0,2,0.4,0.94255,2.0,1.0,0,0.2733894866708155,"{'growth_rate': np.float64(0.030275229357798167), 'density_change': np.float64(0.025), 'degree_change': np.float64(0.06476190476190477), 'fraud_growth': np.float64(0.08484848484848487), 'clustering_change': np.float64(0.038262910798122066), 'feature_drift': np.float64(0.013931712214507154), 'variance_drift': np.float64(0.0011716300110994528), 'node_churn': np.float64(0.015137614678899083), 'structural_stability': np.float64(0.0)}"
399,22,433,0.0,0.0,0.0,0.0,0.0,5.04982567983639,0.0,2,0.4,0.92095,2.0,1.0,0,0.2724328814788008,"{'growth_rate': np.float64(0.030275229357798167), 'density_change': np.float64(0.025), 'degree_change': np.float64(0.06476190476190477), 'fraud_growth': np.float64(0.08484848484848487), 'clustering_change': np.float64(0.038262910798122066), 'feature_drift': np.float64(0.012975107022492483), 'variance_drift': np.float64(0.0011716300110994528), 'node_churn': np.float64(0.015137614678899083), 'structural_stability': np.float64(0.0)}"
401,22,203,0.0,0.0,0.0,0.0,0.0,8.084066067627612,0.0,2,0.4,0.90905,2.0,1.0,0,0.280475823351663,"{'growth_rate': np.float64(0.030275229357798167), 'density_change': np.float64(0.025), 'degree_change': np.float64(0.06476190476190477), 'fraud_growth': np.float64(0.08484848484848487), 'clustering_change': np.float64(0.038262910798122066), 'feature_drift': np.float64(0.02101804889535463), 'variance_drift': np.float64(0.0011716300110994528), 'node_churn': np.float64(0.015137614678899083), 'structural_stability': np.float64(0.0)}"
402,22,307,0.0,0.0,0.0,0.0,0.0,0.1549011129440268,0.0,2,0.4,0.9998,2.0,1.0,1,0.2594577744563084,"{'growth_rate': np.float64(0.030275229357798167), 'density_change': np.float64(0.025), 'degree_change': np.float64(0.06476190476190477), 'fraud_growth': np.float64(0.08484848484848487), 'clustering_change': np.float64(0.038262910798122066), 'feature_drift': np.float64(0.0), 'variance_drift': np.float64(0.0011716300110994528), 'node_churn': np.float64(0.015137614678899083), 'structural_stability': np.float64(0.0)}"
404,22,192,0.0,0.0,0.0,0.0,0.0,5.465361664118592,0.0,2,0.4,0.9328,2.0,1.0,0,0.2735343537883489,"{'growth_rate': np.float64(0.030275229357798167), 'density_change': np.float64(0.025), 'degree_change': np.float64(0.06476190476190477), 'fraud_growth': np.float64(0.08484848484848487), 'clustering_change': np.float64(0.038262910798122066), 'feature_drift': np.float64(0.014076579332040514), 'variance_drift': np.float64(0.0011716300110994528), 'node_churn': np.float64(0.015137614678899083), 'structural_stability': np.float64(0.0)}"
406,22,340,0.0,0.0,0.0,0.0,0.0,2.078823926090689,0.0,2,0.4,0.9939,2.0,1.0,0,0.2645575679388137,"{'growth_rate': np.float64(0.030275229357798167), 'density_change': np.float64(0.025), 'degree_change': np.float64(0.06476190476190477), 'fraud_growth': np.float64(0.08484848484848487), 'clustering_change': np.float64(0.038262910798122066), 'feature_drift': np.float64(0.005099793482505299), 'variance_drift': np.float64(0.0011716300110994528), 'node_churn': np.float64(0.015137614678899083), 'structural_stability': np.float64(0.0)}"
407,22,370,0.0,0.0,0.0,0.0,0.0,0.8848549283855969,0.0,2,0.4,0.99585,2.0,1.0,1,0.2613926824916418,"{'growth_rate': np.float64(0.030275229357798167), 'density_change': np.float64(0.025), 'degree_change': np.float64(0.06476190476190477), 'fraud_growth': np.float64(0.08484848484848487), 'clustering_change': np.float64(0.038262910798122066), 'feature_drift': np.float64(0.001934908035333441), 'variance_drift': np.float64(0.0011716300110994528), 'node_churn': np.float64(0.015137614678899083), 'structural_stability': np.float64(0.0)}"
408,22,408,0.0,0.0,0.0,0.0,0.0,7.587520433069751,0.0,2,0.4,0.93285,2.0,1.0,0,0.2791596166028366,"{'growth_rate': np.float64(0.030275229357798167), 'density_change': np.float64(0.025), 'degree_change': np.float64(0.06476190476190477), 'fraud_growth': np.float64(0.08484848484848487), 'clustering_change': np.float64(0.038262910798122066), 'feature_drift': np.float64(0.01970184214652827), 'variance_drift': np.float64(0.0011716300110994528), 'node_churn': np.float64(0.015137614678899083), 'structural_stability': np.float64(0.0)}"
409,22,359,0.0,0.0,0.0,0.0,0.0,5.18789756236277,0.0,2,0.4,0.9685,2.0,1.0,0,0.2727988722980861,"{'growth_rate': np.float64(0.030275229357798167), 'density_change': np.float64(0.025), 'degree_change': np.float64(0.06476190476190477), 'fraud_growth': np.float64(0.08484848484848487), 'clustering_change': np.float64(0.038262910798122066), 'feature_drift': np.float64(0.013341097841777805), 'variance_drift': np.float64(0.0011716300110994528), 'node_churn': np.float64(0.015137614678899083), 'structural_stability': np.float64(0.0)}"
411,22,170,0.0,0.0,0.0,0.0,0.0,1.5284482983611936,0.0,2,0.4,0.99315,2.0,1.0,1,0.2630986725922618,"{'growth_rate': np.float64(0.030275229357798167), 'density_change': np.float64(0.025), 'degree_change': np.float64(0.06476190476190477), 'fraud_growth': np.float64(0.08484848484848487), 'clustering_change': np.float64(0.038262910798122066), 'feature_drift': np.float64(0.0036408981359534317), 'variance_drift': np.float64(0.0011716300110994528), 'node_churn': np.float64(0.015137614678899083), 'structural_stability': np.float64(0.0)}"
412,22,436,0.0,0.0,0.0,0.0,0.0,4.665900087687147,0.0,2,0.4,0.9677,2.0,1.0,0,0.271415199678247,"{'growth_rate': np.float64(0.030275229357798167), 'density_change': np.float64(0.025), 'degree_change': np.float64(0.06476190476190477), 'fraud_growth': np.float64(0.08484848484848487), 'clustering_change': np.float64(0.038262910798122066), 'feature_drift': np.float64(0.011957425221938647), 'variance_drift': np.float64(0.0011716300110994528), 'node_churn': np.float64(0.015137614678899083), 'structural_stability': np.float64(0.0)}"
413,22,525,0.0,0.0,0.0,0.0,0.0,5.765075041915753,0.0,2,0.4,0.95475,2.0,1.0,0,0.2743288120276634,"{'growth_rate': np.float64(0.030275229357798167), 'density_change': np.float64(0.025), 'degree_change': np.float64(0.06476190476190477), 'fraud_growth': np.float64(0.08484848484848487), 'clustering_change': np.float64(0.038262910798122066), 'feature_drift': np.float64(0.014871037571355071), 'variance_drift': np.float64(0.0011716300110994528), 'node_churn': np.float64(0.015137614678899083), 'structural_stability': np.float64(0.0)}"
414,22,424,0.0,0.0,0.0,0.0,0.0,4.680302819081715,0.0,2,0.4,0.94915,2.0,1.0,0,0.2714533773822559,"{'growth_rate': np.float64(0.030275229357798167), 'density_change': np.float64(0.025), 'degree_change': np.float64(0.06476190476190477), 'fraud_growth': np.float64(0.08484848484848487), 'clustering_change': np.float64(0.038262910798122066), 'feature_drift': np.float64(0.01199560292594755), 'variance_drift': np.float64(0.0011716300110994528), 'node_churn': np.float64(0.015137614678899083), 'structural_stability': np.float64(0.0)}"
415,22,354,0.0,0.0,0.0,0.0,0.0,4.791233208442444,0.0,2,0.4,0.94115,2.0,1.0,0,0.2717474235221571,"{'growth_rate': np.float64(0.030275229357798167), 'density_change': np.float64(0.025), 'degree_change': np.float64(0.06476190476190477), 'fraud_growth': np.float64(0.08484848484848487), 'clustering_change': np.float64(0.038262910798122066), 'feature_drift': np.float64(0.012289649065848745), 'variance_drift': np.float64(0.0011716300110994528), 'node_churn': np.float64(0.015137614678899083), 'structural_stability': np.float64(0.0)}"
416,22,168,0.0,0.0,0.0,0.0,0.0,0.7051803778485906,0.0,2,0.4,0.99495,2.0,1.0,1,0.2609164143713517,"{'growth_rate': np.float64(0.030275229357798167), 'density_change': np.float64(0.025), 'degree_change': np.float64(0.06476190476190477), 'fraud_growth': np.float64(0.08484848484848487), 'clustering_change': np.float64(0.038262910798122066), 'feature_drift': np.float64(0.0014586399150432932), 'variance_drift': np.float64(0.0011716300110994528), 'node_churn': np.float64(0.015137614678899083), 'structural_stability': np.float64(0.0)}"
417,22,75,0.0,0.0,0.0,0.0,0.0,3.147793708825995,0.0,2,0.4,0.988,2.0,1.0,0,0.2673911146350412,"{'growth_rate': np.float64(0.030275229357798167), 'density_change': np.float64(0.025), 'degree_change': np.float64(0.06476190476190477), 'fraud_growth': np.float64(0.08484848484848487), 'clustering_change': np.float64(0.038262910798122066), 'feature_drift': np.float64(0.007933340178732892), 'variance_drift': np.float64(0.0011716300110994528), 'node_churn': np.float64(0.015137614678899083), 'structural_stability': np.float64(0.0)}"
418,22,299,0.0,0.0,0.0,0.0,0.0,2.0904214211146512,0.0,2,0.4,0.9929,2.0,1.0,0,0.2645883097280021,"{'growth_rate': np.float64(0.030275229357798167), 'density_change': np.float64(0.025), 'degree_change': np.float64(0.06476190476190477), 'fraud_growth': np.float64(0.08484848484848487), 'clustering_change': np.float64(0.038262910798122066), 'feature_drift': np.float64(0.005130535271693743), 'variance_drift': np.float64(0.0011716300110994528), 'node_churn': np.float64(0.015137614678899083), 'structural_stability': np.float64(0.0)}"
420,23,7,-0.5857142857142857,0.8536864164602782,-0.2041006523765144,-1.0,-1.0,5.601476707889593,-0.2448797351533413,2,0.4,0.78095,1.4142857142857144,0.5931447803495512,0,0.1710066199497292,"{'growth_rate': np.float64(0.012050021843599828), 'density_change': np.float64(0.04634216041150696), 'degree_change': np.float64(0.05154395775085431), 'fraud_growth': np.float64(0.0), 'clustering_change': np.float64(0.0), 'feature_drift': np.float64(0.014437383106677889), 'variance_drift': np.float64(0.0008847215642837124), 'node_churn': np.float64(0.006025010921799915), 'structural_stability': np.float64(0.03972336435100666)}"
442,23,43,0.0,0.0,0.0,-1.0,0.0,14.658582366121047,0.0,3,0.6,0.8432,2.0,1.0,0,0.2130545840977372,"{'growth_rate': np.float64(0.030275229357798167), 'density_change': np.float64(0.025), 'degree_change': np.float64(0.06476190476190477), 'fraud_growth': np.float64(0.0), 'clustering_change': np.float64(0.038262910798122066), 'feature_drift': np.float64(0.038445294489913615), 'variance_drift': np.float64(0.0011716300110994528), 'node_churn': np.float64(0.015137614678899083), 'structural_stability': np.float64(0.0)}"
442,24,182,0.0,0.0,0.0,0.0,0.0,10.625383850990586,0.0,3,0.6,0.8432,2.0,1.0,0,0.2872121621382343,"{'growth_rate': np.float64(0.030275229357798167), 'density_change': np.float64(0.025), 'degree_change': np.float64(0.06476190476190477), 'fraud_growth': np.float64(0.08484848484848487), 'clustering_change': np.float64(0.038262910798122066), 'feature_drift': np.float64(0.027754387681925976), 'variance_drift': np.float64(0.0011716300110994528), 'node_churn': np.float64(0.015137614678899083), 'structural_stability': np.float64(0.0)}"
449,23,10,-0.0909090909090909,0.1,0.0755555555555556,0.0,0.0,4.430666994383124,0.0389090289410227,2,0.4,0.9561,1.9090909090909092,0.9447165850244924,0,0.2793848541526869,"{'growth_rate': np.float64(0.02744648318042814), 'density_change': np.float64(0.027500000000000004), 'degree_change': np.float64(0.06965502645502647), 'fraud_growth': np.float64(0.08484848484848487), 'clustering_change': np.float64(0.038262910798122066), 'feature_drift': np.float64(0.011333886591436441), 'variance_drift': np.float64(0.0012172169971094923), 'node_churn': np.float64(0.013723241590214073), 'structural_stability': np.float64(0.005397603691865433)}"
454,23,181,0.0,0.0,0.0,0.0,0.0,15.342948350547118,0.0,2,0.4,0.8605499999999999,2.0,1.0,0,0.29971713610275,"{'growth_rate': np.float64(0.030275229357798167), 'density_change': np.float64(0.025), 'degree_change': np.float64(0.06476190476190477), 'fraud_growth': np.float64(0.08484848484848487), 'clustering_change': np.float64(0.038262910798122066), 'feature_drift': np.float64(0.04025936164644166), 'variance_drift': np.float64(0.0011716300110994528), 'node_churn': np.float64(0.015137614678899083), 'structural_stability': np.float64(0.0)}"
462,23,61,-0.2,0.2499999999999999,-0.25,0.0,0.0,17.893941894352015,-0.5235326004566102,3,0.6,0.9300333333333334,1.8,0.8571428571428571,0,0.300538274051025,"{'growth_rate': np.float64(0.024051987767584104), 'density_change': np.float64(0.03125), 'degree_change': np.float64(0.04857142857142858), 'fraud_growth': np.float64(0.08484848484848487), 'clustering_change': np.float64(0.038262910798122066), 'feature_drift': np.float64(0.047021348229121455), 'variance_drift': np.float64(0.0005582435046155493), 'node_churn': np.float64(0.012025993883792052), 'structural_stability': np.float64(0.013947876447876456)}"
462,24,198,0.0,0.0,0.0,0.0,0.0,18.30338640276029,0.0118286068380095,3,0.6,0.9300333333333334,2.0,1.0,0,0.3075783069082729,"{'growth_rate': np.float64(0.030275229357798167), 'density_change': np.float64(0.025), 'degree_change': np.float64(0.06476190476190477), 'fraud_growth': np.float64(0.08484848484848487), 'clustering_change': np.float64(0.038262910798122066), 'feature_drift': np.float64(0.048106673701203646), 'variance_drift': np.float64(0.0011854887618603612), 'node_churn': np.float64(0.015137614678899083), 'structural_stability': np.float64(0.0)}"
477,23,56,0.0,0.0,-0.2,0.0,0.0,8.28825514745039,-0.1735388351509369,2,0.4,0.8953,2.0,0.9375,0,0.2739635644743707,"{'growth_rate': np.float64(0.030275229357798167), 'density_change': np.float64(0.025), 'degree_change': np.float64(0.051809523809523805), 'fraud_growth': np.float64(0.08484848484848487), 'clustering_change': np.float64(0.038262910798122066), 'feature_drift': np.float64(0.021559298331851422), 'variance_drift': np.float64(0.0009683067037453745), 'node_churn': np.float64(0.015137614678899083), 'structural_stability': np.float64(0.006102195945945949)}"
490,23,113,0.0,0.0,-0.2,0.0,0.0,20.4495273028691,0.1022490299740745,3,0.6,0.9223,2.0,0.9375,0,0.3065228940719857,"{'growth_rate': np.float64(0.030275229357798167), 'density_change': np.float64(0.025), 'degree_change': np.float64(0.051809523809523805), 'fraud_growth': np.float64(0.08484848484848487), 'clustering_change': np.float64(0.038262910798122066), 'feature_drift': np.float64(0.053795506589988905), 'variance_drift': np.float64(0.001291428043222886), 'node_churn': np.float64(0.015137614678899083), 'structural_stability': np.float64(0.006102195945945949)}"
490,24,179,0.0,0.0,0.0,0.0,0.0,21.730142839802035,-0.6705150282484219,3,0.6,0.9223,2.0,1.0,0,0.3158622472545538,"{'growth_rate': np.float64(0.030275229357798167), 'density_change': np.float64(0.025), 'degree_change': np.float64(0.06476190476190477), 'fraud_growth': np.float64(0.08484848484848487), 'clustering_change': np.float64(0.038262910798122066), 'feature_drift': np.float64(0.057190068328234554), 'variance_drift': np.float64(0.00038603448111040433), 'node_churn': np.float64(0.015137614678899083), 'structural_stability': np.float64(0.0)}"
491,23,50,2.111111111111111,-0.6666666666666666,-0.066326530612245,0.0,0.0,10.522447305192651,0.1893763932992261,3,0.6,0.9380666666666668,4.111111111111111,0.8036446469248292,0,0.3839049253766819,"{'growth_rate': np.float64(0.09596500169894667), 'density_change': np.float64(0.008333333333333335), 'degree_change': np.float64(0.060466472303207), 'fraud_growth': np.float64(0.08484848484848487), 'clustering_change': np.float64(0.038262910798122066), 'feature_drift': np.float64(0.027481531036230654), 'variance_drift': np.float64(0.0013935090768825997), 'node_churn': np.float64(0.04798250084947332), 'structural_stability': np.float64(0.01917118143200148)}"
491,24,33,-0.1785714285714285,0.1739130434782609,-0.081967213114754,0.0,0.0,6.965672016496701,-0.3391143656239289,3,0.6,0.9380666666666668,1.8214285714285712,0.9214098073555166,0,0.2754918886202854,"{'growth_rate': np.float64(0.024718763652249898), 'density_change': np.float64(0.029347826086956526), 'degree_change': np.float64(0.05945355191256833), 'fraud_growth': np.float64(0.08484848484848487), 'clustering_change': np.float64(0.038262910798122066), 'feature_drift': np.float64(0.018053491973498884), 'variance_drift': np.float64(0.0007743134431395051), 'node_churn': np.float64(0.012359381826124949), 'structural_stability': np.float64(0.007673164079140444)}"
517,23,106,0.0,0.0,0.0,0.0,0.0,5.239793479879489,0.0,3,0.6,0.9019,2.0,1.0,0,0.2729364341899208,"{'growth_rate': np.float64(0.030275229357798167), 'density_change': np.float64(0.025), 'degree_change': np.float64(0.06476190476190477), 'fraud_growth': np.float64(0.08484848484848487), 'clustering_change': np.float64(0.038262910798122066), 'feature_drift': np.float64(0.013478659733612506), 'variance_drift': np.float64(0.0011716300110994528), 'node_churn': np.float64(0.015137614678899083), 'structural_stability': np.float64(0.0)}"
517,24,7,0.0,0.0,0.0,0.0,0.0,5.940827151924851,0.0,3,0.6,0.9019,2.0,1.0,0,0.2747946828302945,"{'growth_rate': np.float64(0.030275229357798167), 'density_change': np.float64(0.025), 'degree_change': np.float64(0.06476190476190477), 'fraud_growth': np.float64(0.08484848484848487), 'clustering_change': np.float64(0.038262910798122066), 'feature_drift': np.float64(0.015336908373986189), 'variance_drift': np.float64(0.0011716300110994528), 'node_churn': np.float64(0.015137614678899083), 'structural_stability': np.float64(0.0)}"
524,23,11,0.0,0.0,-0.2,0.0,0.0,12.990224374322192,-0.6576278324520181,2,0.4,0.92295,2.0,0.9375,0,0.2858600264366118,"{'growth_rate': np.float64(0.030275229357798167), 'density_change': np.float64(0.025), 'degree_change': np.float64(0.051809523809523805), 'fraud_growth': np.float64(0.08484848484848487), 'clustering_change': np.float64(0.038262910798122066), 'feature_drift': np.float64(0.03402293349137347), 'variance_drift': np.float64(0.00040113350646438575), 'node_churn': np.float64(0.015137614678899083), 'structural_stability': np.float64(0.006102195945945949)}"
531,23,35,2.25,-0.6923076923076923,-0.094017094017094,0.0,0.0,11.11697556452047,-0.3113570010158501,2,0.4,0.92315,4.25,0.7923250564334086,0,0.3900475968077398,"{'growth_rate': np.float64(0.10028669724770643), 'density_change': np.float64(0.007692307692307693), 'degree_change': np.float64(0.05867317867317867), 'fraud_growth': np.float64(0.08484848484848487), 'clustering_change': np.float64(0.038262910798122066), 'feature_drift': np.float64(0.02905746294023791), 'variance_drift': np.float64(0.00080683480454336), 'node_churn': np.float64(0.050143348623853216), 'structural_stability': np.float64(0.02027637117930572)}"
532,23,167,0.0,0.0,0.0,0.0,0.0,7.251189991346708,0.0,2,0.4,0.915,2.0,1.0,0,0.2782680965361547,"{'growth_rate': np.float64(0.030275229357798167), 'density_change': np.float64(0.025), 'degree_change': np.float64(0.06476190476190477), 'fraud_growth': np.float64(0.08484848484848487), 'clustering_change': np.float64(0.038262910798122066), 'feature_drift': np.float64(0.018810322079846387), 'variance_drift': np.float64(0.0011716300110994528), 'node_churn': np.float64(0.015137614678899083), 'structural_stability': np.float64(0.0)}"
534,23,8,0.0,0.0,0.0,0.0,0.0,12.917743224205708,0.0,2,0.4,0.91705,2.0,1.0,0,0.2932885802311005,"{'growth_rate': np.float64(0.030275229357798167), 'density_change': np.float64(0.025), 'degree_change': np.float64(0.06476190476190477), 'fraud_growth': np.float64(0.08484848484848487), 'clustering_change': np.float64(0.038262910798122066), 'feature_drift': np.float64(0.03383080577479217), 'variance_drift': np.float64(0.0011716300110994528), 'node_churn': np.float64(0.015137614678899083), 'structural_stability': np.float64(0.0)}"
539,23,165,0.0,0.0,-0.1999999999999999,0.0,0.0,11.812404775600443,-0.7125158998066431,3,0.6,0.9303333333333332,2.0,0.9375,0,0.2826736401248195,"{'growth_rate': np.float64(0.030275229357798167), 'density_change': np.float64(0.025), 'degree_change': np.float64(0.05180952380952382), 'fraud_growth': np.float64(0.08484848484848487), 'clustering_change': np.float64(0.038262910798122066), 'feature_drift': np.float64(0.030900855686545093), 'variance_drift': np.float64(0.00033682499950045896), 'node_churn': np.float64(0.015137614678899083), 'structural_stability': np.float64(0.006102195945945949)}"
539,24,121,-0.2,0.2499999999999999,-0.0625,0.0,0.0,7.773380201527835,0.6481372411002616,3,0.6,0.9303333333333332,1.8,0.9056603773584904,0,0.2824900374603812,"{'growth_rate': np.float64(0.024051987767584104), 'density_change': np.float64(0.03125), 'degree_change': np.float64(0.06071428571428572), 'fraud_growth': np.float64(0.08484848484848487), 'clustering_change': np.float64(0.038262910798122066), 'feature_drift': np.float64(0.020194505588827304), 'variance_drift': np.float64(0.0019310070540837212), 'node_churn': np.float64(0.012025993883792052), 'structural_stability': np.float64(0.009210861805201443)}"
574,23,20,0.0,0.0,0.0,0.0,0.0,11.928465031225258,-0.6698428419346202,2,0.4,0.8505,2.0,1.0,0,0.2898814661796655,"{'growth_rate': np.float64(0.030275229357798167), 'density_change': np.float64(0.025), 'degree_change': np.float64(0.06476190476190477), 'fraud_growth': np.float64(0.08484848484848487), 'clustering_change': np.float64(0.038262910798122066), 'feature_drift': np.float64(0.031208499699687836), 'variance_drift': np.float64(0.0003868220347687048), 'node_churn': np.float64(0.015137614678899083), 'structural_stability': np.float64(0.0)}"
582,23,62,0.0,0.0,0.0,0.0,0.0,8.233601508901208,-0.1003582697285706,2,0.4,0.9683,2.0,1.0,0,0.2807546181710019,"{'growth_rate': np.float64(0.030275229357798167), 'density_change': np.float64(0.025), 'degree_change': np.float64(0.06476190476190477), 'fraud_growth': np.float64(0.08484848484848487), 'clustering_change': np.float64(0.038262910798122066), 'feature_drift': np.float64(0.021414426475369584), 'variance_drift': np.float64(0.0010540472504234457), 'node_churn': np.float64(0.015137614678899083), 'structural_stability': np.float64(0.0)}"
585,23,114,0.0,0.0,0.0,0.0,0.0,56.7431576692132,0.0,2,0.4,0.88315,2.0,1.0,0,0.4094577744563084,"{'growth_rate': np.float64(0.030275229357798167), 'density_change': np.float64(0.025), 'degree_change': np.float64(0.06476190476190477), 'fraud_growth': np.float64(0.08484848484848487), 'clustering_change': np.float64(0.038262910798122066), 'feature_drift': np.float64(0.15), 'variance_drift': np.float64(0.0011716300110994528), 'node_churn': np.float64(0.015137614678899083), 'structural_stability': np.float64(0.0)}"
588,23,86,0.0,0.0,0.0,-1.0,0.0,5.183683068729867,6.556840899857064,3,0.6,0.7952666666666667,2.0,1.0,0,0.1956214075552692,"{'growth_rate': np.float64(0.030275229357798167), 'density_change': np.float64(0.025), 'degree_change': np.float64(0.06476190476190477), 'fraud_growth': np.float64(0.0), 'clustering_change': np.float64(0.038262910798122066), 'feature_drift': np.float64(0.013329926371168761), 'variance_drift': np.float64(0.008853821587376331), 'node_churn': np.float64(0.015137614678899083), 'structural_stability': np.float64(0.0)}"
588,24,160,0.0,0.0,0.0,0.0,0.0,5.640568482436798,0.0645064021403597,3,0.6,0.7952666666666667,2.0,1.0,0,0.274074356808416,"{'growth_rate': np.float64(0.030275229357798167), 'density_change': np.float64(0.025), 'degree_change': np.float64(0.06476190476190477), 'fraud_growth': np.float64(0.08484848484848487), 'clustering_change': np.float64(0.038262910798122066), 'feature_drift': np.float64(0.014541004715451965), 'variance_drift': np.float64(0.0012472076477551483), 'node_churn': np.float64(0.015137614678899083), 'structural_stability': np.float64(0.0)}"
592,23,66,0.2,-0.1666666666666667,-0.1666666666666666,0.0,0.0,12.803582878702658,0.4190349075250853,2,0.4,0.93475,2.2,0.8999999999999999,0,0.2976149846722311,"{'growth_rate': np.float64(0.036498470948012236), 'density_change': np.float64(0.020833333333333332), 'degree_change': np.float64(0.05396825396825398), 'fraud_growth': np.float64(0.08484848484848487), 'clustering_change': np.float64(0.038262910798122066), 'feature_drift': np.float64(0.03352819790405083), 'variance_drift': np.float64(0.0016625838844541267), 'node_churn': np.float64(0.01824923547400612), 'structural_stability': np.float64(0.009763513513513528)}"
595,23,203,0.0,0.0,0.0,0.0,0.0,1.8112761561030688,0.0,3,0.6,0.9767,2.0,1.0,0,0.2638483719334863,"{'growth_rate': np.float64(0.030275229357798167), 'density_change': np.float64(0.025), 'degree_change': np.float64(0.06476190476190477), 'fraud_growth': np.float64(0.08484848484848487), 'clustering_change': np.float64(0.038262910798122066), 'feature_drift': np.float64(0.00439059747717799), 'variance_drift': np.float64(0.0011716300110994528), 'node_churn': np.float64(0.015137614678899083), 'structural_stability': np.float64(0.0)}"
595,24,205,0.0,0.0,0.0,0.0,0.0,2.5349433500516696,0.0,3,0.6,0.9767,2.0,1.0,0,0.26576661585366,"{'growth_rate': np.float64(0.030275229357798167), 'density_change': np.float64(0.025), 'degree_change': np.float64(0.06476190476190477), 'fraud_growth': np.float64(0.08484848484848487), 'clustering_change': np.float64(0.038262910798122066), 'feature_drift': np.float64(0.006308841397351641), 'variance_drift': np.float64(0.0011716300110994528), 'node_churn': np.float64(0.015137614678899083), 'structural_stability': np.float64(0.0)}"
598,23,152,0.0,0.0,0.0,0.0,0.0,8.276059887589906,0.0,2,0.4,0.9094,2.0,1.0,0,0.2809847464877859,"{'growth_rate': np.float64(0.030275229357798167), 'density_change': np.float64(0.025), 'degree_change': np.float64(0.06476190476190477), 'fraud_growth': np.float64(0.08484848484848487), 'clustering_change': np.float64(0.038262910798122066), 'feature_drift': np.float64(0.021526972031477538), 'variance_drift': np.float64(0.0011716300110994528), 'node_churn': np.float64(0.015137614678899083), 'structural_stability': np.float64(0.0)}"
601,23,122,-0.1428571428571428,0.1666666666666666,-0.0277777777777776,0.0,0.0,6.969924330143585,1.0247234739742654,3,0.6,0.8159666666666667,1.8571428571428572,0.9391304347826086,0,0.2803661091728057,"{'growth_rate': np.float64(0.025830056793359552), 'density_change': np.float64(0.02916666666666667), 'degree_change': np.float64(0.06296296296296298), 'fraud_growth': np.float64(0.08484848484848487), 'clustering_change': np.float64(0.038262910798122066), 'feature_drift': np.float64(0.01806476369462707), 'variance_drift': np.float64(0.0023722267862857915), 'node_churn': np.float64(0.012915028396679776), 'structural_stability': np.float64(0.005943008225616936)}"
601,24,146,0.0,0.0,0.0,0.0,0.0,8.617164168334385,-0.1709814040058092,3,0.6,0.8159666666666667,2.0,1.0,0,0.2816885937525343,"{'growth_rate': np.float64(0.030275229357798167), 'density_change': np.float64(0.025), 'degree_change': np.float64(0.06476190476190477), 'fraud_growth': np.float64(0.08484848484848487), 'clustering_change': np.float64(0.038262910798122066), 'feature_drift': np.float64(0.022431146240499064), 'variance_drift': np.float64(0.0009713030668263263), 'node_churn': np.float64(0.015137614678899083), 'structural_stability': np.float64(0.0)}"
602,23,32,0.0,0.0,0.0,0.0,0.0,6.046596855268684,0.0,3,0.6,0.8985,2.0,1.0,0,0.2750750494022139,"{'growth_rate': np.float64(0.030275229357798167), 'density_change': np.float64(0.025), 'degree_change': np.float64(0.06476190476190477), 'fraud_growth': np.float64(0.08484848484848487), 'clustering_change': np.float64(0.038262910798122066), 'feature_drift': np.float64(0.01561727494590556), 'variance_drift': np.float64(0.0011716300110994528), 'node_churn': np.float64(0.015137614678899083), 'structural_stability': np.float64(0.0)}"
602,24,247,0.0,0.0,0.0,0.0,0.0,9.635953585333736,0.0,3,0.6,0.8985,2.0,1.0,0,0.2845894529600332,"{'growth_rate': np.float64(0.030275229357798167), 'density_change': np.float64(0.025), 'degree_change': np.float64(0.06476190476190477), 'fraud_growth': np.float64(0.08484848484848487), 'clustering_change': np.float64(0.038262910798122066), 'feature_drift': np.float64(0.025131678503724844), 'variance_drift': np.float64(0.0011716300110994528), 'node_churn': np.float64(0.015137614678899083), 'structural_stability': np.float64(0.0)}"
619,23,166,0.0,0.0,0.0,0.0,0.0,13.473397489929386,0.0,3,0.6,0.8744,2.0,1.0,0,0.2947614678040844,"{'growth_rate': np.float64(0.030275229357798167), 'density_change': np.float64(0.025), 'degree_change': np.float64(0.06476190476190477), 'fraud_growth': np.float64(0.08484848484848487), 'clustering_change': np.float64(0.038262910798122066), 'feature_drift': np.float64(0.03530369334777604), 'variance_drift': np.float64(0.0011716300110994528), 'node_churn': np.float64(0.015137614678899083), 'structural_stability': np.float64(0.0)}"
619,24,106,0.0,0.0,0.0,0.0,0.0,15.75499163392866,0.0,3,0.6,0.8744,2.0,1.0,0,0.3008093502169235,"{'growth_rate': np.float64(0.030275229357798167), 'density_change': np.float64(0.025), 'degree_change': np.float64(0.06476190476190477), 'fraud_growth': np.float64(0.08484848484848487), 'clustering_change': np.float64(0.038262910798122066), 'feature_drift': np.float64(0.041351575760615204), 'variance_drift': np.float64(0.0011716300110994528), 'node_churn': np.float64(0.015137614678899083), 'structural_stability': np.float64(0.0)}"
625,23,72,0.0,0.0,-0.2,0.0,0.0,10.320826356753724,1.0775050511579212,2,0.4,0.8506,2.0,0.9375,0,0.2808171157189672,"{'growth_rate': np.float64(0.030275229357798167), 'density_change': np.float64(0.025), 'degree_change': np.float64(0.051809523809523805), 'fraud_growth': np.float64(0.08484848484848487), 'clustering_change': np.float64(0.038262910798122066), 'feature_drift': np.float64(0.02694708901404595), 'variance_drift': np.float64(0.0024340672661473245), 'node_churn': np.float64(0.015137614678899083), 'structural_stability': np.float64(0.006102195945945949)}"
632,23,74,0.0,0.0,-0.2,0.0,0.0,13.027292295621008,-0.3979289567421315,3,0.6,0.9203,2.0,0.9375,0,0.2862625543602655,"{'growth_rate': np.float64(0.030275229357798167), 'density_change': np.float64(0.025), 'degree_change': np.float64(0.051809523809523805), 'fraud_growth': np.float64(0.08484848484848487), 'clustering_change': np.float64(0.038262910798122066), 'feature_drift': np.float64(0.03412119041839672), 'variance_drift': np.float64(0.0007054045030948755), 'node_churn': np.float64(0.015137614678899083), 'structural_stability': np.float64(0.006102195945945949)}"
632,24,53,0.0,0.0,0.0,0.0,0.0,10.655259884346467,0.198868659187163,3,0.6,0.9203,2.0,1.0,0,0.28752435582556,"{'growth_rate': np.float64(0.030275229357798167), 'density_change': np.float64(0.025), 'degree_change': np.float64(0.06476190476190477), 'fraud_growth': np.float64(0.08484848484848487), 'clustering_change': np.float64(0.038262910798122066), 'feature_drift': np.float64(0.02783358087988086), 'variance_drift': np.float64(0.001404630500470242), 'node_churn': np.float64(0.015137614678899083), 'structural_stability': np.float64(0.0)}"
636,23,85,0.0,0.0,0.0,0.0,0.0,14.98108479094452,0.0,3,0.6,0.9079333333333331,2.0,1.0,0,0.2987579347199257,"{'growth_rate': np.float64(0.030275229357798167), 'density_change': np.float64(0.025), 'degree_change': np.float64(0.06476190476190477), 'fraud_growth': np.float64(0.08484848484848487), 'clustering_change': np.float64(0.038262910798122066), 'feature_drift': np.float64(0.03930016026361735), 'variance_drift': np.float64(0.0011716300110994528), 'node_churn': np.float64(0.015137614678899083), 'structural_stability': np.float64(0.0)}"
636,24,67,0.0,0.0,0.0,0.0,0.0,11.156487863588431,0.0,3,0.6,0.9079333333333331,2.0,1.0,0,0.2886199737008765,"{'growth_rate': np.float64(0.030275229357798167), 'density_change': np.float64(0.025), 'degree_change': np.float64(0.06476190476190477), 'fraud_growth': np.float64(0.08484848484848487), 'clustering_change': np.float64(0.038262910798122066), 'feature_drift': np.float64(0.029162199244568133), 'variance_drift': np.float64(0.0011716300110994528), 'node_churn': np.float64(0.015137614678899083), 'structural_stability': np.float64(0.0)}"
639,23,89,0.0,0.0,0.0,0.0,0.0,10.756910134637703,2.969107376901215,3,0.6,0.8132999999999999,2.0,1.0,0,0.2910394976730533,"{'growth_rate': np.float64(0.030275229357798167), 'density_change': np.float64(0.025), 'degree_change': np.float64(0.06476190476190477), 'fraud_growth': np.float64(0.08484848484848487), 'clustering_change': np.float64(0.038262910798122066), 'feature_drift': np.float64(0.028103027907790682), 'variance_drift': np.float64(0.0046503253200536904), 'node_churn': np.float64(0.015137614678899083), 'structural_stability': np.float64(0.0)}"
639,24,80,0.0,0.0,0.0,0.0,0.0,9.852051250796665,-0.5960537168963574,3,0.6,0.8132999999999999,2.0,1.0,0,0.2844639143789637,"{'growth_rate': np.float64(0.030275229357798167), 'density_change': np.float64(0.025), 'degree_change': np.float64(0.06476190476190477), 'fraud_growth': np.float64(0.08484848484848487), 'clustering_change': np.float64(0.038262910798122066), 'feature_drift': np.float64(0.025704494345598457), 'variance_drift': np.float64(0.00047327558815630344), 'node_churn': np.float64(0.015137614678899083), 'structural_stability': np.float64(0.0)}"
654,23,125,0.0,0.0,0.0,0.0,0.0,9.228841887439067,0.0,2,0.4,0.94525,2.0,1.0,0,0.2835103111309599,"{'growth_rate': np.float64(0.030275229357798167), 'density_change': np.float64(0.025), 'degree_change': np.float64(0.06476190476190477), 'fraud_growth': np.float64(0.08484848484848487), 'clustering_change': np.float64(0.038262910798122066), 'feature_drift': np.float64(0.024052536674651563), 'variance_drift': np.float64(0.0011716300110994528), 'node_churn': np.float64(0.015137614678899083), 'structural_stability': np.float64(0.0)}"
656,23,116,0.0,0.0,0.0,-1.0,0.0,8.192575773623167,-0.1293519310977395,2,0.4,0.8379,2.0,1.0,0,0.1957634154686928,"{'growth_rate': np.float64(0.030275229357798167), 'density_change': np.float64(0.025), 'degree_change': np.float64(0.06476190476190477), 'fraud_growth': np.float64(0.0), 'clustering_change': np.float64(0.038262910798122066), 'feature_drift': np.float64(0.02130567846533703), 'variance_drift': np.float64(0.0010200774066316727), 'node_churn': np.float64(0.015137614678899083), 'structural_stability': np.float64(0.0)}"
657,23,164,0.0,0.0,0.0,0.0,0.0,7.114349323969234,0.0,3,0.6,0.8894333333333333,2.0,1.0,0,0.2779053693316823,"{'growth_rate': np.float64(0.030275229357798167), 'density_change': np.float64(0.025), 'degree_change': np.float64(0.06476190476190477), 'fraud_growth': np.float64(0.08484848484848487), 'clustering_change': np.float64(0.038262910798122066), 'feature_drift': np.float64(0.018447594875374014), 'variance_drift': np.float64(0.0011716300110994528), 'node_churn': np.float64(0.015137614678899083), 'structural_stability': np.float64(0.0)}"
657,24,15,0.0,0.0,0.0,0.0,0.0,6.340402397874558,0.0,3,0.6,0.8894333333333333,2.0,1.0,0,0.275853847585315,"{'growth_rate': np.float64(0.030275229357798167), 'density_change': np.float64(0.025), 'degree_change': np.float64(0.06476190476190477), 'fraud_growth': np.float64(0.08484848484848487), 'clustering_change': np.float64(0.038262910798122066), 'feature_drift': np.float64(0.016396073129006657), 'variance_drift': np.float64(0.0011716300110994528), 'node_churn': np.float64(0.015137614678899083), 'structural_stability': np.float64(0.0)}"
662,23,147,0.0,0.0,0.0,0.0,0.0,12.302475675183604,0.0,2,0.4,0.94245,2.0,1.0,0,0.2916576741390999,"{'growth_rate': np.float64(0.030275229357798167), 'density_change': np.float64(0.025), 'degree_change': np.float64(0.06476190476190477), 'fraud_growth': np.float64(0.08484848484848487), 'clustering_change': np.float64(0.038262910798122066), 'feature_drift': np.float64(0.03219989968279151), 'variance_drift': np.float64(0.0011716300110994528), 'node_churn': np.float64(0.015137614678899083), 'structural_stability': np.float64(0.0)}"
670,23,168,0.0,0.0,0.0,0.0,0.0,6.779628171558658,0.0,3,0.6,0.8735333333333334,2.0,1.0,0,0.2770181150510762,"{'growth_rate': np.float64(0.030275229357798167), 'density_change': np.float64(0.025), 'degree_change': np.float64(0.06476190476190477), 'fraud_growth': np.float64(0.08484848484848487), 'clustering_change': np.float64(0.038262910798122066), 'feature_drift': np.float64(0.017560340594767902), 'variance_drift': np.float64(0.0011716300110994528), 'node_churn': np.float64(0.015137614678899083), 'structural_stability': np.float64(0.0)}"
670,24,128,0.0,0.0,0.0,0.0,0.0,8.765706351305237,0.0,3,0.6,0.8735333333333334,2.0,1.0,0,0.2822826654205642,"{'growth_rate': np.float64(0.030275229357798167), 'density_change': np.float64(0.025), 'degree_change': np.float64(0.06476190476190477), 'fraud_growth': np.float64(0.08484848484848487), 'clustering_change': np.float64(0.038262910798122066), 'feature_drift': np.float64(0.022824890964255874), 'variance_drift': np.float64(0.0011716300110994528), 'node_churn': np.float64(0.015137614678899083), 'structural_stability': np.float64(0.0)}"
671,23,16,0.0,0.0,0.0,0.0,0.0,8.236798959704531,0.0,2,0.4,0.96875,2.0,1.0,0,0.2808806764997495,"{'growth_rate': np.float64(0.030275229357798167), 'density_change': np.float64(0.025), 'degree_change': np.float64(0.06476190476190477), 'fraud_growth': np.float64(0.08484848484848487), 'clustering_change': np.float64(0.038262910798122066), 'feature_drift': np.float64(0.021422902043441234), 'variance_drift': np.float64(0.0011716300110994528), 'node_churn': np.float64(0.015137614678899083), 'structural_stability': np.float64(0.0)}"
685,23,123,0.0,0.0,0.0,0.0,0.0,5.963464685699994,0.0,2,0.4,0.9341,2.0,1.0,0,0.2748546887444703,"{'growth_rate': np.float64(0.030275229357798167), 'density_change': np.float64(0.025), 'degree_change': np.float64(0.06476190476190477), 'fraud_growth': np.float64(0.08484848484848487), 'clustering_change': np.float64(0.038262910798122066), 'feature_drift': np.float64(0.015396914288161949), 'variance_drift': np.float64(0.0011716300110994528), 'node_churn': np.float64(0.015137614678899083), 'structural_stability': np.float64(0.0)}"
686,23,182,0.0,0.0,0.0,0.0,0.0,4.137579863103171,0.0,2,0.4,0.97295,2.0,1.0,1,0.2700147671766944,"{'growth_rate': np.float64(0.030275229357798167), 'density_change': np.float64(0.025), 'degree_change': np.float64(0.06476190476190477), 'fraud_growth': np.float64(0.08484848484848487), 'clustering_change': np.float64(0.038262910798122066), 'feature_drift': np.float64(0.010556992720386045), 'variance_drift': np.float64(0.0011716300110994528), 'node_churn': np.float64(0.015137614678899083), 'structural_stability': np.float64(0.0)}"
687,23,193,0.0,0.0,0.0,0.0,0.0,5.462719536733291,0.0,3,0.6,0.8925000000000001,2.0,1.0,1,0.2735273502308634,"{'growth_rate': np.float64(0.030275229357798167), 'density_change': np.float64(0.025), 'degree_change': np.float64(0.06476190476190477), 'fraud_growth': np.float64(0.08484848484848487), 'clustering_change': np.float64(0.038262910798122066), 'feature_drift': np.float64(0.014069575774555029), 'variance_drift': np.float64(0.0011716300110994528), 'node_churn': np.float64(0.015137614678899083), 'structural_stability': np.float64(0.0)}"
687,24,59,0.0,0.0,0.0,0.0,0.0,5.599672686037756,0.0,3,0.6,0.8925000000000001,2.0,1.0,1,0.2738903755941778,"{'growth_rate': np.float64(0.030275229357798167), 'density_change': np.float64(0.025), 'degree_change': np.float64(0.06476190476190477), 'fraud_growth': np.float64(0.08484848484848487), 'clustering_change': np.float64(0.038262910798122066), 'feature_drift': np.float64(0.014432601137869459), 'variance_drift': np.float64(0.0011716300110994528), 'node_churn': np.float64(0.015137614678899083), 'structural_stability': np.float64(0.0)}"
689,23,88,0.0,0.0,0.0,-1.0,0.0,0.6456322266942454,0.0,3,0.6,0.8573,2.0,1.0,0,0.1759100836513604,"{'growth_rate': np.float64(0.030275229357798167), 'density_change': np.float64(0.025), 'degree_change': np.float64(0.06476190476190477), 'fraud_growth': np.float64(0.0), 'clustering_change': np.float64(0.038262910798122066), 'feature_drift': np.float64(0.0013007940435368981), 'variance_drift': np.float64(0.0011716300110994528), 'node_churn': np.float64(0.015137614678899083), 'structural_stability': np.float64(0.0)}"
689,24,76,0.0,0.0,0.0,0.0,0.0,4.500383234378933,0.0,3,0.6,0.8573,2.0,1.0,0,0.2709764597433712,"{'growth_rate': np.float64(0.030275229357798167), 'density_change': np.float64(0.025), 'degree_change': np.float64(0.06476190476190477), 'fraud_growth': np.float64(0.08484848484848487), 'clustering_change': np.float64(0.038262910798122066), 'feature_drift': np.float64(0.011518685287062857), 'variance_drift': np.float64(0.0011716300110994528), 'node_churn': np.float64(0.015137614678899083), 'structural_stability': np.float64(0.0)}"
692,23,179,0.0,0.0,0.0,0.0,0.0,13.087540963682564,0.0,3,0.6,0.8823666666666666,2.0,1.0,0,0.2937386676250495,"{'growth_rate': np.float64(0.030275229357798167), 'density_change': np.float64(0.025), 'degree_change': np.float64(0.06476190476190477), 'fraud_growth': np.float64(0.08484848484848487), 'clustering_change': np.float64(0.038262910798122066), 'feature_drift': np.float64(0.034280893168741174), 'variance_drift': np.float64(0.0011716300110994528), 'node_churn': np.float64(0.015137614678899083), 'structural_stability': np.float64(0.0)}"
692,24,103,0.0,0.0,0.0,0.0,0.0,13.515884549149376,0.0,3,0.6,0.8823666666666666,2.0,1.0,0,0.2948740893844411,"{'growth_rate': np.float64(0.030275229357798167), 'density_change': np.float64(0.025), 'degree_change': np.float64(0.06476190476190477), 'fraud_growth': np.float64(0.08484848484848487), 'clustering_change': np.float64(0.038262910798122066), 'feature_drift': np.float64(0.035416314928132756), 'variance_drift': np.float64(0.0011716300110994528), 'node_churn': np.float64(0.015137614678899083), 'structural_stability': np.float64(0.0)}"
696,23,127,0.0,0.0,0.0,0.0,0.0,7.205702253279351,0.0,2,0.4,0.88235,2.0,1.0,0,0.2781475209763949,"{'growth_rate': np.float64(0.030275229357798167), 'density_change': np.float64(0.025), 'degree_change': np.float64(0.06476190476190477), 'fraud_growth': np.float64(0.08484848484848487), 'clustering_change': np.float64(0.038262910798122066), 'feature_drift': np.float64(0.01868974652008658), 'variance_drift': np.float64(0.0011716300110994528), 'node_churn': np.float64(0.015137614678899083), 'structural_stability': np.float64(0.0)}"
701,23,188,0.0,0.0,0.0,0.0,0.0,13.006177775446243,0.0,2,0.4,0.92695,2.0,1.0,0,0.2935229960532754,"{'growth_rate': np.float64(0.030275229357798167), 'density_change': np.float64(0.025), 'degree_change': np.float64(0.06476190476190477), 'fraud_growth': np.float64(0.08484848484848487), 'clustering_change': np.float64(0.038262910798122066), 'feature_drift': np.float64(0.03406522159696705), 'variance_drift': np.float64(0.0011716300110994528), 'node_churn': np.float64(0.015137614678899083), 'structural_stability': np.float64(0.0)}"
703,23,103,0.0,0.0,0.0,0.0,0.0,9.971924708941913,0.0,2,0.4,0.9291,2.0,1.0,0,0.2854800205726104,"{'growth_rate': np.float64(0.030275229357798167), 'density_change': np.float64(0.025), 'degree_change': np.float64(0.06476190476190477), 'fraud_growth': np.float64(0.08484848484848487), 'clustering_change': np.float64(0.038262910798122066), 'feature_drift': np.float64(0.026022246116302113), 'variance_drift': np.float64(0.0011716300110994528), 'node_churn': np.float64(0.015137614678899083), 'structural_stability': np.float64(0.0)}"
708,23,108,0.0,0.0,0.0,0.0,0.0,14.995742414369635,0.0,3,0.6,0.8391000000000001,2.0,1.0,0,0.298796788073034,"{'growth_rate': np.float64(0.030275229357798167), 'density_change': np.float64(0.025), 'degree_change': np.float64(0.06476190476190477), 'fraud_growth': np.float64(0.08484848484848487), 'clustering_change': np.float64(0.038262910798122066), 'feature_drift': np.float64(0.03933901361672572), 'variance_drift': np.float64(0.0011716300110994528), 'node_churn': np.float64(0.015137614678899083), 'structural_stability': np.float64(0.0)}"
708,24,92,0.0,0.0,0.0,0.0,0.0,17.084524413699,0.0,3,0.6,0.8391000000000001,2.0,1.0,0,0.3043335781946356,"{'growth_rate': np.float64(0.030275229357798167), 'density_change': np.float64(0.025), 'degree_change': np.float64(0.06476190476190477), 'fraud_growth': np.float64(0.08484848484848487), 'clustering_change': np.float64(0.038262910798122066), 'feature_drift': np.float64(0.04487580373832725), 'variance_drift': np.float64(0.0011716300110994528), 'node_churn': np.float64(0.015137614678899083), 'structural_stability': np.float64(0.0)}"
719,23,155,0.0,0.0,0.0,0.0,0.0,5.907662112544304,0.0,2,0.4,0.9203,2.0,1.0,0,0.2747067713764024,"{'growth_rate': np.float64(0.030275229357798167), 'density_change': np.float64(0.025), 'degree_change': np.float64(0.06476190476190477), 'fraud_growth': np.float64(0.08484848484848487), 'clustering_change': np.float64(0.038262910798122066), 'feature_drift': np.float64(0.015248996920094068), 'variance_drift': np.float64(0.0011716300110994528), 'node_churn': np.float64(0.015137614678899083), 'structural_stability': np.float64(0.0)}"
721,23,136,0.0,0.0,0.0,0.0,0.0,18.21917290527946,0.0,2,0.4,0.90215,2.0,1.0,0,0.3073412211950491,"{'growth_rate': np.float64(0.030275229357798167), 'density_change': np.float64(0.025), 'degree_change': np.float64(0.06476190476190477), 'fraud_growth': np.float64(0.08484848484848487), 'clustering_change': np.float64(0.038262910798122066), 'feature_drift': np.float64(0.0478834467387408), 'variance_drift': np.float64(0.0011716300110994528), 'node_churn': np.float64(0.015137614678899083), 'structural_stability': np.float64(0.0)}"
722,23,184,0.0,0.0,0.0,0.0,0.0,1.6556743621517391,0.0,3,0.6,0.9704333333333331,2.0,1.0,0,0.2634359141107314,"{'growth_rate': np.float64(0.030275229357798167), 'density_change': np.float64(0.025), 'degree_change': np.float64(0.06476190476190477), 'fraud_growth': np.float64(0.08484848484848487), 'clustering_change': np.float64(0.038262910798122066), 'feature_drift': np.float64(0.003978139654423002), 'variance_drift': np.float64(0.0011716300110994528), 'node_churn': np.float64(0.015137614678899083), 'structural_stability': np.float64(0.0)}"
722,24,50,0.0,0.0,0.0,0.0,0.0,4.998349348247754,0.0,3,0.6,0.9704333333333331,2.0,1.0,0,0.2722964317945697,"{'growth_rate': np.float64(0.030275229357798167), 'density_change': np.float64(0.025), 'degree_change': np.float64(0.06476190476190477), 'fraud_growth': np.float64(0.08484848484848487), 'clustering_change': np.float64(0.038262910798122066), 'feature_drift': np.float64(0.012838657338261313), 'variance_drift': np.float64(0.0011716300110994528), 'node_churn': np.float64(0.015137614678899083), 'structural_stability': np.float64(0.0)}"
724,23,133,0.0,0.0,0.0,0.0,0.0,13.678834482435528,0.0,2,0.4,0.9464,2.0,1.0,0,0.2953060251159938,"{'growth_rate': np.float64(0.030275229357798167), 'density_change': np.float64(0.025), 'degree_change': np.float64(0.06476190476190477), 'fraud_growth': np.float64(0.08484848484848487), 'clustering_change': np.float64(0.038262910798122066), 'feature_drift': np.float64(0.035848250659685436), 'variance_drift': np.float64(0.0011716300110994528), 'node_churn': np.float64(0.015137614678899083), 'structural_stability': np.float64(0.0)}"
726,23,110,0.0,0.0,0.0,0.0,0.0,3.083028071831831,0.0,2,0.4,0.9796,2.0,1.0,0,0.2672194386347484,"{'growth_rate': np.float64(0.030275229357798167), 'density_change': np.float64(0.025), 'degree_change': np.float64(0.06476190476190477), 'fraud_growth': np.float64(0.08484848484848487), 'clustering_change': np.float64(0.038262910798122066), 'feature_drift': np.float64(0.0077616641784400645), 'variance_drift': np.float64(0.0011716300110994528), 'node_churn': np.float64(0.015137614678899083), 'structural_stability': np.float64(0.0)}"
727,23,95,0.0,0.0,0.0,0.0,0.0,8.522860701199429,0.0,2,0.4,0.8735999999999999,2.0,1.0,1,0.2816389479828367,"{'growth_rate': np.float64(0.030275229357798167), 'density_change': np.float64(0.025), 'degree_change': np.float64(0.06476190476190477), 'fraud_growth': np.float64(0.08484848484848487), 'clustering_change': np.float64(0.038262910798122066), 'feature_drift': np.float64(0.02218117352652832), 'variance_drift': np.float64(0.0011716300110994528), 'node_churn': np.float64(0.015137614678899083), 'structural_stability': np.float64(0.0)}"
729,23,3,0.0,0.0,0.0,0.0,0.0,19.10587103972739,0.0,3,0.6,0.8748333333333335,2.0,1.0,0,0.3096916155747546,"{'growth_rate': np.float64(0.030275229357798167), 'density_change': np.float64(0.025), 'degree_change': np.float64(0.06476190476190477), 'fraud_growth': np.float64(0.08484848484848487), 'clustering_change': np.float64(0.038262910798122066), 'feature_drift': np.float64(0.050233841118446323), 'variance_drift': np.float64(0.0011716300110994528), 'node_churn': np.float64(0.015137614678899083), 'structural_stability': np.float64(0.0)}"
729,24,158,0.0,0.0,0.0,0.0,0.0,13.714533288297377,0.0,3,0.6,0.8748333333333335,2.0,1.0,0,0.2954006528922348,"{'growth_rate': np.float64(0.030275229357798167), 'density_change': np.float64(0.025), 'degree_change': np.float64(0.06476190476190477), 'fraud_growth': np.float64(0.08484848484848487), 'clustering_change': np.float64(0.038262910798122066), 'feature_drift': np.float64(0.03594287843592648), 'variance_drift': np.float64(0.0011716300110994528), 'node_churn': np.float64(0.015137614678899083), 'structural_stability': np.float64(0.0)}"
731,23,55,0.0,0.0,0.0,-1.0,0.0,11.023067727156526,0.0,2,0.4,0.84665,2.0,1.0,0,0.2034178285404701,"{'growth_rate': np.float64(0.030275229357798167), 'density_change': np.float64(0.025), 'degree_change': np.float64(0.06476190476190477), 'fraud_growth': np.float64(0.0), 'clustering_change': np.float64(0.038262910798122066), 'feature_drift': np.float64(0.028808538932646604), 'variance_drift': np.float64(0.0011716300110994528), 'node_churn': np.float64(0.015137614678899083), 'structural_stability': np.float64(0.0)}"
736,23,111,0.0,0.0,0.0,0.0,0.0,13.728890950417217,4.137385033505406,2,0.4,0.8589,2.0,1.0,0,0.3002861956026446,"{'growth_rate': np.float64(0.030275229357798167), 'density_change': np.float64(0.025), 'degree_change': np.float64(0.06476190476190477), 'fraud_growth': np.float64(0.08484848484848487), 'clustering_change': np.float64(0.038262910798122066), 'feature_drift': np.float64(0.03598093667360755), 'variance_drift': np.float64(0.006019114483828102), 'node_churn': np.float64(0.015137614678899083), 'structural_stability': np.float64(0.0)}"
737,23,13,0.0,0.0,0.0,0.0,0.0,2.10109895509894,0.0,3,0.6,0.9657,2.0,1.0,1,0.2646166129519414,"{'growth_rate': np.float64(0.030275229357798167), 'density_change': np.float64(0.025), 'degree_change': np.float64(0.06476190476190477), 'fraud_growth': np.float64(0.08484848484848487), 'clustering_change': np.float64(0.038262910798122066), 'feature_drift': np.float64(0.005158838495632983), 'variance_drift': np.float64(0.0011716300110994528), 'node_churn': np.float64(0.015137614678899083), 'structural_stability': np.float64(0.0)}"
737,24,171,0.0,0.0,0.0,0.0,0.0,1.3840949890194076,0.0,3,0.6,0.9657,2.0,1.0,1,0.262716031427487,"{'growth_rate': np.float64(0.030275229357798167), 'density_change': np.float64(0.025), 'degree_change': np.float64(0.06476190476190477), 'fraud_growth': np.float64(0.08484848484848487), 'clustering_change': np.float64(0.038262910798122066), 'feature_drift': np.float64(0.0032582569711785995), 'variance_drift': np.float64(0.0011716300110994528), 'node_churn': np.float64(0.015137614678899083), 'structural_stability': np.float64(0.0)}"
741,23,201,0.0,0.0,0.0,1.0,0.0,3.195750265342419,-0.9743089401194068,3,0.6,0.8249666666666666,2.0,1.0,1,0.3512251896118282,"{'growth_rate': np.float64(0.030275229357798167), 'density_change': np.float64(0.025), 'degree_change': np.float64(0.06476190476190477), 'fraud_growth': np.float64(0.16969696969696973), 'clustering_change': np.float64(0.038262910798122066), 'feature_drift': np.float64(0.008060459901361396), 'variance_drift': np.float64(3.0100416773055954e-05), 'node_churn': np.float64(0.015137614678899083), 'structural_stability': np.float64(0.0)}"
741,24,95,0.5,-0.3333333333333333,0.3333333333333332,0.0,0.0,4.22335832762232,41.67558830545848,3,0.6,0.8249666666666666,2.5,0.8181818181818181,1,0.3734134793970139,"{'growth_rate': np.float64(0.04583333333333334), 'density_change': np.float64(0.016666666666666666), 'degree_change': np.float64(0.08634920634920636), 'fraud_growth': np.float64(0.08484848484848487), 'clustering_change': np.float64(0.038262910798122066), 'feature_drift': np.float64(0.010784367982691185), 'variance_drift': np.float64(0.05), 'node_churn': np.float64(0.02291666666666667), 'structural_stability': np.float64(0.017751842751842762)}"
742,23,31,0.0,0.0,0.0,0.0,0.0,4.330656425975444,0.0,3,0.6,0.9443333333333334,2.0,1.0,0,0.270526560368309,"{'growth_rate': np.float64(0.030275229357798167), 'density_change': np.float64(0.025), 'degree_change': np.float64(0.06476190476190477), 'fraud_growth': np.float64(0.08484848484848487), 'clustering_change': np.float64(0.038262910798122066), 'feature_drift': np.float64(0.011068785912000683), 'variance_drift': np.float64(0.0011716300110994528), 'node_churn': np.float64(0.015137614678899083), 'structural_stability': np.float64(0.0)}"
742,24,215,0.0,0.0,0.0,0.0,0.0,8.711460980796673,0.0,3,0.6,0.9443333333333334,2.0,1.0,0,0.2821388757710599,"{'growth_rate': np.float64(0.030275229357798167), 'density_change': np.float64(0.025), 'degree_change': np.float64(0.06476190476190477), 'fraud_growth': np.float64(0.08484848484848487), 'clustering_change': np.float64(0.038262910798122066), 'feature_drift': np.float64(0.02268110131475159), 'variance_drift': np.float64(0.0011716300110994528), 'node_churn': np.float64(0.015137614678899083), 'structural_stability': np.float64(0.0)}"
745,23,129,0.0,0.0,0.0,0.0,0.0,4.627845243118961,0.0,3,0.6,0.9325666666666668,2.0,1.0,1,0.2713143266874074,"{'growth_rate': np.float64(0.030275229357798167), 'density_change': np.float64(0.025), 'degree_change': np.float64(0.06476190476190477), 'fraud_growth': np.float64(0.08484848484848487), 'clustering_change': np.float64(0.038262910798122066), 'feature_drift': np.float64(0.011856552231099073), 'variance_drift': np.float64(0.0011716300110994528), 'node_churn': np.float64(0.015137614678899083), 'structural_stability': np.float64(0.0)}"
745,24,90,0.0,0.0,0.0,0.0,0.0,2.210075199542633,0.0,3,0.6,0.9325666666666668,2.0,1.0,1,0.2649054791878237,"{'growth_rate': np.float64(0.030275229357798167), 'density_change': np.float64(0.025), 'degree_change': np.float64(0.06476190476190477), 'fraud_growth': np.float64(0.08484848484848487), 'clustering_change': np.float64(0.038262910798122066), 'feature_drift': np.float64(0.005447704731515329), 'variance_drift': np.float64(0.0011716300110994528), 'node_churn': np.float64(0.015137614678899083), 'structural_stability': np.float64(0.0)}"
746,23,151,0.0,0.0,0.0,0.0,0.0,2.7695138498327143,0.0,2,0.4,0.9674,2.0,1.0,0,0.2663883981298495,"{'growth_rate': np.float64(0.030275229357798167), 'density_change': np.float64(0.025), 'degree_change': np.float64(0.06476190476190477), 'fraud_growth': np.float64(0.08484848484848487), 'clustering_change': np.float64(0.038262910798122066), 'feature_drift': np.float64(0.006930623673541217), 'variance_drift': np.float64(0.0011716300110994528), 'node_churn': np.float64(0.015137614678899083), 'structural_stability': np.float64(0.0)}"
749,23,105,0.0,0.0,0.0,0.0,0.0,8.35454860151625,0.0,2,0.4,0.93195,2.0,1.0,0,0.2811927986138881,"{'growth_rate': np.float64(0.030275229357798167), 'density_change': np.float64(0.025), 'degree_change': np.float64(0.06476190476190477), 'fraud_growth': np.float64(0.08484848484848487), 'clustering_change': np.float64(0.038262910798122066), 'feature_drift': np.float64(0.02173502415757979), 'variance_drift': np.float64(0.0011716300110994528), 'node_churn': np.float64(0.015137614678899083), 'structural_stability': np.float64(0.0)}"
753,23,77,0.0,0.0,0.0,0.0,0.0,21.633002433751383,0.0,2,0.4,0.9724,2.0,1.0,0,0.3163903501209704,"{'growth_rate': np.float64(0.030275229357798167), 'density_change': np.float64(0.025), 'degree_change': np.float64(0.06476190476190477), 'fraud_growth': np.float64(0.08484848484848487), 'clustering_change': np.float64(0.038262910798122066), 'feature_drift': np.float64(0.05693257566466206), 'variance_drift': np.float64(0.0011716300110994528), 'node_churn': np.float64(0.015137614678899083), 'structural_stability': np.float64(0.0)}"
754,23,59,0.0,0.0,0.0,0.0,0.0,6.402258049603949,0.0,3,0.6,0.9115666666666667,2.0,1.0,0,0.2760178100101015,"{'growth_rate': np.float64(0.030275229357798167), 'density_change': np.float64(0.025), 'degree_change': np.float64(0.06476190476190477), 'fraud_growth': np.float64(0.08484848484848487), 'clustering_change': np.float64(0.038262910798122066), 'feature_drift': np.float64(0.016560035553793193), 'variance_drift': np.float64(0.0011716300110994528), 'node_churn': np.float64(0.015137614678899083), 'structural_stability': np.float64(0.0)}"
754,24,226,0.0,0.0,0.0,0.0,0.0,4.736501244281909,0.0,3,0.6,0.9115666666666667,2.0,1.0,0,0.2716023440458895,"{'growth_rate': np.float64(0.030275229357798167), 'density_change': np.float64(0.025), 'degree_change': np.float64(0.06476190476190477), 'fraud_growth': np.float64(0.08484848484848487), 'clustering_change': np.float64(0.038262910798122066), 'feature_drift': np.float64(0.01214456958958114), 'variance_drift': np.float64(0.0011716300110994528), 'node_churn': np.float64(0.015137614678899083), 'structural_stability': np.float64(0.0)}"
756,23,162,0.0,0.0,0.0,0.0,0.0,14.81998429884912,0.0,3,0.6,0.8676,2.0,1.0,0,0.2983309013514337,"{'growth_rate': np.float64(0.030275229357798167), 'density_change': np.float64(0.025), 'degree_change': np.float64(0.06476190476190477), 'fraud_growth': np.float64(0.08484848484848487), 'clustering_change': np.float64(0.038262910798122066), 'feature_drift': np.float64(0.03887312689512542), 'variance_drift': np.float64(0.0011716300110994528), 'node_churn': np.float64(0.015137614678899083), 'structural_stability': np.float64(0.0)}"
756,24,180,0.0,0.0,0.0,0.0,0.0,19.02958459646358,0.0,3,0.6,0.8676,2.0,1.0,0,0.3094894010661986,"{'growth_rate': np.float64(0.030275229357798167), 'density_change': np.float64(0.025), 'degree_change': np.float64(0.06476190476190477), 'fraud_growth': np.float64(0.08484848484848487), 'clustering_change': np.float64(0.038262910798122066), 'feature_drift': np.float64(0.05003162660989024), 'variance_drift': np.float64(0.0011716300110994528), 'node_churn': np.float64(0.015137614678899083), 'structural_stability': np.float64(0.0)}"
761,23,206,0.0,0.0,0.0,0.0,0.0,3.459991873205695,0.0,2,0.4,0.90845,2.0,1.0,1,0.2682186666309291,"{'growth_rate': np.float64(0.030275229357798167), 'density_change': np.float64(0.025), 'degree_change': np.float64(0.06476190476190477), 'fraud_growth': np.float64(0.08484848484848487), 'clustering_change': np.float64(0.038262910798122066), 'feature_drift': np.float64(0.008760892174620755), 'variance_drift': np.float64(0.0011716300110994528), 'node_churn': np.float64(0.015137614678899083), 'structural_stability': np.float64(0.0)}"
762,23,128,0.0,0.0,0.0,0.0,0.0,6.001147925678262,0.0,2,0.4,0.9461,2.0,1.0,0,0.2749545767131183,"{'growth_rate': np.float64(0.030275229357798167), 'density_change': np.float64(0.025), 'degree_change': np.float64(0.06476190476190477), 'fraud_growth': np.float64(0.08484848484848487), 'clustering_change': np.float64(0.038262910798122066), 'feature_drift': np.float64(0.015496802256809994), 'variance_drift': np.float64(0.0011716300110994528), 'node_churn': np.float64(0.015137614678899083), 'structural_stability': np.float64(0.0)}"
763,23,98,0.0,0.0,0.0,0.0,0.0,2.8167703457906743,0.0,2,0.4,0.9857,2.0,1.0,0,0.2665136621832958,"{'growth_rate': np.float64(0.030275229357798167), 'density_change': np.float64(0.025), 'degree_change': np.float64(0.06476190476190477), 'fraud_growth': np.float64(0.08484848484848487), 'clustering_change': np.float64(0.038262910798122066), 'feature_drift': np.float64(0.007055887726987457), 'variance_drift': np.float64(0.0011716300110994528), 'node_churn': np.float64(0.015137614678899083), 'structural_stability': np.float64(0.0)}"
765,23,141,0.0,0.0,0.0,0.0,0.0,4.573713838967288,0.0,2,0.4,0.94235,2.0,1.0,0,0.2711708391315631,"{'growth_rate': np.float64(0.030275229357798167), 'density_change': np.float64(0.025), 'degree_change': np.float64(0.06476190476190477), 'fraud_growth': np.float64(0.08484848484848487), 'clustering_change': np.float64(0.038262910798122066), 'feature_drift': np.float64(0.011713064675254745), 'variance_drift': np.float64(0.0011716300110994528), 'node_churn': np.float64(0.015137614678899083), 'structural_stability': np.float64(0.0)}"
766,23,39,0.0,0.0,0.0,0.0,0.0,10.899752269857403,0.0,3,0.6,0.9049333333333331,2.0,1.0,0,0.2879394378193485,"{'growth_rate': np.float64(0.030275229357798167), 'density_change': np.float64(0.025), 'degree_change': np.float64(0.06476190476190477), 'fraud_growth': np.float64(0.08484848484848487), 'clustering_change': np.float64(0.038262910798122066), 'feature_drift': np.float64(0.028481663363040123), 'variance_drift': np.float64(0.0011716300110994528), 'node_churn': np.float64(0.015137614678899083), 'structural_stability': np.float64(0.0)}"
766,24,186,0.0,0.0,0.0,0.0,0.0,15.438031911982597,0.0,3,0.6,0.9049333333333331,2.0,1.0,0,0.2999691766334764,"{'growth_rate': np.float64(0.030275229357798167), 'density_change': np.float64(0.025), 'degree_change': np.float64(0.06476190476190477), 'fraud_growth': np.float64(0.08484848484848487), 'clustering_change': np.float64(0.038262910798122066), 'feature_drift': np.float64(0.04051140217716802), 'variance_drift': np.float64(0.0011716300110994528), 'node_churn': np.float64(0.015137614678899083), 'structural_stability': np.float64(0.0)}"
767,23,107,0.0,0.0,0.0,0.0,0.0,19.687011682607864,0.0,2,0.4,0.8971,2.0,1.0,0,0.3112320605670012,"{'growth_rate': np.float64(0.030275229357798167), 'density_change': np.float64(0.025), 'degree_change': np.float64(0.06476190476190477), 'fraud_growth': np.float64(0.08484848484848487), 'clustering_change': np.float64(0.038262910798122066), 'feature_drift': np.float64(0.05177428611069293), 'variance_drift': np.float64(0.0011716300110994528), 'node_churn': np.float64(0.015137614678899083), 'structural_stability': np.float64(0.0)}"
768,23,142,0.0,0.0,0.0,0.0,0.0,11.918041433729115,0.0,3,0.6,0.927,2.0,1.0,0,0.2906386440482746,"{'growth_rate': np.float64(0.030275229357798167), 'density_change': np.float64(0.025), 'degree_change': np.float64(0.06476190476190477), 'fraud_growth': np.float64(0.08484848484848487), 'clustering_change': np.float64(0.038262910798122066), 'feature_drift': np.float64(0.031180869591966337), 'variance_drift': np.float64(0.0011716300110994528), 'node_churn': np.float64(0.015137614678899083), 'structural_stability': np.float64(0.0)}"
768,24,199,0.0,0.0,0.0,0.0,0.0,14.536757053208564,0.0,3,0.6,0.927,2.0,1.0,0,0.2975801433420605,"{'growth_rate': np.float64(0.030275229357798167), 'density_change': np.float64(0.025), 'degree_change': np.float64(0.06476190476190477), 'fraud_growth': np.float64(0.08484848484848487), 'clustering_change': np.float64(0.038262910798122066), 'feature_drift': np.float64(0.03812236888575223), 'variance_drift': np.float64(0.0011716300110994528), 'node_churn': np.float64(0.015137614678899083), 'structural_stability': np.float64(0.0)}"
771,23,137,0.0,0.0,0.0,0.0,0.0,14.829871928085296,0.0,2,0.4,0.87595,2.0,1.0,0,0.2983571107538024,"{'growth_rate': np.float64(0.030275229357798167), 'density_change': np.float64(0.025), 'degree_change': np.float64(0.06476190476190477), 'fraud_growth': np.float64(0.08484848484848487), 'clustering_change': np.float64(0.038262910798122066), 'feature_drift': np.float64(0.038899336297494105), 'variance_drift': np.float64(0.0011716300110994528), 'node_churn': np.float64(0.015137614678899083), 'structural_stability': np.float64(0.0)}"
772,23,199,0.0,0.0,0.0,0.0,0.0,1.8060221806717889,0.0,3,0.6,0.9543666666666668,2.0,1.0,0,0.2638344450807672,"{'growth_rate': np.float64(0.030275229357798167), 'density_change': np.float64(0.025), 'degree_change': np.float64(0.06476190476190477), 'fraud_growth': np.float64(0.08484848484848487), 'clustering_change': np.float64(0.038262910798122066), 'feature_drift': np.float64(0.004376670624458851), 'variance_drift': np.float64(0.0011716300110994528), 'node_churn': np.float64(0.015137614678899083), 'structural_stability': np.float64(0.0)}"
772,24,204,0.0,0.0,0.0,0.0,0.0,2.200033542496547,0.0,3,0.6,0.9543666666666668,2.0,1.0,0,0.2648788614998337,"{'growth_rate': np.float64(0.030275229357798167), 'density_change': np.float64(0.025), 'degree_change': np.float64(0.06476190476190477), 'fraud_growth': np.float64(0.08484848484848487), 'clustering_change': np.float64(0.038262910798122066), 'feature_drift': np.float64(0.005421087043525329), 'variance_drift': np.float64(0.0011716300110994528), 'node_churn': np.float64(0.015137614678899083), 'structural_stability': np.float64(0.0)}"
774,23,159,0.0,0.0,0.0,0.0,0.0,2.862530341854701,0.0,3,0.6,0.9522666666666666,2.0,1.0,0,0.2666349594245844,"{'growth_rate': np.float64(0.030275229357798167), 'density_change': np.float64(0.025), 'degree_change': np.float64(0.06476190476190477), 'fraud_growth': np.float64(0.08484848484848487), 'clustering_change': np.float64(0.038262910798122066), 'feature_drift': np.float64(0.007177184968276002), 'variance_drift': np.float64(0.0011716300110994528), 'node_churn': np.float64(0.015137614678899083), 'structural_stability': np.float64(0.0)}"
774,24,101,0.0,0.0,0.0,0.0,0.0,5.993544931997364,0.0,3,0.6,0.9522666666666666,2.0,1.0,0,0.2749344232551124,"{'growth_rate': np.float64(0.030275229357798167), 'density_change': np.float64(0.025), 'degree_change': np.float64(0.06476190476190477), 'fraud_growth': np.float64(0.08484848484848487), 'clustering_change': np.float64(0.038262910798122066), 'feature_drift': np.float64(0.015476648798804081), 'variance_drift': np.float64(0.0011716300110994528), 'node_churn': np.float64(0.015137614678899083), 'structural_stability': np.float64(0.0)}"
775,23,149,0.0,0.0,0.0,0.0,0.0,22.9135578212852,0.0,2,0.4,0.8849,2.0,1.0,0,0.3197847524196006,"{'growth_rate': np.float64(0.030275229357798167), 'density_change': np.float64(0.025), 'degree_change': np.float64(0.06476190476190477), 'fraud_growth': np.float64(0.08484848484848487), 'clustering_change': np.float64(0.038262910798122066), 'feature_drift': np.float64(0.0603269779632922), 'variance_drift': np.float64(0.0011716300110994528), 'node_churn': np.float64(0.015137614678899083), 'structural_stability': np.float64(0.0)}"
777,23,21,0.0,0.0,0.0,0.0,0.0,3.5848739653151447,0.0,3,0.6,0.9646333333333332,2.0,1.0,1,0.2685496949211856,"{'growth_rate': np.float64(0.030275229357798167), 'density_change': np.float64(0.025), 'degree_change': np.float64(0.06476190476190477), 'fraud_growth': np.float64(0.08484848484848487), 'clustering_change': np.float64(0.038262910798122066), 'feature_drift': np.float64(0.009091920464877246), 'variance_drift': np.float64(0.0011716300110994528), 'node_churn': np.float64(0.015137614678899083), 'structural_stability': np.float64(0.0)}"
777,24,114,0.0,0.0,0.0,0.0,0.0,4.274350189808858,0.0,3,0.6,0.9646333333333332,2.0,1.0,1,0.2703773079272731,"{'growth_rate': np.float64(0.030275229357798167), 'density_change': np.float64(0.025), 'degree_change': np.float64(0.06476190476190477), 'fraud_growth': np.float64(0.08484848484848487), 'clustering_change': np.float64(0.038262910798122066), 'feature_drift': np.float64(0.0109195334709648), 'variance_drift': np.float64(0.0011716300110994528), 'node_churn': np.float64(0.015137614678899083), 'structural_stability': np.float64(0.0)}"
783,23,4,0.0,0.0,0.0,0.0,0.0,3.556449457313208,0.0,3,0.6,0.9456,2.0,1.0,0,0.2684743493201765,"{'growth_rate': np.float64(0.030275229357798167), 'density_change': np.float64(0.025), 'degree_change': np.float64(0.06476190476190477), 'fraud_growth': np.float64(0.08484848484848487), 'clustering_change': np.float64(0.038262910798122066), 'feature_drift': np.float64(0.009016574863868124), 'variance_drift': np.float64(0.0011716300110994528), 'node_churn': np.float64(0.015137614678899083), 'structural_stability': np.float64(0.0)}"
783,24,151,0.0,0.0,0.0,0.0,0.0,3.4161913794265804,0.0,3,0.6,0.9456,2.0,1.0,0,0.2681025634945772,"{'growth_rate': np.float64(0.030275229357798167), 'density_change': np.float64(0.025), 'degree_change': np.float64(0.06476190476190477), 'fraud_growth': np.float64(0.08484848484848487), 'clustering_change': np.float64(0.038262910798122066), 'feature_drift': np.float64(0.008644789038268883), 'variance_drift': np.float64(0.0011716300110994528), 'node_churn': np.float64(0.015137614678899083), 'structural_stability': np.float64(0.0)}"
786,23,60,0.0,0.0,0.0,0.0,0.0,7.295970066146446,0.0,3,0.6,0.9171,2.0,1.0,0,0.2783867962740284,"{'growth_rate': np.float64(0.030275229357798167), 'density_change': np.float64(0.025), 'degree_change': np.float64(0.06476190476190477), 'fraud_growth': np.float64(0.08484848484848487), 'clustering_change': np.float64(0.038262910798122066), 'feature_drift': np.float64(0.01892902181772012), 'variance_drift': np.float64(0.0011716300110994528), 'node_churn': np.float64(0.015137614678899083), 'structural_stability': np.float64(0.0)}"
786,24,112,0.0,0.0,0.0,0.0,0.0,10.229731077162905,0.0,3,0.6,0.9171,2.0,1.0,0,0.2861633947846203,"{'growth_rate': np.float64(0.030275229357798167), 'density_change': np.float64(0.025), 'degree_change': np.float64(0.06476190476190477), 'fraud_growth': np.float64(0.08484848484848487), 'clustering_change': np.float64(0.038262910798122066), 'feature_drift': np.float64(0.02670562032831191), 'variance_drift': np.float64(0.0011716300110994528), 'node_churn': np.float64(0.015137614678899083), 'structural_stability': np.float64(0.0)}"
788,23,175,0.0,0.0,0.0,0.0,0.0,9.7666197829922,0.0,2,0.4,0.9586,2.0,1.0,0,0.2849358133330424,"{'growth_rate': np.float64(0.030275229357798167), 'density_change': np.float64(0.025), 'degree_change': np.float64(0.06476190476190477), 'fraud_growth': np.float64(0.08484848484848487), 'clustering_change': np.float64(0.038262910798122066), 'feature_drift': np.float64(0.025478038876734048), 'variance_drift': np.float64(0.0011716300110994528), 'node_churn': np.float64(0.015137614678899083), 'structural_stability': np.float64(0.0)}"
789,23,163,0.0,0.0,0.0,0.0,0.0,28.395861807266265,0.0,2,0.4,0.89305,2.0,1.0,0,0.3343168417247278,"{'growth_rate': np.float64(0.030275229357798167), 'density_change': np.float64(0.025), 'degree_change': np.float64(0.06476190476190477), 'fraud_growth': np.float64(0.08484848484848487), 'clustering_change': np.float64(0.038262910798122066), 'feature_drift': np.float64(0.07485906726841951), 'variance_drift': np.float64(0.0011716300110994528), 'node_churn': np.float64(0.015137614678899083), 'structural_stability': np.float64(0.0)}"
790,23,57,0.0,0.0,0.0,0.0,0.0,5.569075032744547,0.0,3,0.6,0.8894000000000001,2.0,1.0,0,0.2738092695790204,"{'growth_rate': np.float64(0.030275229357798167), 'density_change': np.float64(0.025), 'degree_change': np.float64(0.06476190476190477), 'fraud_growth': np.float64(0.08484848484848487), 'clustering_change': np.float64(0.038262910798122066), 'feature_drift': np.float64(0.0143514951227121), 'variance_drift': np.float64(0.0011716300110994528), 'node_churn': np.float64(0.015137614678899083), 'structural_stability': np.float64(0.0)}"
790,24,153,0.0,0.0,0.0,0.0,0.0,5.216479457933951,0.0,3,0.6,0.8894000000000001,2.0,1.0,0,0.2728746350905202,"{'growth_rate': np.float64(0.030275229357798167), 'density_change': np.float64(0.025), 'degree_change': np.float64(0.06476190476190477), 'fraud_growth': np.float64(0.08484848484848487), 'clustering_change': np.float64(0.038262910798122066), 'feature_drift': np.float64(0.01341686063421185), 'variance_drift': np.float64(0.0011716300110994528), 'node_churn': np.float64(0.015137614678899083), 'structural_stability': np.float64(0.0)}"
791,23,121,0.0,0.0,0.0,0.0,0.0,14.111608181262012,0.0,3,0.6,0.9387,2.0,1.0,0,0.2964531898949514,"{'growth_rate': np.float64(0.030275229357798167), 'density_change': np.float64(0.025), 'degree_change': np.float64(0.06476190476190477), 'fraud_growth': np.float64(0.08484848484848487), 'clustering_change': np.float64(0.038262910798122066), 'feature_drift': np.float64(0.03699541543864311), 'variance_drift': np.float64(0.0011716300110994528), 'node_churn': np.float64(0.015137614678899083), 'structural_stability': np.float64(0.0)}"
791,24,235,0.0,0.0,0.0,0.0,0.0,10.396607778227072,0.0,3,0.6,0.9387,2.0,1.0,0,0.2866057393041892,"{'growth_rate': np.float64(0.030275229357798167), 'density_change': np.float64(0.025), 'degree_change': np.float64(0.06476190476190477), 'fraud_growth': np.float64(0.08484848484848487), 'clustering_change': np.float64(0.038262910798122066), 'feature_drift': np.float64(0.027147964847880825), 'variance_drift': np.float64(0.0011716300110994528), 'node_churn': np.float64(0.015137614678899083), 'structural_stability': np.float64(0.0)}"
795,23,169,0.0,0.0,0.0,0.0,0.0,15.461914445861854,0.0,2,0.4,0.91435,2.0,1.0,0,0.3000324827026133,"{'growth_rate': np.float64(0.030275229357798167), 'density_change': np.float64(0.025), 'degree_change': np.float64(0.06476190476190477), 'fraud_growth': np.float64(0.08484848484848487), 'clustering_change': np.float64(0.038262910798122066), 'feature_drift': np.float64(0.04057470824630493), 'variance_drift': np.float64(0.0011716300110994528), 'node_churn': np.float64(0.015137614678899083), 'structural_stability': np.float64(0.0)}"
797,23,75,0.0,0.0,0.0,0.0,0.0,6.14897158334764,0.0,2,0.4,0.94475,2.0,1.0,0,0.2753464168227064,"{'growth_rate': np.float64(0.030275229357798167), 'density_change': np.float64(0.025), 'degree_change': np.float64(0.06476190476190477), 'fraud_growth': np.float64(0.08484848484848487), 'clustering_change': np.float64(0.038262910798122066), 'feature_drift': np.float64(0.015888642366398073), 'variance_drift': np.float64(0.0011716300110994528), 'node_churn': np.float64(0.015137614678899083), 'structural_stability': np.float64(0.0)}"
798,23,172,0.0,0.0,0.0,0.0,0.0,1.4784658113595668,0.0,2,0.4,0.98385,2.0,1.0,0,0.2629661826816955,"{'growth_rate': np.float64(0.030275229357798167), 'density_change': np.float64(0.025), 'degree_change': np.float64(0.06476190476190477), 'fraud_growth': np.float64(0.08484848484848487), 'clustering_change': np.float64(0.038262910798122066), 'feature_drift': np.float64(0.0035084082253871132), 'variance_drift': np.float64(0.0011716300110994528), 'node_churn': np.float64(0.015137614678899083), 'structural_stability': np.float64(0.0)}"
799,23,93,0.0,0.0,0.0,0.0,0.0,5.2671267465798355,0.0,2,0.4,0.94905,2.0,1.0,0,0.273008887208525,"{'growth_rate': np.float64(0.030275229357798167), 'density_change': np.float64(0.025), 'degree_change': np.float64(0.06476190476190477), 'fraud_growth': np.float64(0.08484848484848487), 'clustering_change': np.float64(0.038262910798122066), 'feature_drift': np.float64(0.01355111275221673), 'variance_drift': np.float64(0.0011716300110994528), 'node_churn': np.float64(0.015137614678899083), 'structural_stability': np.float64(0.0)}"
800,23,144,0.0,0.0,0.0,0.0,0.0,1.996678597237073,0.0,2,0.4,0.9783,2.0,1.0,1,0.2643398231260575,"{'growth_rate': np.float64(0.030275229357798167), 'density_change': np.float64(0.025), 'degree_change': np.float64(0.06476190476190477), 'fraud_growth': np.float64(0.08484848484848487), 'clustering_change': np.float64(0.038262910798122066), 'feature_drift': np.float64(0.004882048669749139), 'variance_drift': np.float64(0.0011716300110994528), 'node_churn': np.float64(0.015137614678899083), 'structural_stability': np.float64(0.0)}"
801,23,204,0.0,0.0,0.0,0.0,0.0,5.088118180509837,0.0,2,0.4,0.9488,2.0,1.0,0,0.2725343844310133,"{'growth_rate': np.float64(0.030275229357798167), 'density_change': np.float64(0.025), 'degree_change': np.float64(0.06476190476190477), 'fraud_growth': np.float64(0.08484848484848487), 'clustering_change': np.float64(0.038262910798122066), 'feature_drift': np.float64(0.013076609974704936), 'variance_drift': np.float64(0.0011716300110994528), 'node_churn': np.float64(0.015137614678899083), 'structural_stability': np.float64(0.0)}"
802,23,138,0.0,0.0,0.0,0.0,0.0,7.385987564888718,0.0,2,0.4,0.9225,2.0,1.0,0,0.2786254080573392,"{'growth_rate': np.float64(0.030275229357798167), 'density_change': np.float64(0.025), 'degree_change': np.float64(0.06476190476190477), 'fraud_growth': np.float64(0.08484848484848487), 'clustering_change': np.float64(0.038262910798122066), 'feature_drift': np.float64(0.019167633601030926), 'variance_drift': np.float64(0.0011716300110994528), 'node_churn': np.float64(0.015137614678899083), 'structural_stability': np.float64(0.0)}"
803,23,207,0.0,0.0,0.0,0.0,0.0,4.884808516954999,0.0,3,0.6,0.9539,2.0,1.0,0,0.2719954660866585,"{'growth_rate': np.float64(0.030275229357798167), 'density_change': np.float64(0.025), 'degree_change': np.float64(0.06476190476190477), 'fraud_growth': np.float64(0.08484848484848487), 'clustering_change': np.float64(0.038262910798122066), 'feature_drift': np.float64(0.0125376916303502), 'variance_drift': np.float64(0.0011716300110994528), 'node_churn': np.float64(0.015137614678899083), 'structural_stability': np.float64(0.0)}"
803,24,123,0.0,0.0,0.0,0.0,0.0,2.724080362201122,0.0,3,0.6,0.9539,2.0,1.0,0,0.2662679663731659,"{'growth_rate': np.float64(0.030275229357798167), 'density_change': np.float64(0.025), 'degree_change': np.float64(0.06476190476190477), 'fraud_growth': np.float64(0.08484848484848487), 'clustering_change': np.float64(0.038262910798122066), 'feature_drift': np.float64(0.006810191916857527), 'variance_drift': np.float64(0.0011716300110994528), 'node_churn': np.float64(0.015137614678899083), 'structural_stability': np.float64(0.0)}"
804,23,191,0.0,0.0,0.0,0.0,0.0,8.342126893881158,0.0,3,0.6,0.9272333333333332,2.0,1.0,0,0.2811598720623622,"{'growth_rate': np.float64(0.030275229357798167), 'density_change': np.float64(0.025), 'degree_change': np.float64(0.06476190476190477), 'fraud_growth': np.float64(0.08484848484848487), 'clustering_change': np.float64(0.038262910798122066), 'feature_drift': np.float64(0.02170209760605384), 'variance_drift': np.float64(0.0011716300110994528), 'node_churn': np.float64(0.015137614678899083), 'structural_stability': np.float64(0.0)}"
804,24,40,0.0,0.0,0.0,0.0,0.0,5.289116734282786,0.0,3,0.6,0.9272333333333332,2.0,1.0,0,0.2730671766550671,"{'growth_rate': np.float64(0.030275229357798167), 'density_change': np.float64(0.025), 'degree_change': np.float64(0.06476190476190477), 'fraud_growth': np.float64(0.08484848484848487), 'clustering_change': np.float64(0.038262910798122066), 'feature_drift': np.float64(0.013609402198758747), 'variance_drift': np.float64(0.0011716300110994528), 'node_churn': np.float64(0.015137614678899083), 'structural_stability': np.float64(0.0)}"
811,24,9,1.3076923076923077,-0.5517241379310345,0.1194444444444444,-0.1333333333333334,0.0,3.568083819178566,1.4012383521295413,2,0.4,0.8947499999999999,3.3076923076923075,0.8171784903592768,1,0.3316615781860199,"{'growth_rate': np.float64(0.07096565513996708), 'density_change': np.float64(0.01120689655172414), 'degree_change': np.float64(0.0724973544973545), 'fraud_growth': np.float64(0.07353535353535355), 'clustering_change': np.float64(0.038262910798122066), 'feature_drift': np.float64(0.00904741437697573), 'variance_drift': np.float64(0.002813362917157966), 'node_churn': np.float64(0.035482827569983534), 'structural_stability': np.float64(0.01784980279938142)}"
818,24,3,-0.2745098039215686,0.3783783783783784,-0.0377358490566038,0.0,0.0,4.717030926195983,0.3956001271093909,2,0.4,0.8443,1.7254901960784317,0.8781907747424988,0,0.2781101484864004,"{'growth_rate': np.float64(0.021733525214367097), 'density_change': np.float64(0.03445945945945946), 'degree_change': np.float64(0.062318059299191375), 'fraud_growth': np.float64(0.08484848484848487), 'clustering_change': np.float64(0.038262910798122066), 'feature_drift': np.float64(0.012092959098454157), 'variance_drift': np.float64(0.0016351269924155737), 'node_churn': np.float64(0.01086676260718355), 'structural_stability': np.float64(0.011892860168722248)}"
822,24,161,0.0,0.0,0.0,0.0,0.0,10.937234272536871,0.0,2,0.4,0.94145,2.0,1.0,0,0.2880387923629247,"{'growth_rate': np.float64(0.030275229357798167), 'density_change': np.float64(0.025), 'degree_change': np.float64(0.06476190476190477), 'fraud_growth': np.float64(0.08484848484848487), 'clustering_change': np.float64(0.038262910798122066), 'feature_drift': np.float64(0.028581017906616307), 'variance_drift': np.float64(0.0011716300110994528), 'node_churn': np.float64(0.015137614678899083), 'structural_stability': np.float64(0.0)}"
823,24,130,0.0,0.0,0.0,0.0,0.0,7.69256406366196,1.166682125721728,2,0.4,0.9076,2.0,1.0,0,0.2808049783462689,"{'growth_rate': np.float64(0.030275229357798167), 'density_change': np.float64(0.025), 'degree_change': np.float64(0.06476190476190477), 'fraud_growth': np.float64(0.08484848484848487), 'clustering_change': np.float64(0.038262910798122066), 'feature_drift': np.float64(0.019980284098051613), 'variance_drift': np.float64(0.0025385498030083345), 'node_churn': np.float64(0.015137614678899083), 'structural_stability': np.float64(0.0)}"
828,24,12,1.25,-0.5032679738562091,0.2063492063492063,0.0,0.0,5.865895742324064,-0.2746881866610511,2,0.4,0.8811,3.25,0.8087087842939844,1,0.3520757291291553,"{'growth_rate': np.float64(0.06917048929663609), 'density_change': np.float64(0.012418300653594772), 'degree_change': np.float64(0.07812547241118671), 'fraud_growth': np.float64(0.08484848484848487), 'clustering_change': np.float64(0.038262910798122066), 'feature_drift': np.float64(0.015138285689278774), 'variance_drift': np.float64(0.0008497970879128769), 'node_churn': np.float64(0.034585244648318046), 'structural_stability': np.float64(0.01867674369562112)}"
830,24,23,-0.125,0.1986062717770035,0.1075110456553754,0.0,0.0,15.698626371275903,-0.0815920226592763,2,0.4,0.96325,1.875,0.9074088158280728,0,0.3156979863325275,"{'growth_rate': np.float64(0.026385703363914378), 'density_change': np.float64(0.029965156794425088), 'degree_change': np.float64(0.07172452486149099), 'fraud_growth': np.float64(0.08484848484848487), 'clustering_change': np.float64(0.038262910798122066), 'feature_drift': np.float64(0.041202166856499106), 'variance_drift': np.float64(0.0010760343486855381), 'node_churn': np.float64(0.013192851681957189), 'structural_stability': np.float64(0.009040152778948296)}"
831,24,54,-0.2857142857142857,0.4000000000000001,-0.0083333333333332,0.0,0.0,8.472263053978878,-0.2034721059368404,2,0.4,0.96335,1.7142857142857142,0.880195599022005,0,0.2890883520712161,"{'growth_rate': np.float64(0.02138488422892093), 'density_change': np.float64(0.035), 'degree_change': np.float64(0.06422222222222224), 'fraud_growth': np.float64(0.08484848484848487), 'clustering_change': np.float64(0.038262910798122066), 'feature_drift': np.float64(0.022047052994372752), 'variance_drift': np.float64(0.0009332359853622433), 'node_churn': np.float64(0.010692442114460465), 'structural_stability': np.float64(0.011697118879270468)}"
834,24,157,0.0,0.0,0.0,-1.0,0.0,10.5584344989596,0.5938271568040351,2,0.4,0.8474999999999999,2.0,1.0,0,0.2028819585761196,"{'growth_rate': np.float64(0.030275229357798167), 'density_change': np.float64(0.025), 'degree_change': np.float64(0.06476190476190477), 'fraud_growth': np.float64(0.0), 'clustering_change': np.float64(0.038262910798122066), 'feature_drift': np.float64(0.02757692324997865), 'variance_drift': np.float64(0.001867375729416921), 'node_churn': np.float64(0.015137614678899083), 'structural_stability': np.float64(0.0)}"
835,24,110,0.0,0.0,0.0,0.0,0.0,22.520402875002365,-0.4914943677624149,2,0.4,0.93,2.0,1.0,0,0.3181667565724818,"{'growth_rate': np.float64(0.030275229357798167), 'density_change': np.float64(0.025), 'degree_change': np.float64(0.06476190476190477), 'fraud_growth': np.float64(0.08484848484848487), 'clustering_change': np.float64(0.038262910798122066), 'feature_drift': np.float64(0.05928483166773025), 'variance_drift': np.float64(0.0005957804595426561), 'node_churn': np.float64(0.015137614678899083), 'structural_stability': np.float64(0.0)}"
837,24,16,-0.4,0.6666666666666665,-0.074074074074074,0.0,0.0,4.605779690449515,0.0181561842171712,2,0.4,0.8454999999999999,1.6,0.801980198019802,1,0.2838105631603929,"{'growth_rate': np.float64(0.017828746177370035), 'density_change': np.float64(0.041666666666666664), 'degree_change': np.float64(0.05996472663139331), 'fraud_growth': np.float64(0.08484848484848487), 'clustering_change': np.float64(0.038262910798122066), 'feature_drift': np.float64(0.011798062482486202), 'variance_drift': np.float64(0.0011929023414153407), 'node_churn': np.float64(0.00891437308868502), 'structural_stability': np.float64(0.019333690125769333)}"
838,24,174,0.0,0.0,0.0,-1.0,0.0,8.00456796737991,-0.1719774664027546,2,0.4,0.82575,2.0,1.0,0,0.1952151168089786,"{'growth_rate': np.float64(0.030275229357798167), 'density_change': np.float64(0.025), 'degree_change': np.float64(0.06476190476190477), 'fraud_growth': np.float64(0.0), 'clustering_change': np.float64(0.038262910798122066), 'feature_drift': np.float64(0.0208073211620254), 'variance_drift': np.float64(0.0009701360502291376), 'node_churn': np.float64(0.015137614678899083), 'structural_stability': np.float64(0.0)}"
839,24,203,0.0,0.0,0.0,0.0,0.0,5.624866394856507,0.0,2,0.4,0.99365,2.0,1.0,0,0.2739571572296759,"{'growth_rate': np.float64(0.030275229357798167), 'density_change': np.float64(0.025), 'degree_change': np.float64(0.06476190476190477), 'fraud_growth': np.float64(0.08484848484848487), 'clustering_change': np.float64(0.038262910798122066), 'feature_drift': np.float64(0.01449938277336754), 'variance_drift': np.float64(0.0011716300110994528), 'node_churn': np.float64(0.015137614678899083), 'structural_stability': np.float64(0.0)}"
841,24,116,0.0,0.0,0.0,0.0,0.0,10.651167657385644,1.515847379814845,2,0.4,0.955,2.0,1.0,0,0.2890565202435444,"{'growth_rate': np.float64(0.030275229357798167), 'density_change': np.float64(0.025), 'degree_change': np.float64(0.06476190476190477), 'fraud_growth': np.float64(0.08484848484848487), 'clustering_change': np.float64(0.038262910798122066), 'feature_drift': np.float64(0.02782273350479848), 'variance_drift': np.float64(0.0029476422935369967), 'node_churn': np.float64(0.015137614678899083), 'structural_stability': np.float64(0.0)}"
844,24,201,0.0,0.0,0.0,0.0,0.0,4.552533043513985,0.0,2,0.4,0.95025,2.0,1.0,0,0.271114694632486,"{'growth_rate': np.float64(0.030275229357798167), 'density_change': np.float64(0.025), 'degree_change': np.float64(0.06476190476190477), 'fraud_growth': np.float64(0.08484848484848487), 'clustering_change': np.float64(0.038262910798122066), 'feature_drift': np.float64(0.01165692017617769), 'variance_drift': np.float64(0.0011716300110994528), 'node_churn': np.float64(0.015137614678899083), 'structural_stability': np.float64(0.0)}"
846,24,176,0.0,0.0,0.0,0.0,0.0,29.11805655763271,0.0,2,0.4,0.9708,2.0,1.0,0,0.3362311825994507,"{'growth_rate': np.float64(0.030275229357798167), 'density_change': np.float64(0.025), 'degree_change': np.float64(0.06476190476190477), 'fraud_growth': np.float64(0.08484848484848487), 'clustering_change': np.float64(0.038262910798122066), 'feature_drift': np.float64(0.0767734081431423), 'variance_drift': np.float64(0.0011716300110994528), 'node_churn': np.float64(0.015137614678899083), 'structural_stability': np.float64(0.0)}"
847,24,230,0.0,0.0,0.0,0.0,0.0,8.306518898533794,0.0,2,0.4,0.90025,2.0,1.0,0,0.2810654849999724,"{'growth_rate': np.float64(0.030275229357798167), 'density_change': np.float64(0.025), 'degree_change': np.float64(0.06476190476190477), 'fraud_growth': np.float64(0.08484848484848487), 'clustering_change': np.float64(0.038262910798122066), 'feature_drift': np.float64(0.021607710543664074), 'variance_drift': np.float64(0.0011716300110994528), 'node_churn': np.float64(0.015137614678899083), 'structural_stability': np.float64(0.0)}"
849,24,49,0.0,0.0,0.0,0.0,0.0,1.373036035910614,0.0,2,0.4,0.9877,2.0,1.0,1,0.2626867171657078,"{'growth_rate': np.float64(0.030275229357798167), 'density_change': np.float64(0.025), 'degree_change': np.float64(0.06476190476190477), 'fraud_growth': np.float64(0.08484848484848487), 'clustering_change': np.float64(0.038262910798122066), 'feature_drift': np.float64(0.003228942709399399), 'variance_drift': np.float64(0.0011716300110994528), 'node_churn': np.float64(0.015137614678899083), 'structural_stability': np.float64(0.0)}"
850,24,39,0.0,0.0,0.0,0.0,0.0,7.745640708017516,0.0,2,0.4,0.92075,2.0,1.0,0,0.2795787502302984,"{'growth_rate': np.float64(0.030275229357798167), 'density_change': np.float64(0.025), 'degree_change': np.float64(0.06476190476190477), 'fraud_growth': np.float64(0.08484848484848487), 'clustering_change': np.float64(0.038262910798122066), 'feature_drift': np.float64(0.020120975773990007), 'variance_drift': np.float64(0.0011716300110994528), 'node_churn': np.float64(0.015137614678899083), 'structural_stability': np.float64(0.0)}"
851,24,77,0.0,0.0,0.0,0.0,0.0,17.65532690437644,0.1632850808433908,2,0.4,0.89045,2.0,1.0,0,0.3060379292723576,"{'growth_rate': np.float64(0.030275229357798167), 'density_change': np.float64(0.025), 'degree_change': np.float64(0.06476190476190477), 'fraud_growth': np.float64(0.08484848484848487), 'clustering_change': np.float64(0.038262910798122066), 'feature_drift': np.float64(0.04638884511496833), 'variance_drift': np.float64(0.0013629397121803699), 'node_churn': np.float64(0.015137614678899083), 'structural_stability': np.float64(0.0)}"
855,24,38,3.5,-0.7777777777777778,0.2962962962962963,0.0,0.0,6.033523889187802,0.4468933013962466,2,0.4,0.91605,5.5,0.7363636363636363,0,0.4644085219571344,"{'growth_rate': np.float64(0.13918195718654436), 'density_change': np.float64(0.005555555555555556), 'degree_change': np.float64(0.08395061728395063), 'fraud_growth': np.float64(0.08484848484848487), 'clustering_change': np.float64(0.038262910798122066), 'feature_drift': np.float64(0.015582622086258213), 'variance_drift': np.float64(0.0016952236147746082), 'node_churn': np.float64(0.06959097859327218), 'structural_stability': np.float64(0.025740171990171996)}"
862,24,5,0.0,0.0,0.0,0.0,0.0,11.548983160469373,0.0,2,0.4,0.9305,2.0,1.0,0,0.289660371446186,"{'growth_rate': np.float64(0.030275229357798167), 'density_change': np.float64(0.025), 'degree_change': np.float64(0.06476190476190477), 'fraud_growth': np.float64(0.08484848484848487), 'clustering_change': np.float64(0.038262910798122066), 'feature_drift': np.float64(0.030202596989877685), 'variance_drift': np.float64(0.0011716300110994528), 'node_churn': np.float64(0.015137614678899083), 'structural_stability': np.float64(0.0)}"
865,24,79,0.0,0.0,0.0,0.0,0.0,34.90756224041161,0.0,2,0.4,0.91895,2.0,1.0,0,0.3515775796306669,"{'growth_rate': np.float64(0.030275229357798167), 'density_change': np.float64(0.025), 'degree_change': np.float64(0.06476190476190477), 'fraud_growth': np.float64(0.08484848484848487), 'clustering_change': np.float64(0.038262910798122066), 'feature_drift': np.float64(0.09211980517435861), 'variance_drift': np.float64(0.0011716300110994528), 'node_churn': np.float64(0.015137614678899083), 'structural_stability': np.float64(0.0)}"
866,24,135,0.0,0.0,0.0,0.0,0.0,4.421609137209984,0.0,2,0.4,0.9573,2.0,1.0,1,0.2707676511443009,"{'growth_rate': np.float64(0.030275229357798167), 'density_change': np.float64(0.025), 'degree_change': np.float64(0.06476190476190477), 'fraud_growth': np.float64(0.08484848484848487), 'clustering_change': np.float64(0.038262910798122066), 'feature_drift': np.float64(0.011309876687992606), 'variance_drift': np.float64(0.0011716300110994528), 'node_churn': np.float64(0.015137614678899083), 'structural_stability': np.float64(0.0)}"
867,24,129,0.0,0.0,0.0,0.0,0.0,14.309069192959887,0.0,2,0.4,0.8896999999999999,2.0,1.0,0,0.2969766050619346,"{'growth_rate': np.float64(0.030275229357798167), 'density_change': np.float64(0.025), 'degree_change': np.float64(0.06476190476190477), 'fraud_growth': np.float64(0.08484848484848487), 'clustering_change': np.float64(0.038262910798122066), 'feature_drift': np.float64(0.0375188306056262), 'variance_drift': np.float64(0.0011716300110994528), 'node_churn': np.float64(0.015137614678899083), 'structural_stability': np.float64(0.0)}"
869,24,75,0.0,0.0,0.0,0.0,0.0,10.723523898575314,0.0,2,0.4,0.92865,2.0,1.0,0,0.2874723045782664,"{'growth_rate': np.float64(0.030275229357798167), 'density_change': np.float64(0.025), 'degree_change': np.float64(0.06476190476190477), 'fraud_growth': np.float64(0.08484848484848487), 'clustering_change': np.float64(0.038262910798122066), 'feature_drift': np.float64(0.028014530121958054), 'variance_drift': np.float64(0.0011716300110994528), 'node_churn': np.float64(0.015137614678899083), 'structural_stability': np.float64(0.0)}"
870,24,139,0.0,0.0,0.0,0.0,0.0,15.667335964491723,0.0,2,0.4,0.9091,2.0,1.0,0,0.3005769989975064,"{'growth_rate': np.float64(0.030275229357798167), 'density_change': np.float64(0.025), 'degree_change': np.float64(0.06476190476190477), 'fraud_growth': np.float64(0.08484848484848487), 'clustering_change': np.float64(0.038262910798122066), 'feature_drift': np.float64(0.041119224541198054), 'variance_drift': np.float64(0.0011716300110994528), 'node_churn': np.float64(0.015137614678899083), 'structural_stability': np.float64(0.0)}"
874,24,60,0.0,0.0,0.0,0.0,0.0,6.783955253577042,0.0,2,0.4,0.92095,2.0,1.0,0,0.2770295849627197,"{'growth_rate': np.float64(0.030275229357798167), 'density_change': np.float64(0.025), 'degree_change': np.float64(0.06476190476190477), 'fraud_growth': np.float64(0.08484848484848487), 'clustering_change': np.float64(0.038262910798122066), 'feature_drift': np.float64(0.01757181050641136), 'variance_drift': np.float64(0.0011716300110994528), 'node_churn': np.float64(0.015137614678899083), 'structural_stability': np.float64(0.0)}"
875,24,212,0.0,0.0,0.0,0.0,0.0,53.28923355110517,0.0,2,0.4,0.9309,2.0,1.0,0,0.4003023657329271,"{'growth_rate': np.float64(0.030275229357798167), 'density_change': np.float64(0.025), 'degree_change': np.float64(0.06476190476190477), 'fraud_growth': np.float64(0.08484848484848487), 'clustering_change': np.float64(0.038262910798122066), 'feature_drift': np.float64(0.14084459127661872), 'variance_drift': np.float64(0.0011716300110994528), 'node_churn': np.float64(0.015137614678899083), 'structural_stability': np.float64(0.0)}"
876,24,166,0.0,0.0,0.0,0.0,0.0,12.534950676662056,0.0,2,0.4,0.90735,2.0,1.0,0,0.2922739018220837,"{'growth_rate': np.float64(0.030275229357798167), 'density_change': np.float64(0.025), 'degree_change': np.float64(0.06476190476190477), 'fraud_growth': np.float64(0.08484848484848487), 'clustering_change': np.float64(0.038262910798122066), 'feature_drift': np.float64(0.032816127365775404), 'variance_drift': np.float64(0.0011716300110994528), 'node_churn': np.float64(0.015137614678899083), 'structural_stability': np.float64(0.0)}"
877,24,13,0.0,0.0,0.0,0.0,0.0,6.692985837364378,0.0,2,0.4,0.9677,2.0,1.0,0,0.276788449906397,"{'growth_rate': np.float64(0.030275229357798167), 'density_change': np.float64(0.025), 'degree_change': np.float64(0.06476190476190477), 'fraud_growth': np.float64(0.08484848484848487), 'clustering_change': np.float64(0.038262910798122066), 'feature_drift': np.float64(0.017330675450088658), 'variance_drift': np.float64(0.0011716300110994528), 'node_churn': np.float64(0.015137614678899083), 'structural_stability': np.float64(0.0)}"
878,24,117,0.0,0.0,0.0,0.0,0.0,6.763101788337072,0.0,2,0.4,0.92765,2.0,1.0,0,0.276974308126564,"{'growth_rate': np.float64(0.030275229357798167), 'density_change': np.float64(0.025), 'degree_change': np.float64(0.06476190476190477), 'fraud_growth': np.float64(0.08484848484848487), 'clustering_change': np.float64(0.038262910798122066), 'feature_drift': np.float64(0.0175165336702557), 'variance_drift': np.float64(0.0011716300110994528), 'node_churn': np.float64(0.015137614678899083), 'structural_stability': np.float64(0.0)}"
879,24,144,0.0,0.0,0.0,0.0,0.0,6.449611402564651,0.0,2,0.4,0.91355,2.0,1.0,0,0.2761433308049866,"{'growth_rate': np.float64(0.030275229357798167), 'density_change': np.float64(0.025), 'degree_change': np.float64(0.06476190476190477), 'fraud_growth': np.float64(0.08484848484848487), 'clustering_change': np.float64(0.038262910798122066), 'feature_drift': np.float64(0.0166855563486783), 'variance_drift': np.float64(0.0011716300110994528), 'node_churn': np.float64(0.015137614678899083), 'structural_stability': np.float64(0.0)}"
