txId,timestep,community,pcid,label
209556175.0,20,0,0,0
52934000.0,20,1,1,0
37574467.0,20,2,2,0
209972191.0,20,2,2,0
73339227.0,20,3,3,0
209837677.0,20,4,4,0
5286455.0,20,5,5,0
209826974.0,20,15,6,0
210644361.0,20,7,7,0
25642291.0,20,7,7,0
209952987.0,20,8,8,1
209952974.0,20,8,8,1
211086336.0,20,9,9,0
209724105.0,20,10,10,0
209045031.0,20,11,11,0
210640906.0,20,11,11,0
209681259.0,20,4,4,0
209118488.0,20,12,12,0
209794811.0,20,12,12,0
209487402.0,20,13,13,0
209678521.0,20,14,14,0
209533787.0,20,14,14,0
209918381.0,20,3,3,0
209537331.0,20,16,15,0
209905828.0,20,17,16,0
210192146.0,20,18,17,0
1275118.0,20,11,11,0
4659656.0,20,11,11,0
209091416.0,20,19,18,1
209692891.0,20,19,18,1
107697436.0,20,19,18,1
209518228.0,20,7,7,0
211078002.0,20,7,7,0
209688652.0,20,20,19,0
209921231.0,20,21,20,0
209824867.0,20,17,16,0
209673949.0,20,22,21,0
209842048.0,20,22,21,0
8182823.0,20,11,11,0
209798865.0,20,23,22,0
1552384.0,20,17,16,0
209818962.0,20,17,16,0
209045727.0,20,24,23,0
209674270.0,20,24,23,0
209892725.0,20,25,24,0
58114564.0,20,26,25,0
208927896.0,20,27,26,0
210570269.0,20,24,23,0
209050993.0,20,10,10,0
209923303.0,20,7,7,0
210488058.0,20,28,27,0
208914286.0,20,28,27,0
210709803.0,20,29,28,0
210943575.0,20,30,29,0
209865519.0,20,2,2,0
209084673.0,20,24,23,0
210640426.0,20,31,30,1
70553579.0,20,32,31,0
208992025.0,20,26,25,0
209973945.0,20,26,25,0
209785341.0,20,28,27,0
209810063.0,20,28,27,0
209060715.0,20,3,3,0
209722457.0,20,23,22,0
209539924.0,20,8,8,1
209802609.0,20,8,8,1
210623843.0,20,91,32,0
210830766.0,20,34,33,0
209683152.0,20,35,34,1
209499354.0,20,35,34,1
210620987.0,20,23,22,0
209968540.0,20,36,35,0
209918443.0,20,3,3,1
209575028.0,20,37,36,0
210646799.0,20,38,37,0
210624714.0,20,39,38,1
209054310.0,20,40,39,0
209706044.0,20,40,39,0
209685472.0,20,41,40,0
210660376.0,20,91,32,0
114134551.0,20,11,11,0
209905405.0,20,17,16,0
209865237.0,20,10,10,0
209797492.0,20,91,32,0
210233819.0,20,91,32,1
210519382.0,20,4,4,1
209723629.0,20,12,12,0
209709679.0,20,19,18,1
210628279.0,20,22,21,0
210369097.0,20,22,21,0
209972181.0,20,43,41,0
9275272.0,20,17,16,0
209064416.0,20,2,2,0
110276377.0,20,8,8,1
209971737.0,20,44,42,0
32023895.0,20,45,43,0
209866894.0,20,29,28,0
140042478.0,20,24,23,0
209045711.0,20,24,23,0
209836059.0,20,2,2,0
209799189.0,20,23,22,0
209922231.0,20,46,44,0
210230813.0,20,17,16,0
209815595.0,20,11,11,0
54335231.0,20,11,11,0
209813841.0,20,23,22,0
210642702.0,20,23,22,0
209060600.0,20,28,27,0
209804657.0,20,2,2,0
209485498.0,20,24,23,0
209799194.0,20,23,22,0
209058193.0,20,47,45,1
208944877.0,20,48,46,0
25154813.0,20,91,32,0
209723672.0,20,10,10,0
211084916.0,20,49,47,1
209923003.0,20,22,21,1
2272609.0,20,3,3,0
209922935.0,20,22,21,1
209922929.0,20,22,21,0
209537361.0,20,24,23,0
43447701.0,20,10,10,0
208921748.0,20,14,14,0
209562939.0,20,14,14,0
210624700.0,20,50,48,1
209966110.0,20,51,49,0
210660956.0,20,40,39,0
209922528.0,20,46,44,1
208900651.0,20,4,4,0
211086885.0,20,52,50,1
208935742.0,20,2,2,0
209682872.0,20,7,7,1
208911970.0,20,23,22,0
118790722.0,20,53,51,0
209834452.0,20,29,28,0
209479787.0,20,24,23,0
23002760.0,20,24,23,0
209539892.0,20,29,28,0
209597151.0,20,54,52,0
208970579.0,20,17,16,0
209889755.0,20,17,16,0
210628188.0,20,21,20,0
210713464.0,20,55,53,0
1533983.0,20,4,4,0
211169275.0,20,4,4,0
209972877.0,20,56,54,0
209030336.0,20,57,55,0
209129597.0,20,57,55,0
209867187.0,20,29,28,0
211152178.0,20,58,56,0
209515365.0,20,4,4,0
209485038.0,20,21,20,0
209555134.0,20,21,20,0
209722184.0,20,24,23,1
209514218.0,20,59,57,0
209522524.0,20,60,58,1
87632830.0,20,24,23,0
209161715.0,20,61,59,0
209052413.0,20,62,60,0
209054636.0,20,63,61,1
209798859.0,20,15,6,0
209798851.0,20,15,6,0
209785327.0,20,28,27,0
209057696.0,20,65,62,1
210624703.0,20,66,63,1
190440214.0,20,21,20,0
209796911.0,20,67,64,0
209527608.0,20,68,65,1
211083061.0,20,68,65,1
2107102.0,20,11,11,0
209498993.0,20,69,66,0
53158431.0,20,21,20,0
209673899.0,20,24,23,0
94429635.0,20,3,3,0
208959966.0,20,14,14,0
209150797.0,20,14,14,0
209799187.0,20,4,4,0
209982244.0,20,28,27,0
209523687.0,20,70,67,1
209723687.0,20,10,10,0
209836829.0,20,22,21,0
211181064.0,20,71,68,0
209052730.0,20,72,69,1
209975318.0,20,11,11,0
209539876.0,20,29,28,0
209539728.0,20,29,28,0
209964071.0,20,73,70,0
209673948.0,20,3,3,0
209678295.0,20,21,20,0
209045719.0,20,15,6,0
209674266.0,20,15,6,0
209922538.0,20,21,20,0
209866533.0,20,3,3,0
209866360.0,20,3,3,0
210570551.0,20,75,71,0
209922222.0,20,17,16,1
209680209.0,20,76,72,1
210943583.0,20,77,73,0
209864872.0,20,62,60,0
210573258.0,20,78,74,0
209669184.0,20,79,75,0
209505350.0,20,80,76,0
209046118.0,20,3,3,0
209541751.0,20,8,8,1
209482814.0,20,10,10,1
209921572.0,20,17,16,0
209867496.0,20,11,11,0
209867494.0,20,11,11,0
210636318.0,20,81,77,1
209479777.0,20,14,14,0
210662684.0,20,82,78,0
163919062.0,20,83,79,0
209499242.0,20,84,80,0
209499240.0,20,84,80,0
209537525.0,20,29,28,0
55070629.0,20,26,25,0
209525408.0,20,85,81,1
25154839.0,20,86,82,0
25154862.0,20,86,82,0
104483720.0,20,3,3,0
209923327.0,20,7,7,1
210624706.0,20,87,83,1
209080442.0,20,4,4,0
209961356.0,20,3,3,0
210708869.0,20,3,3,0
209565381.0,20,88,84,0
209921515.0,20,21,20,1
54618280.0,20,89,85,1
209809733.0,20,17,16,0
208970977.0,20,90,86,0
210625257.0,20,91,32,0
210639090.0,20,91,32,1
209982240.0,20,57,55,0
210846805.0,20,57,55,0
209521902.0,20,92,87,1
51394168.0,20,93,88,1
209814125.0,20,11,11,0
209722177.0,20,24,23,1
209045705.0,20,22,21,0
210624713.0,20,94,89,1
209485480.0,20,29,28,0
43531652.0,20,95,90,1
209525755.0,20,95,90,1
209922530.0,20,46,44,1
209485040.0,20,21,20,0
209809720.0,20,21,20,0
209844295.0,20,96,91,0
22226403.0,20,21,20,0
208969679.0,20,97,92,0
211170015.0,20,97,92,0
51394132.0,20,98,93,1
209596325.0,20,99,94,0
209531144.0,20,100,95,0
209555593.0,20,84,80,0
209485137.0,20,4,4,0
209673883.0,20,15,6,0
209673652.0,20,15,6,0
209485057.0,20,21,20,0
209485610.0,20,101,96,0
209805172.0,20,45,43,0
210625509.0,20,45,43,0
209051931.0,20,102,97,0
209782043.0,20,57,55,0
209518121.0,20,91,32,0
8203186.0,20,28,27,0
209973678.0,20,28,27,0
209532554.0,20,4,4,0
208921478.0,20,24,23,0
209672239.0,20,91,32,0
209518125.0,20,91,32,0
209499458.0,20,103,98,0
209842056.0,20,22,21,0
209836334.0,20,22,21,0
209515363.0,20,4,4,0
209806741.0,20,4,4,0
208947780.0,20,15,6,0
209485044.0,20,21,20,0
208901445.0,20,45,43,0
40168070.0,20,104,99,1
209093960.0,20,19,18,1
209118496.0,20,23,22,0
209050020.0,20,19,18,1
208960717.0,20,24,23,0
209596327.0,20,105,100,0
209531348.0,20,4,4,0
210642506.0,20,106,101,1
210387347.0,20,106,101,1
209526041.0,20,107,102,1
209695001.0,20,34,33,0
209695805.0,20,14,14,0
210624712.0,20,108,103,1
210646674.0,20,108,103,1
210638486.0,20,8,8,1
209970528.0,20,109,104,0
209701336.0,20,29,28,1
209485497.0,20,29,28,0
209805537.0,20,110,105,1
209524165.0,20,10,10,1
209498992.0,20,23,22,0
210624696.0,20,23,22,1
209514213.0,20,59,57,0
209118257.0,20,3,3,0
209723625.0,20,3,3,0
209518732.0,20,86,82,0
211083408.0,20,86,82,1
50104984.0,20,111,106,0
209830521.0,20,15,6,0
208904532.0,20,15,6,0
209077871.0,20,15,6,0
209160064.0,20,112,107,0
210957067.0,20,7,7,0
210368118.0,20,7,7,0
209970510.0,20,113,108,0
210636338.0,20,114,109,1
210930666.0,20,115,110,0
209482592.0,20,11,11,0
210635499.0,20,116,111,1
209521884.0,20,117,112,1
209867201.0,20,3,3,0
209893004.0,20,14,14,0
209921551.0,20,21,20,1
209722453.0,20,24,23,1
208969173.0,20,62,60,0
209710576.0,20,19,18,1
209490127.0,20,19,18,1
209838463.0,20,4,4,0
210507246.0,20,118,113,1
209695412.0,20,119,114,0
209817923.0,20,120,115,0
209531334.0,20,121,116,0
209839480.0,20,4,4,0
209510541.0,20,122,117,0
95117503.0,20,122,117,0
209490129.0,20,19,18,1
115333920.0,20,19,18,1
210201894.0,20,15,6,0
209826714.0,20,29,28,1
208900640.0,20,15,6,0
209972888.0,20,10,10,0
209522339.0,20,123,118,1
210627653.0,20,7,7,0
3566826.0,20,3,3,0
209906191.0,20,17,16,0
209946183.0,20,124,119,1
8521092.0,20,11,11,0
209681283.0,20,125,120,1
209478840.0,20,91,32,0
109730813.0,20,91,32,1
210574441.0,20,126,121,0
210628292.0,20,126,121,0
14944210.0,20,11,11,0
209478843.0,20,91,32,0
211090711.0,20,91,32,1
211119485.0,20,21,20,0
209694846.0,20,127,122,0
208960226.0,20,128,123,0
210626820.0,20,4,4,0
52704100.0,20,26,25,0
211092116.0,20,129,124,0
209822485.0,20,130,125,1
209704313.0,20,131,126,0
209587871.0,20,3,3,0
209974893.0,20,3,3,0
209519073.0,20,29,28,0
208902769.0,20,7,7,0
209043823.0,20,7,7,0
209806124.0,20,3,3,0
209671004.0,20,10,10,0
209809064.0,20,91,32,1
211085325.0,20,132,127,1
209541479.0,20,19,18,1
83525154.0,20,11,11,0
121459474.0,20,28,27,0
209922529.0,20,46,44,1
143959970.0,20,133,128,0
209596331.0,20,134,129,0
209833927.0,20,10,10,0
209946505.0,20,135,130,1
20002498.0,20,13,13,0
209525931.0,20,136,131,1
209596738.0,20,137,132,0
77782188.0,20,2,2,0
210670745.0,20,2,2,0
208909714.0,20,15,6,0
210624882.0,20,138,133,1
211078006.0,20,7,7,0
209053064.0,20,139,134,1
209065141.0,20,140,135,0
209895646.0,20,141,136,0
209118635.0,20,84,80,0
209723662.0,20,84,80,0
209499380.0,20,1,1,0
209042752.0,20,21,20,0
209671389.0,20,21,20,0
209499638.0,20,1,1,0
209535127.0,20,1,1,0
53118222.0,20,15,6,0
209478837.0,20,23,22,0
209946514.0,20,23,22,1
209922228.0,20,17,16,1
209812911.0,20,17,16,0
209493623.0,20,19,18,1
209493620.0,20,19,18,1
83525157.0,20,3,3,0
83525156.0,20,3,3,0
208904726.0,20,24,23,0
209037145.0,20,8,8,0
138359626.0,20,4,4,0
209946527.0,20,142,137,0
209139836.0,20,143,138,0
210373225.0,20,144,139,1
209050851.0,20,145,140,1
208961542.0,20,8,8,0
210394281.0,20,91,32,1
211095800.0,20,146,141,0
209695451.0,20,4,4,0
9801858.0,20,147,142,0
58865613.0,20,148,143,0
150067970.0,20,149,144,0
209923005.0,20,22,21,1
58918333.0,20,150,145,0
210624701.0,20,151,146,1
209918748.0,20,152,147,0
209478839.0,20,23,22,0
209705074.0,20,153,148,0
58913964.0,20,12,12,0
209867499.0,20,12,12,0
209798862.0,20,15,6,0
209522313.0,20,154,149,1
209796394.0,20,10,10,0
209834203.0,20,155,150,0
208931358.0,20,156,151,0
210625512.0,20,10,10,0
210366116.0,20,10,10,0
209822487.0,20,157,152,1
209533785.0,20,14,14,0
209044304.0,20,7,7,0
209523197.0,20,86,82,1
51018142.0,20,86,82,0
30886080.0,20,86,82,0
210507234.0,20,24,23,0
210636771.0,20,158,153,1
209088168.0,20,3,3,0
209970537.0,20,3,3,0
209070934.0,20,159,154,0
209843368.0,20,159,154,0
209530380.0,20,2,2,0
209138562.0,20,160,155,0
209972861.0,20,160,155,0
208913476.0,20,23,22,0
120843705.0,20,23,22,0
209554638.0,20,3,3,0
209823054.0,20,8,8,1
209822489.0,20,161,156,0
209970545.0,20,162,157,0
209722170.0,20,24,23,1
209125712.0,20,4,4,0
209479724.0,20,7,7,0
27653479.0,20,91,32,0
209499243.0,20,3,3,0
209051209.0,20,163,158,0
209480688.0,20,15,6,0
77775952.0,20,15,6,0
210403106.0,20,23,22,1
3783350.0,20,11,11,0
209818218.0,20,164,159,0
209512730.0,20,28,27,0
210624884.0,20,165,160,1
208928467.0,20,40,39,0
209797619.0,20,15,6,0
209942282.0,20,15,6,0
209061548.0,20,166,161,0
209811752.0,20,166,161,0
209537369.0,20,24,23,0
209510523.0,20,3,3,0
209970515.0,20,167,162,0
209961366.0,20,84,80,0
210709810.0,20,84,80,0
209796391.0,20,10,10,0
211120424.0,20,168,163,0
26303286.0,20,15,6,0
209521882.0,20,15,6,1
209680771.0,20,169,164,1
209533786.0,20,14,14,0
51619871.0,20,170,165,0
209922541.0,20,21,20,1
210646327.0,20,171,166,1
209517884.0,20,3,3,0
209878477.0,20,1,1,0
209487354.0,20,172,167,0
209866556.0,20,84,80,0
209530780.0,20,10,10,0
209531124.0,20,173,168,0
209523824.0,20,174,169,1
210637584.0,20,91,32,1
210642271.0,20,175,170,1
209837589.0,20,176,171,0
209685497.0,20,177,172,0
209037166.0,20,8,8,0
208909658.0,20,14,14,0
210397358.0,20,14,14,0
209531037.0,20,29,28,0
208910380.0,20,91,32,0
211092325.0,20,178,173,0
209118261.0,20,21,20,0
210644771.0,20,179,174,0
33428696.0,20,19,18,1
209515367.0,20,4,4,0
209590611.0,20,57,55,0
209532564.0,20,17,16,0
209571418.0,20,91,32,0
211087780.0,20,180,175,1
209801054.0,20,181,176,0
22995113.0,20,26,25,0
210636309.0,20,45,43,1
209028819.0,20,57,55,0
209825447.0,20,182,177,0
208911102.0,20,183,178,0
209689418.0,20,184,179,0
208931411.0,20,185,180,0
209972906.0,20,186,181,0
208991798.0,20,187,182,0
25155718.0,20,91,32,0
209029156.0,20,57,55,0
209485035.0,20,21,20,0
208909650.0,20,14,14,0
209488132.0,20,188,183,0
209522039.0,20,14,14,0
209867207.0,20,11,11,0
209867206.0,20,11,11,0
46932930.0,20,189,184,1
209486126.0,20,97,92,0
210636396.0,20,190,185,1
209522297.0,20,191,186,1
209517742.0,20,45,43,0
209811519.0,20,166,161,0
209486818.0,20,29,28,1
209077867.0,20,24,23,0
209511361.0,20,57,55,0
209511358.0,20,57,55,0
209052468.0,20,15,6,0
209706038.0,20,40,39,0
58112623.0,20,192,187,0
209521972.0,20,193,188,1
208904961.0,20,15,6,0
209045471.0,20,15,6,0
209814467.0,20,3,3,0
210672250.0,20,3,3,0
210643790.0,20,194,189,1
209086584.0,20,8,8,0
209946889.0,20,195,190,1
209531708.0,20,196,191,0
209965106.0,20,14,14,0
209522042.0,20,14,14,0
209674268.0,20,24,23,0
209798844.0,20,24,23,0
211087789.0,20,197,192,1
209571107.0,20,29,28,1
209807092.0,20,198,193,1
209694819.0,20,10,10,1
209518754.0,20,24,23,0
140975824.0,20,24,23,0
209488424.0,20,199,194,0
209479773.0,20,14,14,0
210624705.0,20,200,195,1
208921741.0,20,14,14,0
209064129.0,20,201,196,0
209677633.0,20,202,197,1
209053077.0,20,203,198,0
209867501.0,20,23,22,0
208944591.0,20,4,4,0
208948658.0,20,21,20,0
210508856.0,20,10,10,1
208928076.0,20,204,199,0
209516184.0,20,91,32,0
211091078.0,20,205,200,1
209794828.0,20,23,22,0
209046121.0,20,15,6,0
210367157.0,20,206,201,1
210396663.0,20,23,22,1
209722450.0,20,24,23,1
850645.0,20,7,7,0
209482853.0,20,7,7,0
209682060.0,20,207,202,1
210640850.0,20,208,203,1
209970517.0,20,2,2,0
208993106.0,20,3,3,0
81834567.0,20,3,3,0
209067879.0,20,209,204,0
208997267.0,20,210,205,0
209065945.0,20,211,206,0
53329746.0,20,10,10,1
209701749.0,20,29,28,1
209485488.0,20,29,28,1
209485047.0,20,21,20,0
209681263.0,20,212,207,1
209805526.0,20,213,208,0
209798861.0,20,29,28,0
209680861.0,20,214,209,1
209682855.0,20,7,7,1
54268187.0,20,215,210,0
209701751.0,20,29,28,1
210233475.0,20,216,211,0
209045696.0,20,217,212,0
96382692.0,20,217,212,0
210975906.0,20,218,213,0
209866541.0,20,21,20,0
210642699.0,20,23,22,1
209709674.0,20,19,18,1
211119690.0,20,219,214,0
209796397.0,20,91,32,0
209722461.0,20,24,23,1
209515844.0,20,91,32,0
209879340.0,20,220,215,0
209796165.0,20,3,3,0
208925967.0,20,15,6,0
209483930.0,20,221,216,1
209522745.0,20,222,217,1
209030341.0,20,4,4,0
209517738.0,20,45,43,0
211083395.0,20,45,43,1
209723655.0,20,23,22,0
210628282.0,20,78,74,0
208963301.0,20,28,27,0
209577997.0,20,28,27,0
209682852.0,20,223,218,1
209922226.0,20,17,16,1
74075669.0,20,26,25,0
210652905.0,20,3,3,0
211088967.0,20,224,219,1
209052847.0,20,225,220,1
209512149.0,20,13,13,0
209521989.0,20,10,10,1
209051283.0,20,14,14,0
209921981.0,20,17,16,1
209596024.0,20,226,221,0
209541747.0,20,19,18,1
209979041.0,20,227,222,0
209499350.0,20,228,223,1
209480690.0,20,15,6,0
209093705.0,20,19,18,1
209555131.0,20,12,12,0
209522272.0,20,229,224,1
208959034.0,20,230,225,0
209970507.0,20,2,2,0
209561689.0,20,17,16,0
209522541.0,20,10,10,1
210643786.0,20,50,48,1
209522526.0,20,231,226,1
208967566.0,20,3,3,0
210943573.0,20,232,227,0
211083401.0,20,233,228,1
209031542.0,20,57,55,0
210365374.0,20,29,28,0
209499246.0,20,3,3,0
209062970.0,20,234,229,0
209669583.0,20,69,66,0
83525158.0,20,11,11,0
210278727.0,20,7,7,0
210640144.0,20,86,82,1
210646334.0,20,235,230,0
210412384.0,20,23,22,1
209979679.0,20,59,57,0
209683499.0,20,21,20,0
209068753.0,20,236,231,0
209522305.0,20,237,232,1
209681254.0,20,238,233,1
210627663.0,20,7,7,0
209751853.0,20,239,234,0
209727886.0,20,240,235,1
210643804.0,20,241,236,1
209053086.0,20,142,137,0
122707305.0,20,242,237,0
210635984.0,20,243,238,1
210635981.0,20,243,238,1
210206969.0,20,21,20,0
209526176.0,20,244,239,1
209685477.0,20,245,240,0
209521887.0,20,246,241,1
85694207.0,20,28,27,0
210389656.0,20,28,27,0
209527133.0,20,247,242,1
210366127.0,20,91,32,0
208931582.0,20,19,18,1
210320960.0,20,248,243,1
209539733.0,20,29,28,1
209522304.0,20,237,232,1
209063361.0,20,249,244,0
208917612.0,20,28,27,0
208969303.0,20,15,6,0
209525247.0,20,10,10,1
209050327.0,20,250,245,1
210871896.0,20,26,25,0
209681387.0,20,28,27,1
209539886.0,20,29,28,0
210638488.0,20,8,8,1
209061557.0,20,251,246,0
209063357.0,20,252,247,0
209682050.0,20,86,82,1
210380262.0,20,91,32,0
209682048.0,20,86,82,1
208992305.0,20,253,248,0
42834266.0,20,253,248,0
210638701.0,20,254,249,1
209522533.0,20,255,250,1
163784570.0,20,21,20,0
209691967.0,20,7,7,0
209866555.0,20,84,80,0
209053093.0,20,256,251,1
209485037.0,20,21,20,0
210368815.0,20,78,74,0
210370556.0,20,126,121,0
209568490.0,20,4,4,0
24051859.0,20,19,18,1
208948655.0,20,84,80,0
106087814.0,20,11,11,0
209051294.0,20,14,14,0
209695804.0,20,14,14,0
209677582.0,20,46,44,1
50942668.0,20,15,6,0
210370539.0,20,15,6,0
211083096.0,20,257,252,1
209798867.0,20,4,4,0
209923309.0,20,7,7,1
208948278.0,20,3,3,0
209531135.0,20,3,3,0
34570609.0,20,86,82,1
210645872.0,20,166,161,0
210232205.0,20,166,161,0
53285642.0,20,258,253,0
209803038.0,20,91,32,1
209679681.0,20,259,254,0
210638695.0,20,259,254,0
210248451.0,20,260,255,0
209674257.0,20,15,6,0
209971709.0,20,261,256,0
209503437.0,20,262,257,0
209482841.0,20,263,258,1
209522034.0,20,264,259,1
209842041.0,20,22,21,0
210628998.0,20,4,4,0
210232606.0,20,4,4,0
60114653.0,20,11,11,1
80279852.0,20,86,82,0
209522528.0,20,104,99,1
209052474.0,20,265,260,1
209140981.0,20,266,261,0
209962612.0,20,267,262,0
209729963.0,20,17,16,0
209809451.0,20,17,16,0
209839780.0,20,4,4,0
209825801.0,20,268,263,0
209947246.0,20,269,264,1
209971173.0,20,270,265,0
209075128.0,20,271,266,0
208969667.0,20,48,46,0
145056524.0,20,48,46,0
209805539.0,20,108,103,1
208931388.0,20,19,18,1
210664815.0,20,272,267,0
209525915.0,20,273,268,1
209695448.0,20,26,25,0
20030272.0,20,91,32,0
209683500.0,20,21,20,0
209844170.0,20,274,269,0
209681391.0,20,86,82,1
209756766.0,20,4,4,0
209526419.0,20,10,10,1
209922542.0,20,21,20,1
208948283.0,20,12,12,0
209126997.0,20,275,270,0
209905144.0,20,276,271,0
209531343.0,20,277,272,0
209030643.0,20,59,57,0
209949491.0,20,278,273,0
209051194.0,20,279,274,0
209054313.0,20,280,275,1
209918743.0,20,281,276,0
209722188.0,20,24,23,1
209515366.0,20,4,4,0
209945629.0,20,153,148,1
209945016.0,20,10,10,1
209704311.0,20,282,277,0
209526055.0,20,283,278,1
210638473.0,20,284,279,1
38494021.0,20,285,280,0
209050859.0,20,286,281,1
209890590.0,20,287,282,1
209052396.0,20,227,222,0
209043819.0,20,2,2,0
211088962.0,20,23,22,1
209561676.0,20,17,16,0
210635497.0,20,116,111,1
209040244.0,20,21,20,0
210508548.0,20,288,283,0
209069871.0,20,289,284,0
209923009.0,20,22,21,1
210643424.0,20,290,285,1
209971727.0,20,291,286,0
209809062.0,20,292,287,1
209704312.0,20,293,288,0
209722458.0,20,24,23,1
58918503.0,20,294,289,0
209084102.0,20,2,2,0
210403108.0,20,295,290,1
208947999.0,20,161,156,0
210655664.0,20,3,3,0
209050862.0,20,296,291,1
81827657.0,20,97,92,0
209971407.0,20,297,292,0
208930291.0,20,19,18,1
209730304.0,20,17,16,0
211088954.0,20,86,82,1
209482870.0,20,161,156,0
209825743.0,20,298,293,0
209970505.0,20,299,294,0
209922227.0,20,17,16,1
209922229.0,20,17,16,1
210636827.0,20,300,295,1
209059761.0,20,301,296,0
210368812.0,20,23,22,0
107364854.0,20,4,4,1
210944633.0,20,29,28,1
209054965.0,20,21,20,1
209922540.0,20,21,20,1
211090714.0,20,302,297,1
211089021.0,20,47,45,1
209125646.0,20,25,24,0
209924804.0,20,142,137,0
209687545.0,20,303,298,0
209685076.0,20,304,299,0
209950868.0,20,305,300,0
210639339.0,20,306,301,1
208930307.0,20,19,18,1
210510738.0,20,307,302,1
209141540.0,20,308,303,0
133212313.0,20,29,28,1
210642754.0,20,11,11,0
209807087.0,20,309,304,0
210380697.0,20,310,305,0
209753752.0,20,58,56,0
210239451.0,20,8,8,1
209524153.0,20,311,306,1
209044340.0,20,7,7,0
211184525.0,20,312,307,0
209894140.0,20,313,308,0
209838453.0,20,4,4,0
209701748.0,20,29,28,1
209961474.0,20,12,12,0
210657608.0,20,12,12,0
209064452.0,20,314,309,0
209680989.0,20,315,310,0
209531711.0,20,196,191,0
211101452.0,20,91,32,1
209972893.0,20,316,311,0
209803040.0,20,174,169,1
209970520.0,20,8,8,0
60102676.0,20,91,32,1
208931421.0,20,19,18,1
209922515.0,20,46,44,1
209678300.0,20,14,14,0
209923295.0,20,22,21,1
209521880.0,20,317,312,1
210628484.0,20,217,212,0
211087476.0,20,318,313,0
209067185.0,20,319,314,0
209045026.0,20,23,22,0
209946182.0,20,320,315,1
209522014.0,20,321,316,1
209828537.0,20,15,6,0
209678569.0,20,22,21,1
209888701.0,20,48,46,0
211089437.0,20,45,43,1
210448457.0,20,322,317,0
210405839.0,20,86,82,0
209527121.0,20,10,10,1
98922712.0,20,323,318,0
209071105.0,20,14,14,0
210642727.0,20,324,319,1
209825437.0,20,17,16,0
209490521.0,20,29,28,1
63472808.0,20,325,320,0
209084078.0,20,322,317,0
210368819.0,20,217,212,0
209509084.0,20,4,4,0
209124207.0,20,29,28,1
162721834.0,20,326,321,0
208969189.0,20,17,16,0
209539327.0,20,64,322,0
209949241.0,20,33,323,0
209922223.0,20,17,16,1
210636785.0,20,4,4,0
209039347.0,20,2,2,0
211085853.0,20,45,43,1
209921280.0,20,21,20,1
210506329.0,20,6,324,1
208952465.0,20,42,325,0
210368107.0,20,69,66,0
209946892.0,20,17,16,0
210710768.0,20,74,326,0
98975362.0,21,0,28,0
100074684.0,21,1,327,1
114011110.0,21,2,311,0
99276501.0,21,3,277,0
100084315.0,21,4,328,0
100421437.0,21,18,11,0
99226763.0,21,52,66,0
99322058.0,21,7,329,0
99191170.0,21,79,330,0
99128315.0,21,79,330,0
99245134.0,21,86,20,0
4125827.0,21,7,329,0
106950401.0,21,7,329,0
107134551.0,21,10,178,0
99675435.0,21,11,6,1
30441163.0,21,18,11,0
113979460.0,21,18,11,0
99932570.0,21,86,20,0
99191648.0,21,86,20,1
99245141.0,21,86,20,1
103353710.0,21,86,20,1
2064886.0,21,18,11,0
100081543.0,21,18,11,0
99933118.0,21,18,11,0
100087258.0,21,7,329,0
113919191.0,21,7,329,0
98961050.0,21,12,92,0
99204063.0,21,12,92,0
100045540.0,21,13,331,1
99813677.0,21,14,194,0
104167647.0,21,79,330,0
115125199.0,21,79,330,0
99191731.0,21,15,238,1
115075506.0,21,15,238,1
774002.0,21,16,332,0
100069286.0,21,16,332,0
99912236.0,21,16,332,0
98972906.0,21,17,55,0
99196117.0,21,17,55,0
99262612.0,21,16,332,0
99932854.0,21,30,21,0
99632314.0,21,19,38,1
113920446.0,21,16,332,0
99679765.0,21,7,329,0
99914539.0,21,20,333,0
9026523.0,21,18,11,0
100085868.0,21,7,329,0
99248997.0,21,21,171,0
99942105.0,21,22,284,0
98975347.0,21,0,28,0
99932567.0,21,0,28,0
99843177.0,21,16,332,0
99636195.0,21,23,334,1
99208677.0,21,12,92,0
100066839.0,21,12,92,0
99482975.0,21,25,267,0
3725934.0,21,16,332,0
3076292.0,21,16,332,0
39096544.0,21,7,329,0
99636464.0,21,26,23,0
99191240.0,21,27,232,1
99206385.0,21,27,232,1
99129103.0,21,18,11,0
115257849.0,21,18,11,0
100468040.0,21,18,11,0
99934810.0,21,12,92,0
115137631.0,21,29,114,0
115087634.0,21,30,21,0
115143840.0,21,31,177,0
99182419.0,21,52,66,0
99182194.0,21,52,66,0
99285096.0,21,33,335,0
12427320.0,21,7,329,0
108274160.0,21,7,329,0
99839747.0,21,30,21,0
99153137.0,21,34,212,0
98961059.0,21,7,329,0
114011092.0,21,35,307,0
99293471.0,21,26,23,0
99910400.0,21,37,336,1
102255550.0,21,16,332,0
115228585.0,21,7,329,0
99910402.0,21,38,337,1
98972922.0,21,26,23,0
99266332.0,21,39,237,0
115063916.0,21,40,301,1
108281388.0,21,30,21,0
99932566.0,21,30,21,0
99916028.0,21,41,137,0
100036944.0,21,42,338,1
105015540.0,21,43,339,0
99322056.0,21,7,329,0
98974981.0,21,44,148,0
99208702.0,21,44,148,1
100045365.0,21,23,334,1
103526560.0,21,45,340,0
98999374.0,21,46,341,0
99841330.0,21,46,341,0
100083710.0,21,47,342,0
101504205.0,21,48,225,0
99237442.0,21,16,332,0
100083813.0,21,16,332,0
98975011.0,21,26,23,0
99285078.0,21,26,23,0
99190624.0,21,49,275,1
99180842.0,21,50,343,1
100078679.0,21,51,344,0
99226573.0,21,113,82,0
113852709.0,21,52,66,0
106741877.0,21,16,332,0
99676831.0,21,11,6,0
100418240.0,21,53,42,0
106359272.0,21,7,329,0
100004528.0,21,46,341,0
114011098.0,21,54,345,0
99140593.0,21,0,28,0
99910230.0,21,0,28,0
99226533.0,21,113,82,0
99989733.0,21,113,82,0
99964190.0,21,12,92,0
33374616.0,21,12,92,0
4794162.0,21,7,329,0
725171.0,21,18,11,0
98978968.0,21,113,82,0
98978965.0,21,113,82,0
5272048.0,21,7,329,0
99923686.0,21,7,329,0
99191171.0,21,17,55,0
98961172.0,21,26,23,0
99255567.0,21,26,23,0
98978196.0,21,56,161,0
20913425.0,21,56,161,0
99153102.0,21,18,11,0
4392723.0,21,7,329,0
115144093.0,21,57,346,0
99245145.0,21,86,20,0
99317799.0,21,86,20,0
113972920.0,21,7,329,0
98902367.0,21,7,329,0
99676600.0,21,11,6,0
101070087.0,21,58,142,0
107731468.0,21,7,329,0
86328083.0,21,16,332,0
107907216.0,21,59,174,0
105703992.0,21,60,347,0
114010793.0,21,61,110,0
113996039.0,21,18,11,0
99689278.0,21,62,348,0
99923773.0,21,16,332,0
95621818.0,21,18,11,0
100043944.0,21,18,11,0
99910395.0,21,63,278,1
99677493.0,21,11,6,0
114776076.0,21,16,332,0
99637240.0,21,64,221,0
98902368.0,21,7,329,0
98902556.0,21,34,212,0
27210692.0,21,7,329,0
113573569.0,21,7,329,0
114050367.0,21,65,349,0
99854427.0,21,7,329,0
99676511.0,21,11,6,0
114010654.0,21,66,350,0
99636003.0,21,67,49,0
99915535.0,21,30,21,0
11541151.0,21,18,11,0
115272968.0,21,18,11,0
98979346.0,21,16,332,0
99182155.0,21,16,332,1
99989730.0,21,68,182,0
115075512.0,21,69,50,1
113852691.0,21,70,74,0
98961024.0,21,71,111,1
99916135.0,21,41,137,0
99910401.0,21,72,319,1
113572369.0,21,73,121,0
99676507.0,21,11,6,0
100075519.0,21,1,327,0
114011114.0,21,74,292,0
113995905.0,21,18,11,0
99481387.0,21,75,263,0
99201139.0,21,113,82,1
99240368.0,21,0,28,0
99208671.0,21,76,93,1
98902517.0,21,34,212,0
98902513.0,21,34,212,0
113678184.0,21,77,351,0
99280643.0,21,78,352,0
99912228.0,21,86,20,0
99285423.0,21,11,6,0
99644719.0,21,80,325,0
99190640.0,21,81,315,1
100075816.0,21,1,327,0
22987514.0,21,7,329,0
100966048.0,21,7,329,0
99632683.0,21,82,353,0
99153126.0,21,86,20,0
115059310.0,21,86,20,0
100152962.0,21,16,332,0
98974964.0,21,83,354,0
54744267.0,21,79,330,0
98999389.0,21,0,28,0
99842856.0,21,0,28,0
102591599.0,21,16,332,0
1455042.0,21,7,329,0
100093355.0,21,85,138,0
100074898.0,21,1,327,0
98975487.0,21,86,20,0
99245152.0,21,86,20,0
99191231.0,21,82,353,0
99811325.0,21,82,353,0
99258542.0,21,87,18,1
99636452.0,21,87,18,1
98961021.0,21,88,290,1
99841109.0,21,89,156,0
99190591.0,21,12,92,0
99812663.0,21,12,92,0
100036942.0,21,90,355,1
99484353.0,21,73,121,0
99509098.0,21,7,329,0
100138746.0,21,7,329,0
113842169.0,21,16,332,0
99219301.0,21,91,39,0
100049102.0,21,91,39,0
99921910.0,21,92,208,0
100075246.0,21,1,327,0
42952256.0,21,18,11,0
99129113.0,21,18,11,0
99266559.0,21,93,280,0
99264099.0,21,94,240,0
113583624.0,21,16,332,0
99934893.0,21,16,332,0
99283623.0,21,7,329,0
109823899.0,21,95,130,1
31470427.0,21,56,161,0
99911574.0,21,96,191,1
99492779.0,21,97,356,0
113841988.0,21,86,20,0
100036997.0,21,98,357,0
99912156.0,21,98,357,0
4733566.0,21,7,329,0
113842116.0,21,7,329,0
99310753.0,21,91,39,0
115103651.0,21,91,39,0
99153135.0,21,34,212,0
99153131.0,21,34,212,0
99847236.0,21,16,332,0
99847077.0,21,7,329,0
99677409.0,21,11,6,0
99318383.0,21,7,329,0
99937917.0,21,99,95,0
99683639.0,21,100,358,0
113972107.0,21,79,330,0
99911575.0,21,101,258,1
99915751.0,21,1,327,0
99171412.0,21,102,197,1
99242931.0,21,18,11,0
105518162.0,21,103,359,0
99911570.0,21,104,360,1
115089551.0,21,52,66,0
99217084.0,21,18,11,0
27116228.0,21,30,21,0
107792272.0,21,105,273,0
98972642.0,21,7,329,0
99678297.0,21,46,341,0
99911686.0,21,131,25,0
99911682.0,21,131,25,0
98960930.0,21,107,260,1
99204381.0,21,0,28,1
99970383.0,21,108,158,0
99914493.0,21,109,361,0
99634799.0,21,110,362,0
108281346.0,21,30,21,0
99265020.0,21,111,363,0
99912229.0,21,16,332,0
14105577.0,21,7,329,0
99153104.0,21,18,11,0
101308432.0,21,112,364,0
98978966.0,21,113,82,0
98991204.0,21,113,82,0
98960917.0,21,82,353,0
99923224.0,21,114,248,0
99911576.0,21,115,166,1
100036946.0,21,116,365,1
99942296.0,21,1,327,0
99153129.0,21,86,20,0
98902519.0,21,86,20,0
100064492.0,21,16,332,0
113684263.0,21,118,366,0
113958967.0,21,18,11,0
100045534.0,21,87,18,1
106894458.0,21,120,302,1
99193465.0,21,121,367,1
99191146.0,21,0,28,1
99208701.0,21,71,111,1
99191482.0,21,12,92,0
174370.0,21,18,11,0
30435729.0,21,18,11,0
99191414.0,21,122,368,1
100074629.0,21,52,66,0
100078572.0,21,16,332,0
99285079.0,21,11,6,0
99812335.0,21,12,92,0
100135570.0,21,12,92,0
99676902.0,21,11,6,0
110741635.0,21,124,322,0
99677418.0,21,11,6,0
100043936.0,21,18,11,0
99970754.0,21,125,369,0
113856602.0,21,18,11,0
100084308.0,21,126,71,0
99261661.0,21,16,332,0
100070912.0,21,113,82,0
99925247.0,21,113,82,0
102273556.0,21,7,329,0
99285172.0,21,11,6,0
99644762.0,21,16,332,0
99938686.0,21,127,370,0
99137094.0,21,82,353,0
113612776.0,21,128,371,0
99910394.0,21,129,103,1
99676405.0,21,30,21,0
102749059.0,21,130,300,0
99153113.0,21,131,25,0
113822218.0,21,131,25,0
99970360.0,21,52,66,0
99154443.0,21,34,212,0
99631433.0,21,34,212,0
115122307.0,21,132,253,0
105925907.0,21,26,23,0
99153091.0,21,131,25,0
99153109.0,21,131,25,0
99840086.0,21,30,21,0
99678614.0,21,133,261,0
112773745.0,21,18,11,0
98960959.0,21,134,219,1
115084835.0,21,7,329,0
99190617.0,21,135,310,0
106731159.0,21,30,21,0
98960964.0,21,136,291,1
99462235.0,21,7,329,0
99635499.0,21,7,329,0
113598349.0,21,7,329,0
99923764.0,21,87,18,1
100084740.0,21,7,329,0
99676296.0,21,11,6,0
99844939.0,21,30,21,0
100002363.0,21,30,21,0
98975539.0,21,137,372,0
99285107.0,21,26,23,0
115137030.0,21,138,373,0
99246909.0,21,0,28,0
99153094.0,21,131,25,0
99476437.0,21,86,20,0
113945530.0,21,139,234,0
99914374.0,21,52,66,0
100079127.0,21,140,56,0
99301520.0,21,16,332,0
99677328.0,21,11,6,0
115059307.0,21,141,374,0
108325518.0,21,16,332,0
115137877.0,21,142,214,0
113954961.0,21,18,11,0
99254703.0,21,87,18,1
115090724.0,21,143,375,0
100084963.0,21,7,329,0
100075683.0,21,1,327,0
99318237.0,21,144,317,0
103322326.0,21,144,317,0
99272213.0,21,145,262,0
106197309.0,21,26,23,0
99138337.0,21,41,137,0
99676847.0,21,11,6,0
99848344.0,21,16,332,0
5624947.0,21,18,11,0
99677081.0,21,11,6,0
115072067.0,21,146,376,1
99636485.0,21,87,18,1
99915462.0,21,30,21,0
103968013.0,21,26,23,0
99247464.0,21,17,55,0
99935100.0,21,17,55,0
99831401.0,21,147,377,0
99645021.0,21,30,21,0
99260009.0,21,148,378,0
99911524.0,21,149,224,1
100064823.0,21,150,379,0
115123115.0,21,18,11,0
100042321.0,21,151,308,0
99989741.0,21,52,66,0
98902558.0,21,34,212,0
99689286.0,21,152,380,0
16223567.0,21,7,329,0
99911721.0,21,34,212,0
99152943.0,21,153,381,0
99220637.0,21,26,23,0
111435207.0,21,26,23,0
99186849.0,21,154,281,1
102638634.0,21,26,23,0
99524339.0,21,155,270,0
100036936.0,21,153,381,1
99845173.0,21,46,341,0
106359991.0,21,156,288,0
99314755.0,21,91,39,0
99519514.0,21,0,28,0
100147104.0,21,0,28,0
100038758.0,21,16,332,0
98960956.0,21,52,66,0
106360044.0,21,52,66,0
99633307.0,21,157,312,1
99857438.0,21,7,329,0
99154456.0,21,98,357,0
99816991.0,21,158,382,0
100135569.0,21,7,329,0
99257359.0,21,18,11,0
100037112.0,21,131,25,0
100008111.0,21,16,332,0
99261505.0,21,159,314,0
86327451.0,21,79,330,0
99183761.0,21,113,82,0
99925245.0,21,113,82,0
98960992.0,21,7,329,0
99191138.0,21,0,28,1
107553401.0,21,160,383,0
99191626.0,21,161,220,1
99947201.0,21,82,353,0
113843396.0,21,7,329,0
98961015.0,21,162,119,1
99914372.0,21,52,66,0
98999400.0,21,0,28,0
99254576.0,21,87,18,1
99636365.0,21,87,18,1
99182182.0,21,113,82,0
99256047.0,21,87,18,1
99212412.0,21,129,103,1
114010799.0,21,26,23,0
99523939.0,21,163,132,0
115063761.0,21,11,6,1
99217077.0,21,16,332,0
105236382.0,21,7,329,0
115226174.0,21,164,384,0
99285218.0,21,165,141,0
99192710.0,21,166,385,1
99175888.0,21,167,324,1
99676825.0,21,11,6,0
74585613.0,21,79,330,0
99840199.0,21,30,21,0
99911523.0,21,168,316,1
99191457.0,21,12,92,0
99910403.0,21,169,287,1
99912157.0,21,86,20,0
98991209.0,21,113,82,0
108613117.0,21,89,156,0
115089568.0,21,170,100,0
100038953.0,21,82,353,0
100038948.0,21,82,353,0
105584206.0,21,171,85,1
99841025.0,21,18,11,0
100012549.0,21,0,28,0
99844313.0,21,18,11,0
99910397.0,21,172,386,1
99637885.0,21,173,205,0
109358599.0,21,174,183,0
99680009.0,21,7,329,0
99963369.0,21,16,332,0
37344313.0,21,175,387,0
99285599.0,21,7,329,0
115140170.0,21,176,388,0
99258743.0,21,87,18,1
100073435.0,21,177,151,0
113583618.0,21,79,330,0
99529115.0,21,131,25,0
99637078.0,21,178,318,0
113613281.0,21,26,23,0
99192682.0,21,179,389,1
99850600.0,21,180,229,0
99250988.0,21,109,361,0
115145028.0,21,181,40,0
99254354.0,21,26,23,0
99285236.0,21,182,390,0
99676840.0,21,11,6,0
113598843.0,21,7,329,0
99935915.0,21,13,331,1
99184611.0,21,70,74,0
99926188.0,21,70,74,0
99220489.0,21,183,283,0
100012554.0,21,184,187,0
99631437.0,21,34,212,0
99675942.0,21,11,6,0
99912057.0,21,98,357,0
99183772.0,21,113,82,0
99636198.0,21,87,18,1
113560401.0,21,114,248,0
5428715.0,21,18,11,0
102614861.0,21,185,286,0
99989742.0,21,113,82,0
100090486.0,21,186,320,0
99475905.0,21,7,329,0
99342303.0,21,187,176,0
99192029.0,21,0,28,1
99171415.0,21,188,391,1
100496160.0,21,16,332,0
105384389.0,21,26,23,0
100036941.0,21,189,223,1
106507316.0,21,190,392,0
105157291.0,21,191,309,0
98975075.0,21,26,23,0
98960958.0,21,52,66,0
99252090.0,21,192,393,0
99262636.0,21,7,329,0
113679834.0,21,193,394,0
100047205.0,21,194,395,0
100074627.0,21,52,66,0
99258920.0,21,87,18,1
115227413.0,21,18,11,0
20913405.0,21,56,161,0
99963957.0,21,195,396,0
100777723.0,21,196,397,0
99153117.0,21,141,374,0
109181126.0,21,197,398,0
99844941.0,21,46,341,0
99258538.0,21,87,18,1
99633327.0,21,198,134,1
99129097.0,21,16,332,0
100075809.0,21,1,327,0
99284955.0,21,199,399,0
99247740.0,21,200,293,0
99270534.0,21,201,304,0
99184601.0,21,113,82,0
100078900.0,21,11,6,0
99226765.0,21,52,66,0
100048348.0,21,202,400,0
99675806.0,21,11,6,0
115223916.0,21,7,329,0
114010662.0,21,26,23,0
99677497.0,21,11,6,0
105411377.0,21,7,329,0
99216372.0,21,203,233,1
113820541.0,21,86,20,0
99245958.0,21,204,165,0
102884764.0,21,205,254,0
100042135.0,21,206,257,0
103323962.0,21,26,23,0
100138751.0,21,86,20,0
99962004.0,21,205,254,0
104404689.0,21,26,23,0
99272319.0,21,207,401,0
99921631.0,21,208,206,0
99841117.0,21,89,156,0
113609272.0,21,209,303,0
99675596.0,21,11,6,0
99206829.0,21,210,402,1
100079144.0,21,140,56,0
99318238.0,21,144,317,0
99914208.0,21,52,66,0
99153136.0,21,34,212,0
99968546.0,21,211,326,0
115130703.0,21,212,231,0
99259620.0,21,96,191,0
99191418.0,21,213,403,1
99258746.0,21,87,18,1
99914479.0,21,214,274,0
99841131.0,21,0,28,0
99644730.0,21,16,332,0
100440422.0,21,18,11,0
99190653.0,21,215,184,1
98961098.0,21,216,204,0
113977809.0,21,18,11,0
99262368.0,21,7,329,0
100012559.0,21,217,404,0
113690025.0,21,7,329,0
99282990.0,21,7,329,0
98960924.0,21,218,405,1
98975118.0,21,219,272,0
99182148.0,21,220,127,1
99635784.0,21,221,406,0
115146148.0,21,222,298,0
99914114.0,21,223,407,1
115140164.0,21,224,296,0
99183764.0,21,113,82,0
99910225.0,21,0,28,0
113609169.0,21,225,408,0
99484441.0,21,226,409,0
113607308.0,21,56,161,0
101309886.0,21,18,11,0
98978293.0,21,7,329,0
99179427.0,21,227,410,1
99288235.0,21,228,323,0
99923765.0,21,23,334,1
99191129.0,21,229,411,1
99948499.0,21,86,20,0
99316500.0,21,230,299,0
99480671.0,21,73,121,0
113607061.0,21,231,126,0
98960969.0,21,232,202,1
99845489.0,21,46,341,0
99190586.0,21,233,62,1
99154457.0,21,98,357,0
98960937.0,21,234,282,1
99942103.0,21,235,159,0
107751520.0,21,79,330,0
99260468.0,21,236,412,0
100417060.0,21,7,329,0
99264239.0,21,16,332,0
99844781.0,21,46,341,0
98979513.0,21,237,79,0
99914126.0,21,52,66,0
102616126.0,21,32,180,0
107498498.0,21,79,330,0
99271146.0,21,11,6,0
113828048.0,21,36,321,0
99265031.0,21,5,136,0
99260047.0,21,7,329,0
99265027.0,21,6,413,0
99204386.0,21,0,28,1
99917044.0,21,1,327,0
113612051.0,21,8,414,0
99212414.0,21,129,103,1
98902560.0,21,34,212,0
98961181.0,21,7,329,0
100046630.0,21,9,15,0
99989568.0,21,106,415,0
102584101.0,21,84,416,1
113578402.0,21,16,332,0
99288231.0,21,11,6,0
98979557.0,21,117,147,0
99472943.0,21,7,329,0
98991400.0,21,119,84,0
99221274.0,21,55,276,0
100075513.0,21,1,327,0
106921497.0,21,24,417,0
99510681.0,21,123,418,0
99208676.0,21,28,264,1
113848723.0,21,7,329,0
99677166.0,21,11,6,0
113555830.0,21,26,23,0
102551288.0,21,12,92,0
99676906.0,21,11,6,0
99236727.0,21,16,332,0
101306000.0,21,7,329,0
100066844.0,21,12,92,0
2984918.0,22,0,419,0
321536614.0,22,0,419,0
372878326.0,22,0,419,0
321465316.0,22,0,419,0
372813188.0,22,1,21,0
308058021.0,22,1,21,0
373077919.0,22,2,420,0
298313927.0,22,3,25,0
306355820.0,22,3,25,0
372745794.0,22,4,23,1
372739354.0,22,5,421,0
372979935.0,22,0,419,0
311016758.0,22,0,419,0
372956178.0,22,0,419,0
368738791.0,22,0,419,0
310795298.0,22,6,422,0
372721608.0,22,6,422,0
372823274.0,22,7,423,0
310648102.0,22,7,423,0
372681524.0,22,8,424,0
368735876.0,22,2,420,0
372681953.0,22,2,420,0
372536156.0,22,9,156,0
274447715.0,22,9,156,0
372878747.0,22,0,419,0
372670728.0,22,10,330,0
292265509.0,22,10,330,0
306645612.0,22,11,425,0
311016788.0,22,11,425,0
373154032.0,22,0,419,0
322565697.0,22,0,419,0
321959468.0,22,0,419,0
310558572.0,22,12,426,0
314869460.0,22,12,426,0
336807569.0,22,13,427,0
311016720.0,22,0,419,0
298313901.0,22,3,25,0
372687519.0,22,3,25,0
373111780.0,22,14,428,0
372739457.0,22,15,429,0
322984089.0,22,15,429,0
306161367.0,22,3,25,0
306161988.0,22,3,25,0
314375370.0,22,0,419,0
373112221.0,22,16,430,0
320681014.0,22,4,23,0
372726603.0,22,17,431,1
308007318.0,22,18,161,0
372979674.0,22,0,419,0
317009326.0,22,19,432,0
321000459.0,22,19,432,0
368737251.0,22,2,420,0
372723787.0,22,2,420,0
372681226.0,22,21,433,0
320009128.0,22,22,434,0
297829976.0,22,0,419,0
372810444.0,22,2,420,0
306660533.0,22,23,435,0
372696478.0,22,0,419,0
142808862.0,22,1,21,0
217933774.0,22,0,419,0
368744263.0,22,25,92,0
349354185.0,22,25,92,0
94796531.0,22,1,21,0
309008176.0,22,1,21,0
317006279.0,22,26,436,0
373150549.0,22,0,419,0
311749569.0,22,2,420,0
313647366.0,22,2,420,1
372865089.0,22,27,437,0
372739469.0,22,0,419,0
368746112.0,22,28,438,0
372872041.0,22,5,421,0
372822838.0,22,29,439,0
372866573.0,22,2,420,0
372979942.0,22,2,420,0
372868473.0,22,30,440,0
373152834.0,22,30,440,0
372749938.0,22,10,330,0
311016734.0,22,31,441,0
372722334.0,22,31,441,0
312451594.0,22,32,442,1
314220369.0,22,33,443,0
373081058.0,22,1,21,0
372526080.0,22,34,444,0
311825135.0,22,34,444,0
300348815.0,22,35,445,0
372739859.0,22,0,419,0
372726401.0,22,36,38,1
310247981.0,22,2,420,0
372871269.0,22,2,420,0
320787625.0,22,37,82,0
372985876.0,22,37,82,0
117199750.0,22,0,419,0
321254247.0,22,38,446,0
316837467.0,22,39,447,1
372734999.0,22,18,161,0
372818519.0,22,18,161,0
372692387.0,22,40,332,0
372722631.0,22,2,420,0
372878755.0,22,2,420,0
336913462.0,22,41,448,0
372550131.0,22,23,435,0
373081144.0,22,10,330,0
307460497.0,22,0,419,0
287364073.0,22,10,330,0
312359280.0,22,42,449,0
314295525.0,22,5,421,0
372532531.0,22,43,450,0
372525477.0,22,23,435,0
331598051.0,22,10,330,0
308007729.0,22,10,330,0
312470690.0,22,42,449,0
318669119.0,22,42,449,0
372980264.0,22,0,419,0
368804707.0,22,44,299,0
372739340.0,22,10,330,0
372878431.0,22,0,419,0
314727628.0,22,0,419,0
372728492.0,22,2,420,0
372871308.0,22,45,451,0
372825818.0,22,46,452,0
353216464.0,22,47,453,0
372732461.0,22,48,126,0
372961870.0,22,49,166,1
128204175.0,22,50,454,0
318847232.0,22,51,455,0
312468560.0,22,51,455,0
310396998.0,22,52,456,1
372878649.0,22,0,419,0
372878280.0,22,5,421,0
306822977.0,22,5,421,0
309288996.0,22,53,457,0
372739745.0,22,54,458,0
372823095.0,22,54,458,0
298371010.0,22,55,459,0
372681876.0,22,23,435,0
296296183.0,22,56,460,0
372722640.0,22,54,458,0
322565719.0,22,54,458,0
368776722.0,22,2,420,0
307765134.0,22,4,23,0
312450800.0,22,37,82,0
372695235.0,22,37,82,0
47914054.0,22,1,21,0
313405410.0,22,57,176,0
314756812.0,22,58,461,0
321107983.0,22,58,461,0
372962252.0,22,59,462,0
372872756.0,22,2,420,0
372681942.0,22,21,433,0
312358520.0,22,54,458,0
311016789.0,22,0,419,0
314936861.0,22,60,463,0
372878761.0,22,60,463,0
317009286.0,22,0,419,0
307363105.0,22,61,464,0
372722636.0,22,61,464,0
372957760.0,22,62,465,0
318847871.0,22,62,465,0
162526027.0,22,2,420,0
372672024.0,22,2,420,0
312449513.0,22,63,466,0
306162488.0,22,63,466,0
317125424.0,22,64,467,0
368736398.0,22,2,420,0
372670689.0,22,2,420,0
316804723.0,22,65,468,0
314907443.0,22,66,469,0
306483314.0,22,66,469,0
361914950.0,22,67,470,0
372730932.0,22,68,18,1
372871483.0,22,68,18,1
372812519.0,22,69,471,1
372731567.0,22,18,161,0
372979661.0,22,70,472,0
372750895.0,22,42,449,0
317008182.0,22,71,473,0
314795296.0,22,71,473,0
372823116.0,22,35,445,0
372960181.0,22,72,474,1
372727694.0,22,1,21,0
372873106.0,22,18,161,0
373109707.0,22,59,462,0
372681202.0,22,7,423,0
372724761.0,22,7,423,0
321774720.0,22,53,457,0
372722866.0,22,53,457,0
372696436.0,22,0,419,0
372731529.0,22,73,475,0
312337764.0,22,0,419,0
372681542.0,22,0,419,0
372724764.0,22,7,423,0
317001026.0,22,7,423,0
372733639.0,22,10,330,0
372872503.0,22,1,21,0
372812622.0,22,31,441,0
311254062.0,22,4,23,0
372722864.0,22,5,421,0
311494871.0,22,0,419,0
312446683.0,22,2,420,0
372733920.0,22,74,214,0
235282542.0,22,75,417,0
372980931.0,22,76,476,0
372730729.0,22,77,477,0
372967145.0,22,77,477,0
315767691.0,22,78,478,0
306797356.0,22,79,479,0
372878736.0,22,79,479,0
321816188.0,22,10,330,0
260010345.0,22,40,332,0
373076694.0,22,77,477,0
373154246.0,22,80,480,0
372961143.0,22,81,481,1
310840121.0,22,82,482,0
372878306.0,22,0,419,0
300178611.0,22,2,420,0
317009252.0,22,33,443,0
311356044.0,22,2,420,0
373075890.0,22,2,420,1
372980796.0,22,5,421,0
306822562.0,22,5,421,0
310559223.0,22,0,419,0
368751788.0,22,0,419,0
373075916.0,22,0,419,0
245561424.0,22,0,419,0
306363663.0,22,40,332,0
372695673.0,22,40,332,0
372964969.0,22,83,483,0
287364033.0,22,42,449,0
165218235.0,22,42,449,0
372681574.0,22,35,445,0
313181078.0,22,0,419,0
373081121.0,22,1,21,0
372532523.0,22,84,353,0
117187425.0,22,84,353,0
372812284.0,22,85,484,1
372722338.0,22,59,462,0
372670818.0,22,86,485,1
372828535.0,22,87,486,0
372878303.0,22,87,486,0
372681579.0,22,0,419,0
323475871.0,22,88,487,0
298313686.0,22,3,25,0
312471305.0,22,3,25,0
372535139.0,22,10,330,0
167092164.0,22,10,330,0
368749920.0,22,10,330,0
312358527.0,22,0,419,0
172940478.0,22,5,421,0
198518541.0,22,54,458,0
368749243.0,22,89,488,0
372673125.0,22,89,488,0
372957756.0,22,0,419,0
285935806.0,22,4,23,0
372812566.0,22,21,433,0
315187202.0,22,21,433,0
372739465.0,22,60,463,0
310235415.0,22,0,419,0
315579980.0,22,90,489,0
310466065.0,22,90,489,0
372750956.0,22,0,419,0
311163817.0,22,91,490,0
309011189.0,22,91,490,0
368737973.0,22,40,332,0
372681915.0,22,40,332,0
123347114.0,22,84,353,0
317009270.0,22,92,491,0
321139473.0,22,92,491,0
372525832.0,22,93,492,0
372826583.0,22,93,492,0
372696381.0,22,0,419,0
315252581.0,22,0,419,0
372673350.0,22,18,161,0
372751565.0,22,94,493,0
368758944.0,22,37,82,0
372725895.0,22,37,82,0
372872899.0,22,2,420,0
317006302.0,22,40,332,0
373083316.0,22,95,358,0
372532442.0,22,96,494,0
372823082.0,22,0,419,0
315187205.0,22,97,495,0
322561827.0,22,97,495,0
310986847.0,22,1,21,0
308243860.0,22,1,21,0
301042707.0,22,0,419,0
320010235.0,22,21,433,0
320008709.0,22,21,433,0
310444813.0,22,2,420,0
368766164.0,22,2,420,0
321065472.0,22,0,419,0
372739418.0,22,98,496,0
372734990.0,22,42,449,0
372878318.0,22,0,419,0
372810024.0,22,2,420,0
106651741.0,22,23,435,0
313613074.0,22,4,23,0
254521396.0,22,10,330,0
116741452.0,22,0,419,0
321015642.0,22,0,419,0
300815624.0,22,99,497,0
310646799.0,22,99,497,0
372670711.0,22,60,463,0
313002715.0,22,100,498,0
372827971.0,22,37,82,0
372865149.0,22,37,82,0
372730041.0,22,10,330,0
315921634.0,22,101,499,0
317009339.0,22,79,479,0
311016726.0,22,62,465,0
372872723.0,22,102,206,0
372750548.0,22,0,419,0
372812567.0,22,0,419,0
372739411.0,22,103,394,0
259156177.0,22,5,421,0
321774726.0,22,35,445,0
372722081.0,22,23,435,0
372532654.0,22,84,353,0
312468572.0,22,84,353,0
32184286.0,22,18,161,0
372696454.0,22,0,419,0
194125075.0,22,104,323,0
372726671.0,22,105,500,1
313646496.0,22,106,501,1
372812660.0,22,107,502,0
372681573.0,22,108,503,0
372722326.0,22,108,503,0
20784545.0,22,40,332,0
307925736.0,22,40,332,0
260010357.0,22,40,332,0
372864995.0,22,2,420,0
372980328.0,22,14,428,0
373153098.0,22,14,428,0
116981941.0,22,109,74,0
310505002.0,22,0,419,0
312002700.0,22,0,419,0
298375805.0,22,0,419,0
372749928.0,22,40,332,0
204451883.0,22,110,504,0
368735709.0,22,2,420,0
372812551.0,22,39,447,1
372878642.0,22,0,419,0
315579721.0,22,0,419,0
372827398.0,22,0,419,0
326387115.0,22,0,419,0
120662258.0,22,0,419,0
312233617.0,22,111,505,0
368746953.0,22,112,506,1
372960195.0,22,113,507,1
372750179.0,22,54,458,0
372980290.0,22,54,458,0
268339596.0,22,114,270,0
316118405.0,22,115,508,0
372527598.0,22,18,161,0
27044004.0,22,10,330,0
372813705.0,22,37,82,0
372681259.0,22,21,433,0
311163870.0,22,21,433,0
10708700.0,22,5,421,0
318120555.0,22,0,419,0
260010347.0,22,10,330,0
31074343.0,22,10,330,0
372812221.0,22,2,420,1
372884348.0,22,116,509,0
368808748.0,22,2,420,0
331493654.0,22,10,330,0
373109555.0,22,117,510,1
373154099.0,22,37,82,0
372692369.0,22,10,330,0
45671326.0,22,118,121,0
372872590.0,22,118,121,0
372680789.0,22,119,511,0
372882093.0,22,37,82,0
311293725.0,22,37,82,0
307460033.0,22,79,479,0
372670820.0,22,120,512,1
311301494.0,22,37,82,0
213536256.0,22,10,330,0
273257668.0,22,0,419,0
372752033.0,22,5,421,0
372970443.0,22,121,212,0
373075807.0,22,121,212,0
306399804.0,22,42,449,0
315580161.0,22,0,419,0
372687525.0,22,122,513,0
314399283.0,22,122,513,0
317006253.0,22,123,514,0
373160341.0,22,123,514,0
312468619.0,22,124,515,0
310827138.0,22,0,419,0
314142507.0,22,10,330,0
373076774.0,22,18,161,0
310647951.0,22,125,516,0
310442045.0,22,125,516,0
372723773.0,22,2,420,0
372687027.0,22,126,517,0
298563342.0,22,0,419,0
372722650.0,22,0,419,0
372980232.0,22,0,419,0
372979934.0,22,66,469,0
372696397.0,22,0,419,0
372873830.0,22,42,449,0
51901043.0,22,42,449,0
372725943.0,22,37,82,0
312451969.0,22,42,449,0
373109663.0,22,127,518,0
372728433.0,22,128,148,0
372812358.0,22,128,148,1
309624421.0,22,10,330,0
373075902.0,22,10,330,0
123347039.0,22,23,435,0
372749951.0,22,23,435,0
372680802.0,22,129,519,0
321456925.0,22,0,419,0
314756828.0,22,45,451,0
372541774.0,22,45,451,0
373154244.0,22,130,375,0
372696706.0,22,131,381,0
326264466.0,22,132,520,0
372822940.0,22,133,521,0
321139224.0,22,133,521,0
317006289.0,22,134,522,0
316365890.0,22,134,522,0
372957119.0,22,2,420,0
372739484.0,22,0,419,0
372527477.0,22,18,161,0
368777838.0,22,0,419,0
372722658.0,22,0,419,0
312451159.0,22,121,212,0
372872525.0,22,121,212,0
368746290.0,22,18,161,0
368746223.0,22,18,161,0
373112207.0,22,135,523,0
312468587.0,22,136,524,0
312468582.0,22,136,524,0
372721617.0,22,23,435,0
310552205.0,22,23,435,0
318847878.0,22,0,419,0
296833501.0,22,137,40,0
372695241.0,22,10,330,0
130897299.0,22,4,23,0
372672061.0,22,2,420,0
372739817.0,22,7,423,0
372961150.0,22,138,111,1
372971674.0,22,121,212,0
373108571.0,22,139,525,0
316099401.0,22,140,526,0
310991376.0,22,33,443,0
372809666.0,22,134,522,0
310840128.0,22,0,419,0
372726107.0,22,141,527,1
372878249.0,22,142,528,0
321536098.0,22,143,529,0
372733927.0,22,0,419,0
321774716.0,22,144,530,0
312470026.0,22,145,208,0
372696372.0,22,0,419,0
372823078.0,22,146,531,0
372812154.0,22,2,420,1
372813321.0,22,147,532,0
314193733.0,22,148,533,0
308449076.0,22,148,533,0
372722330.0,22,88,487,0
315988397.0,22,149,379,0
372954283.0,22,150,534,0
372971681.0,22,151,535,0
321774738.0,22,0,419,0
310504960.0,22,0,419,0
372739844.0,22,71,473,0
373075955.0,22,152,314,0
368747051.0,22,2,420,1
373112431.0,22,2,420,0
372979919.0,22,0,419,0
372960194.0,22,153,536,1
313464885.0,22,125,516,0
307095420.0,22,10,330,0
372829175.0,22,154,537,0
368766171.0,22,2,420,0
372979931.0,22,0,419,0
372688256.0,22,155,356,0
372822878.0,22,0,419,0
312818907.0,22,71,473,0
372822946.0,22,71,473,0
372727534.0,22,156,331,1
372811992.0,22,156,331,1
317009251.0,22,0,419,0
322441061.0,22,157,538,1
312446681.0,22,2,420,0
310569922.0,22,40,332,0
268220655.0,22,0,419,0
321139138.0,22,82,482,0
312451257.0,22,121,212,0
372872689.0,22,121,212,0
310552194.0,22,158,539,0
317009254.0,22,158,539,0
321602331.0,22,0,419,0
372723797.0,22,2,420,0
372722341.0,22,0,419,0
335450070.0,22,1,21,0
372527336.0,22,159,100,0
372972124.0,22,40,332,0
310646801.0,22,34,444,0
372872543.0,22,5,421,0
328228592.0,22,160,221,0
315580245.0,22,54,458,0
321139480.0,22,54,458,0
125080648.0,22,161,349,0
372532917.0,22,162,540,0
310795313.0,22,0,419,0
372723702.0,22,2,420,0
342808402.0,22,163,541,0
312520235.0,22,66,469,0
368737984.0,22,19,432,0
199431541.0,22,164,542,0
317006255.0,22,0,419,0
301051633.0,22,2,420,0
372539858.0,22,56,460,0
218897600.0,22,0,419,0
312468549.0,22,165,543,0
372962296.0,22,166,544,0
308801905.0,22,0,419,0
316100086.0,22,0,419,0
315685734.0,22,0,419,0
315767708.0,22,165,543,0
312468551.0,22,165,543,0
368811595.0,22,167,545,0
372812570.0,22,90,489,0
310607530.0,22,2,420,0
317009342.0,22,133,521,0
321248004.0,22,0,419,0
372739875.0,22,0,419,0
368746484.0,22,168,416,1
311163868.0,22,169,546,0
310795321.0,22,123,514,0
310559056.0,22,123,514,0
313647362.0,22,170,411,1
321108183.0,22,0,419,0
123082608.0,22,40,332,0
67352006.0,22,14,428,0
368736165.0,22,2,420,0
321468856.0,22,0,419,0
368737979.0,22,0,419,0
372739751.0,22,108,503,0
372822865.0,22,108,503,0
317009259.0,22,171,547,0
310559209.0,22,171,547,0
318847863.0,22,51,455,0
372726134.0,22,172,548,1
307068833.0,22,0,419,0
372812249.0,22,173,549,1
372823086.0,22,0,419,0
372812266.0,22,174,550,1
372867400.0,22,174,550,1
198518543.0,22,60,463,0
372750958.0,22,0,419,0
310647605.0,22,0,419,0
372696418.0,22,0,419,0
372980325.0,22,0,419,0
372965514.0,22,175,551,0
315957693.0,22,0,419,0
314795299.0,22,31,441,0
312449486.0,22,31,441,0
372672188.0,22,4,23,0
306837291.0,22,0,419,0
368775154.0,22,18,161,0
368783421.0,22,0,419,0
373112230.0,22,176,552,0
372822867.0,22,169,546,0
373076333.0,22,177,553,0
372812240.0,22,2,420,1
372816766.0,22,121,212,0
372872725.0,22,121,212,0
310991378.0,22,123,514,0
372680774.0,22,178,554,0
340291419.0,22,1,21,0
372722876.0,22,0,419,0
311825125.0,22,0,419,0
312451704.0,22,179,555,0
372686107.0,22,180,357,0
298128558.0,22,181,556,0
372812575.0,22,54,458,0
344658206.0,22,182,557,0
372681859.0,22,0,419,0
316593990.0,22,183,558,0
195823686.0,22,18,161,1
296554692.0,22,1,21,0
368738946.0,22,133,521,0
314907442.0,22,7,423,0
317009336.0,22,146,531,0
372724578.0,22,60,463,0
314853973.0,22,42,449,0
311608482.0,22,4,23,0
315580226.0,22,184,559,0
372672236.0,22,40,332,0
317009341.0,22,7,423,0
372979706.0,22,7,423,0
316099026.0,22,11,425,0
310381595.0,22,3,25,0
372866568.0,22,61,464,0
373110096.0,22,185,293,0
310559249.0,22,186,560,0
368735653.0,22,2,420,0
372723784.0,22,2,420,0
146002007.0,22,10,330,0
185769465.0,22,10,330,0
372672184.0,22,4,23,0
372957779.0,22,187,561,0
314517251.0,22,42,449,0
310425441.0,22,188,562,1
372726129.0,22,189,563,1
372739738.0,22,23,435,0
316100135.0,22,23,435,0
368782781.0,22,0,419,0
372729207.0,22,2,420,1
301501234.0,22,12,426,0
372956706.0,22,5,421,0
224482978.0,22,190,564,0
323889132.0,22,190,564,0
320008688.0,22,45,451,0
372878752.0,22,0,419,0
322987420.0,22,54,458,0
372957764.0,22,123,514,0
311163814.0,22,23,435,0
311398542.0,22,23,435,0
368782354.0,22,40,332,0
203345754.0,22,40,332,0
307388907.0,22,191,565,0
373160360.0,22,0,419,0
372739798.0,22,158,539,0
310229131.0,22,18,161,0
317402213.0,22,192,404,0
372539835.0,22,18,161,0
331508307.0,22,18,161,0
372961166.0,22,193,566,1
317009267.0,22,186,560,0
372962254.0,22,186,560,0
372812573.0,22,0,419,0
341924681.0,22,40,332,0
315579993.0,22,26,436,0
316100073.0,22,0,419,0
320400393.0,22,54,458,0
312058851.0,22,0,419,0
321667503.0,22,194,567,0
312468597.0,22,194,567,0
322986369.0,22,59,462,0
372980225.0,22,195,137,0
312446690.0,22,2,420,0
312446689.0,22,2,420,0
372681930.0,22,5,421,0
368735974.0,22,2,420,0
372526872.0,22,5,421,0
368838129.0,22,5,421,0
115542550.0,22,1,21,0
368754914.0,22,2,420,0
372723972.0,22,2,420,0
372812233.0,22,2,420,1
328041157.0,22,0,419,0
312447975.0,22,37,82,0
312447972.0,22,37,82,0
372535874.0,22,37,82,0
312447958.0,22,37,82,0
372960175.0,22,196,278,1
306390911.0,22,109,74,0
372741139.0,22,70,472,0
372823505.0,22,70,472,0
372671152.0,22,197,568,1
372739402.0,22,198,569,0
321537270.0,22,199,570,0
316099809.0,22,199,570,0
315816118.0,22,200,571,0
372961123.0,22,0,419,0
315025571.0,22,0,419,0
372527086.0,22,201,204,0
372726702.0,22,131,381,1
372970791.0,22,202,572,0
368766050.0,22,2,420,0
340832122.0,22,2,420,0
312468825.0,22,203,401,0
372726755.0,22,204,573,1
321864583.0,22,78,478,0
301501245.0,22,78,478,0
314727630.0,22,22,434,0
373082396.0,22,205,574,0
372812150.0,22,206,575,1
321163150.0,22,25,92,0
372811666.0,22,25,92,0
372810471.0,22,2,420,0
372864873.0,22,2,420,0
308010808.0,22,207,576,0
372812145.0,22,208,202,1
372722759.0,22,8,424,0
372681801.0,22,169,546,0
312520642.0,22,0,419,0
372727537.0,22,0,419,0
368737091.0,22,2,420,0
372723780.0,22,2,420,0
372527520.0,22,209,577,0
372959856.0,22,210,182,0
372670803.0,22,211,578,1
312108602.0,22,0,419,0
372726685.0,22,212,579,1
372732806.0,22,213,580,0
373083311.0,22,214,581,0
313162306.0,22,30,440,0
372970040.0,22,215,276,0
372526021.0,22,216,582,0
312468535.0,22,216,582,0
312468579.0,22,123,514,0
368736399.0,22,2,420,0
372810494.0,22,2,420,0
372554403.0,22,217,39,0
41830054.0,22,217,39,0
372960038.0,22,218,583,1
130608543.0,22,0,419,0
372812197.0,22,2,420,1
372670716.0,22,7,423,0
372739753.0,22,7,423,0
372721855.0,22,0,419,0
313647377.0,22,219,127,1
317009327.0,22,220,584,0
310559216.0,22,220,584,0
312451055.0,22,121,212,0
372872692.0,22,121,212,0
322987453.0,22,76,476,0
311464078.0,22,61,464,0
314727858.0,22,97,495,0
316628819.0,22,97,495,0
315032736.0,22,221,585,0
335305318.0,22,68,18,1
324398354.0,22,222,586,0
372881892.0,22,223,587,0
310550069.0,22,3,25,0
372983905.0,22,3,25,0
321112780.0,22,0,419,0
372722625.0,22,0,419,0
372878766.0,22,224,240,0
252284272.0,22,0,419,0
373155071.0,22,121,212,0
372696414.0,22,0,419,0
328782551.0,22,225,588,0
312449460.0,22,225,588,0
372872721.0,22,121,212,0
372971115.0,22,121,212,0
372727700.0,22,9,156,0
372723979.0,22,2,420,0
310795316.0,22,0,419,0
372825396.0,22,0,419,0
372739423.0,22,78,478,0
372812278.0,22,226,589,1
307362615.0,22,0,419,0
368735941.0,22,2,420,0
368737697.0,22,0,419,0
311317979.0,22,227,132,0
306797355.0,22,108,503,0
372688298.0,22,18,161,0
310504966.0,22,88,487,0
372878639.0,22,88,487,0
311365779.0,22,183,558,0
315580258.0,22,183,558,0
321108186.0,22,0,419,0
307221938.0,22,217,39,0
373108487.0,22,0,419,0
310756841.0,22,146,531,0
372980280.0,22,87,486,0
372872481.0,22,121,212,0
372970437.0,22,121,212,0
372748823.0,22,228,590,0
372534329.0,22,18,161,0
296712837.0,22,68,18,1
336113454.0,22,2,420,0
372672268.0,22,0,419,0
321860113.0,22,0,419,0
372979921.0,22,0,419,0
251475360.0,22,0,419,0
372810539.0,22,2,420,0
287644303.0,22,229,591,0
344764305.0,22,5,421,0
329791475.0,22,2,420,0
310647947.0,22,230,592,0
310559243.0,22,0,419,0
310376674.0,22,0,419,0
372535630.0,22,10,330,0
313165831.0,22,0,419,0
372961130.0,22,14,428,0
312794676.0,22,0,419,0
372722880.0,22,82,482,0
310840067.0,22,82,482,0
315025577.0,22,7,423,0
372726111.0,22,231,593,1
372731556.0,22,232,594,0
162922029.0,22,1,21,0
353884127.0,22,0,419,0
312691887.0,22,0,419,0
372812517.0,22,233,62,1
312446700.0,22,2,420,0
312446694.0,22,2,420,0
372731645.0,22,234,595,0
368777211.0,22,10,330,0
288520776.0,22,68,18,1
309553229.0,22,68,18,1
119065763.0,22,21,433,0
117196546.0,22,235,248,0
372966859.0,22,235,248,0
372696482.0,22,0,419,0
317009332.0,22,236,596,0
311909568.0,22,123,514,0
372812514.0,22,237,597,1
328149275.0,22,0,419,0
310558569.0,22,62,465,0
372727284.0,22,238,374,0
372739870.0,22,195,137,0
310570136.0,22,239,598,0
373083306.0,22,240,599,0
312108743.0,22,4,23,0
368785152.0,22,0,419,0
314628203.0,22,0,419,0
368778186.0,22,40,332,0
312468654.0,22,241,600,0
311016751.0,22,134,522,0
312794698.0,22,0,419,0
211785143.0,22,10,330,0
322565703.0,22,134,522,0
372726147.0,22,242,386,1
372694835.0,22,0,419,0
372983722.0,22,243,601,0
372733536.0,22,244,321,0
321112910.0,22,0,419,0
372870245.0,22,37,82,0
372742466.0,22,37,82,0
372813692.0,22,37,82,0
310756839.0,22,0,419,0
310531429.0,22,0,419,0
315384568.0,22,0,419,0
368735970.0,22,2,420,0
312470659.0,22,10,330,0
227788410.0,22,245,602,0
321112829.0,22,246,603,0
209272983.0,22,1,21,0
300348197.0,22,14,428,0
313340744.0,22,247,369,0
310504961.0,22,0,419,0
321110552.0,22,23,435,0
373076356.0,22,248,604,0
368783897.0,22,10,330,0
310991344.0,22,148,533,0
372725884.0,22,249,605,1
372681927.0,22,76,476,0
372739894.0,22,76,476,0
298313702.0,22,3,25,0
372681109.0,22,0,419,0
312357788.0,22,250,606,0
315032898.0,22,66,469,0
310511362.0,22,59,462,0
321139472.0,22,251,607,0
215464936.0,22,0,419,0
339213343.0,22,252,608,0
311969863.0,22,253,609,0
312450280.0,22,45,451,0
372878758.0,22,62,465,0
368783613.0,22,254,610,0
372726607.0,22,254,610,1
372722860.0,22,0,419,0
312450835.0,22,37,82,0
372526934.0,22,10,330,0
350447995.0,22,255,361,0
373150692.0,22,255,361,0
368763702.0,22,2,420,0
368763700.0,22,2,420,0
310847932.0,22,133,521,0
310559052.0,22,60,463,0
312468529.0,22,216,582,0
249756933.0,22,256,611,0
312451678.0,22,18,161,0
372681234.0,22,125,516,0
311277936.0,22,257,612,0
313670325.0,22,258,613,0
368775193.0,22,259,614,0
373155073.0,22,121,212,0
372822942.0,22,123,514,0
311415792.0,22,260,615,0
333092686.0,22,40,332,0
314221488.0,22,40,332,0
285031496.0,22,0,419,0
372810467.0,22,2,420,0
372681818.0,22,92,491,0
372722873.0,22,146,531,0
372739886.0,22,92,491,0
119065760.0,22,26,436,0
273200033.0,22,40,332,0
372980307.0,22,261,616,0
368736395.0,22,2,420,0
298313897.0,22,3,25,0
372696513.0,22,0,419,0
310795324.0,22,7,423,0
372810459.0,22,2,420,0
311859958.0,22,109,74,0
300849591.0,22,35,445,0
373156447.0,22,10,330,0
368753597.0,22,0,419,0
373156094.0,22,262,320,0
359487326.0,22,263,617,0
372725933.0,22,37,82,0
372812275.0,22,264,618,1
298313911.0,22,3,25,0
317009323.0,22,88,487,0
312452127.0,22,265,619,0
322986367.0,22,7,423,0
368758436.0,22,266,620,0
310559210.0,22,0,419,0
306660538.0,22,0,419,0
368753933.0,22,40,332,0
315180451.0,22,267,621,0
372872874.0,22,268,622,0
368783429.0,22,40,332,0
317009320.0,22,11,425,0
372554827.0,22,269,623,0
328119510.0,22,0,419,0
315654286.0,22,0,419,0
310465779.0,22,270,624,0
309469830.0,22,0,419,0
310559054.0,22,0,419,0
321774708.0,22,0,419,0
368735083.0,22,271,625,0
372871532.0,22,271,625,0
304708183.0,22,10,330,0
38788486.0,22,10,330,0
315252516.0,22,0,419,0
260010366.0,22,1,21,0
372980337.0,22,58,461,0
310472196.0,22,58,461,0
372959804.0,22,272,134,1
368741023.0,22,2,420,0
312091759.0,22,4,23,0
314843175.0,22,0,419,0
269534784.0,22,2,420,0
311100525.0,22,0,419,0
372681559.0,22,78,478,0
372726776.0,22,273,626,1
312454415.0,22,274,627,0
301533783.0,22,0,419,0
117755891.0,22,275,628,0
372696391.0,22,0,419,0
372828530.0,22,91,490,0
368806364.0,22,10,330,0
310335466.0,22,125,516,0
372696527.0,22,0,419,0
312520238.0,22,276,629,0
368783673.0,22,0,419,0
306488051.0,22,35,445,0
311310543.0,22,10,330,0
123345211.0,22,0,419,0
372812161.0,22,277,630,1
372722634.0,22,0,419,0
372727028.0,22,2,420,1
310559272.0,22,0,419,0
372960919.0,22,278,337,1
373159923.0,22,279,631,0
307830556.0,22,280,376,1
312446693.0,22,2,420,0
312446691.0,22,2,420,0
321774761.0,22,0,419,0
312997415.0,22,281,632,0
373153090.0,22,282,233,1
310408777.0,22,30,440,0
372869262.0,22,0,419,0
368735888.0,22,2,420,0
306305284.0,22,2,420,0
372960115.0,22,2,420,1
310228284.0,22,283,633,0
372723794.0,22,2,420,0
373075828.0,22,2,420,0
372750947.0,22,0,419,0
312152510.0,22,183,558,0
312449890.0,22,284,634,0
373109539.0,22,28,438,0
373155025.0,22,28,438,0
368752467.0,22,10,330,0
373150921.0,22,121,212,0
311693539.0,22,0,419,0
312447092.0,22,10,330,0
312447100.0,22,10,330,0
332168659.0,22,285,635,0
372696375.0,22,0,419,0
316804708.0,22,220,584,0
372681223.0,22,123,514,0
106756743.0,22,0,419,0
372960062.0,22,0,419,1
321774740.0,22,286,636,0
310210686.0,22,2,420,0
320680843.0,22,287,300,0
372694096.0,22,0,419,0
372726145.0,22,288,637,1
317001250.0,22,51,455,0
318146616.0,22,8,424,0
334199216.0,22,18,161,0
298114632.0,22,0,419,0
372829177.0,22,289,638,0
372696423.0,22,0,419,0
368778263.0,22,40,332,0
339560632.0,22,92,491,0
308248044.0,22,290,639,0
372739337.0,22,291,640,0
312152977.0,22,146,531,0
312451862.0,22,10,330,0
372681544.0,22,78,478,0
372739780.0,22,78,478,0
321139134.0,22,12,426,0
368737479.0,22,0,419,0
372696469.0,22,0,419,0
312450805.0,22,37,82,0
372687988.0,22,4,23,0
372812513.0,22,292,282,1
301017460.0,22,230,592,0
372962061.0,22,230,592,0
306160954.0,22,293,263,0
372728482.0,22,37,82,0
372970215.0,22,121,212,0
372960184.0,22,294,641,1
372959463.0,22,25,92,0
316780127.0,22,25,92,0
312468515.0,22,10,330,0
372680812.0,22,295,642,0
373082725.0,22,296,292,0
312451079.0,22,121,212,0
373155476.0,22,297,643,0
312468591.0,22,7,423,0
123347107.0,22,7,423,0
372696447.0,22,0,419,0
372960130.0,22,69,471,1
372959902.0,22,37,82,0
373076380.0,22,37,82,0
373075819.0,22,2,420,0
316099022.0,22,0,419,0
373112224.0,22,298,644,0
333925188.0,22,299,418,0
372810535.0,22,2,420,0
312450952.0,22,300,645,0
372725918.0,22,37,82,0
321774759.0,22,222,586,0
329482648.0,22,301,646,0
349622760.0,22,301,646,1
271123758.0,22,0,419,0
312108739.0,22,302,79,0
368774017.0,22,303,647,0
368735355.0,22,271,625,0
372722629.0,22,12,426,0
332075908.0,22,0,419,0
373108521.0,22,33,443,0
372957321.0,22,2,420,0
373107394.0,22,304,648,0
373082721.0,22,305,286,0
372980252.0,22,306,649,0
320766662.0,22,0,419,0
372956785.0,22,0,419,0
312451147.0,22,121,212,0
372696517.0,22,0,419,0
372812263.0,22,307,402,1
372813334.0,22,121,212,0
372962069.0,22,33,443,0
298314054.0,22,3,25,0
372750837.0,22,180,357,0
372872705.0,22,1,21,0
372724854.0,22,1,21,0
368745906.0,22,2,420,1
298313697.0,22,3,25,0
298314056.0,22,3,25,0
365321907.0,22,1,21,0
297801095.0,22,308,390,0
372695460.0,22,122,513,0
372733267.0,22,309,650,0
373111356.0,22,310,651,0
38810950.0,22,10,330,0
372965273.0,22,10,330,0
327628937.0,22,0,419,0
320008704.0,22,78,478,0
207453656.0,22,311,652,0
236898300.0,22,312,653,0
310559250.0,22,0,419,0
373083301.0,22,313,654,0
306266622.0,22,314,655,0
306645622.0,22,281,632,0
372979680.0,22,0,419,0
314843198.0,22,0,419,0
373108496.0,22,68,18,1
372864846.0,22,2,420,0
372724584.0,22,92,491,0
372864850.0,22,2,420,0
306817844.0,22,315,656,0
372812229.0,22,315,656,1
314251244.0,22,316,55,0
372878433.0,22,146,531,0
312452458.0,22,18,161,0
312453161.0,22,18,161,0
124705021.0,22,158,539,0
312926198.0,22,0,419,0
312468603.0,22,43,450,0
372739464.0,22,43,450,0
372546152.0,22,317,366,0
372721611.0,22,0,419,0
252276646.0,22,0,419,0
372739455.0,22,0,419,0
372688361.0,22,318,84,0
372670830.0,22,319,287,1
321465332.0,22,0,419,0
122429472.0,22,220,584,0
372739442.0,22,15,429,0
312447978.0,22,320,657,0
372979684.0,22,0,419,0
368806398.0,22,18,161,0
372298069.0,22,10,330,0
368776702.0,22,321,370,0
372823285.0,22,92,491,0
312997416.0,22,23,435,0
307461746.0,22,322,658,0
313417088.0,22,5,421,0
318131773.0,22,8,424,0
372980233.0,22,323,659,0
372683062.0,22,4,23,0
300847676.0,22,158,539,0
312108479.0,22,324,660,0
372959795.0,22,325,661,1
310228225.0,22,40,332,0
372865000.0,22,2,420,0
312002994.0,22,53,457,0
310726196.0,22,326,662,0
321139215.0,22,14,428,0
372532521.0,22,97,495,0
310429584.0,22,0,419,0
372866273.0,22,37,82,0
275689012.0,22,0,419,0
210322310.0,22,10,330,0
316099249.0,22,0,419,0
372684761.0,22,10,330,0
372980272.0,22,79,479,0
310247984.0,22,327,663,0
225512420.0,22,328,664,0
312152986.0,22,51,455,0
372721606.0,22,0,419,0
323476768.0,22,11,425,0
312221897.0,22,4,23,0
372725878.0,22,329,665,1
227859967.0,22,1,21,0
372812265.0,22,330,224,1
196003053.0,22,331,301,1
315767694.0,22,43,450,0
312468606.0,22,43,450,0
368755160.0,22,2,420,0
372525946.0,22,332,666,0
317048600.0,22,332,666,0
372979939.0,22,222,586,0
372687056.0,22,290,639,0
372532435.0,22,333,667,0
161487385.0,22,334,668,0
372878308.0,22,11,425,0
368782352.0,22,10,330,0
372550380.0,22,335,669,0
321752823.0,22,23,435,0
310425451.0,22,2,420,1
331143185.0,22,336,310,0
274931509.0,22,0,419,0
368758941.0,22,37,82,0
312516521.0,22,165,543,0
372823843.0,22,337,670,0
321774764.0,22,230,592,0
372884300.0,22,338,671,0
311073909.0,22,0,419,0
318848778.0,22,339,672,0
315032714.0,22,7,423,0
373153157.0,22,340,406,0
307062320.0,22,341,136,0
372878764.0,22,1,21,0
373075862.0,22,342,673,1
372957117.0,22,2,420,0
360871436.0,22,1,21,0
372527035.0,22,343,674,0
119065767.0,22,0,419,0
327677278.0,22,0,419,0
312449501.0,22,121,212,0
372732451.0,22,10,330,0
312468611.0,22,344,317,0
312468608.0,22,344,317,0
306160384.0,22,1,21,0
321755379.0,22,222,586,0
372526924.0,22,42,449,0
372812245.0,22,345,675,1
306149036.0,22,346,676,0
372539850.0,22,56,460,0
314521728.0,22,347,339,0
368719103.0,22,348,187,0
312450274.0,22,45,451,0
372672027.0,22,2,420,0
312446688.0,22,2,420,0
312446686.0,22,2,420,0
372532526.0,22,194,567,0
262866563.0,22,0,419,0
372881239.0,22,349,677,0
372527475.0,22,350,304,0
372822950.0,22,78,478,0
311016795.0,22,148,533,0
373158718.0,22,351,165,0
308449024.0,22,0,419,0
372680784.0,22,352,678,0
289263604.0,22,353,234,0
312447953.0,22,37,82,0
273393486.0,22,354,415,0
372980334.0,22,7,423,0
372527106.0,22,42,449,0
372829181.0,22,355,180,0
372680092.0,22,356,679,0
312451263.0,22,121,212,0
368735936.0,22,2,420,0
372957115.0,22,2,420,0
372722869.0,22,169,546,0
368735890.0,22,2,420,0
372722335.0,22,0,419,0
323477650.0,22,6,422,0
372670831.0,22,357,680,1
372878278.0,22,358,681,0
340010489.0,22,2,420,0
311319401.0,22,4,23,0
212398831.0,22,359,409,0
368766500.0,22,10,330,0
310375702.0,22,360,682,0
312155166.0,22,360,682,0
372696351.0,22,0,419,0
316642265.0,22,361,683,0
311261182.0,22,0,419,0
317009273.0,22,133,521,0
372822847.0,22,362,684,0
368733585.0,22,54,458,0
372696405.0,22,0,419,0
117187531.0,22,216,582,0
373075893.0,22,174,550,1
368733653.0,22,54,458,0
373155014.0,22,0,419,0
372726133.0,22,363,264,1
372525403.0,22,243,601,0
372686344.0,22,243,601,0
318120561.0,22,275,628,0
349875941.0,22,364,685,0
373159901.0,22,0,419,0
310845167.0,22,1,21,0
372823278.0,22,0,419,0
321468859.0,22,66,469,0
321139214.0,22,6,422,0
368737976.0,22,40,332,0
313647347.0,22,365,686,1
372960179.0,22,226,589,1
312448698.0,22,190,564,0
373155002.0,22,121,212,0
372670252.0,22,7,423,0
306684471.0,22,236,596,0
311163815.0,22,220,584,0
321000462.0,22,220,584,0
310340025.0,22,366,687,1
314974479.0,22,367,688,1
372961155.0,22,368,689,1
372726664.0,22,206,575,1
256723671.0,22,0,419,0
373155052.0,22,121,212,0
317008199.0,22,8,424,0
310607529.0,22,1,21,0
340919894.0,22,0,419,0
372545737.0,22,369,690,0
368737701.0,22,246,603,0
315252585.0,22,0,419,0
372812510.0,22,370,407,1
372884231.0,22,371,691,0
308382460.0,22,66,469,0
298313903.0,22,3,25,0
372525396.0,22,2,420,0
372871303.0,22,2,420,0
308059489.0,22,0,419,0
368736293.0,22,2,420,0
372687757.0,22,372,692,0
236444988.0,22,10,330,0
312451681.0,22,373,693,0
312548595.0,22,40,332,0
372812580.0,22,61,464,0
250231694.0,22,0,419,0
323122851.0,22,10,330,0
317001238.0,22,0,419,0
368766351.0,22,374,694,0
328203032.0,22,10,330,0
336811953.0,22,375,147,0
372525908.0,22,10,330,0
372971132.0,22,121,212,0
335450291.0,22,0,419,0
368746096.0,22,376,393,0
372883920.0,22,180,357,0
306542408.0,22,243,601,0
313646350.0,22,138,111,1
372696504.0,22,0,419,0
368733657.0,22,7,423,0
372739723.0,22,344,317,0
372696430.0,22,0,419,0
373152820.0,22,121,212,0
372528343.0,22,18,161,0
315579841.0,22,377,695,0
312468702.0,22,378,277,0
372539869.0,22,379,342,0
310429580.0,22,0,419,0
275366849.0,22,380,397,0
123347091.0,22,23,435,0
314727175.0,22,62,465,0
317009288.0,22,62,465,0
372750952.0,22,0,419,0
372823110.0,22,7,423,0
372534961.0,22,381,696,0
300849603.0,22,0,419,0
318848632.0,22,92,491,0
321065482.0,22,0,419,0
372878294.0,22,31,441,0
124694804.0,22,92,491,0
372682279.0,22,382,697,0
372957796.0,22,146,531,0
317001253.0,22,0,419,0
176745163.0,22,0,419,0
310559048.0,22,383,698,0
306042570.0,22,12,426,0
372696459.0,22,0,419,0
306768589.0,22,0,419,0
372971684.0,22,384,699,0
310974454.0,22,385,700,0
372739519.0,22,386,701,0
312468615.0,22,108,503,0
312468613.0,22,108,503,0
368795934.0,22,108,503,0
301042673.0,22,108,503,0
372680930.0,22,387,702,0
298323362.0,22,0,419,0
321112915.0,22,90,489,0
372979914.0,22,90,489,0
312293295.0,22,388,183,0
321468817.0,22,0,419,0
315580477.0,22,0,419,0
322987271.0,22,0,419,0
372525846.0,22,93,492,0
317009265.0,22,76,476,0
312470000.0,22,389,703,0
372726695.0,22,390,704,1
296712537.0,22,68,18,1
372750949.0,22,0,419,0
373160339.0,22,195,137,0
368318356.0,22,391,705,0
368752832.0,22,10,330,0
372721615.0,22,0,419,0
372823520.0,22,5,421,0
368784771.0,22,10,330,0
372960059.0,22,392,706,1
372696409.0,22,0,419,0
312453295.0,22,393,325,0
310308266.0,22,0,419,0
312152999.0,22,0,419,0
312449485.0,22,31,441,0
372971292.0,22,121,212,0
372727024.0,22,394,707,1
373153025.0,22,2,420,1
119541224.0,22,25,92,0
310550073.0,22,3,25,0
372688337.0,22,395,708,0
372980230.0,22,396,56,0
310558599.0,22,396,56,0
372959905.0,22,397,709,1
336812640.0,22,0,419,0
312448181.0,22,398,710,0
372872032.0,22,121,212,0
372683743.0,22,399,225,0
372680806.0,22,400,711,0
372961133.0,22,225,588,1
317009262.0,22,0,419,0
372670812.0,22,401,712,1
372696496.0,22,0,419,0
372960190.0,22,402,713,1
112209984.0,22,0,419,0
315555148.0,22,339,672,0
372869368.0,22,1,21,0
372810452.0,22,2,420,0
372532469.0,22,403,714,0
311693197.0,22,21,433,0
322986654.0,22,0,419,0
372739406.0,22,404,715,0
314219728.0,22,0,419,0
372681231.0,22,0,419,0
372536188.0,22,1,21,0
345159196.0,22,405,716,1
122091177.0,22,199,570,0
372722611.0,22,199,570,0
372812252.0,22,406,717,1
311362182.0,22,40,332,0
311398174.0,22,194,567,0
373150934.0,22,37,82,0
372817129.0,22,407,718,0
322114886.0,22,10,330,0
306620329.0,22,25,92,0
300827525.0,22,0,419,0
372739834.0,22,0,419,0
310559045.0,22,35,445,0
368784360.0,22,10,330,0
323888916.0,22,2,420,1
295152278.0,22,408,408,0
368747689.0,22,2,420,1
300847675.0,22,54,458,0
368766174.0,22,409,719,0
368747257.0,22,410,254,0
317001019.0,22,0,419,0
372527357.0,22,18,161,0
272541395.0,22,0,419,0
317574806.0,22,0,419,0
372726390.0,22,411,238,1
310991381.0,22,0,419,0
317009321.0,22,0,419,0
372670814.0,22,412,720,1
372722612.0,22,133,521,0
322565804.0,22,7,423,0
325487057.0,22,0,419,0
321537283.0,22,0,419,0
321139444.0,22,7,423,0
372696491.0,22,0,419,0
184776848.0,22,413,721,0
372724281.0,22,21,433,0
166226732.0,22,301,646,1
372550626.0,22,5,421,0
372733909.0,22,414,722,0
372726149.0,22,2,420,1
372670693.0,22,2,420,0
372532456.0,22,415,723,0
372959854.0,22,37,82,0
372671966.0,22,37,82,0
312469160.0,22,416,724,0
368735928.0,22,2,420,0
312451254.0,22,121,212,0
372822585.0,22,417,725,0
266386450.0,22,418,205,0
372681271.0,22,90,489,0
311016778.0,22,90,489,0
372815931.0,22,419,159,0
317009279.0,22,148,533,0
322986407.0,22,7,423,0
309015577.0,22,1,21,0
312450804.0,22,37,82,0
361712794.0,22,420,726,0
306355819.0,22,3,25,0
372812516.0,22,2,420,1
372696475.0,22,0,419,0
29755438.0,22,10,330,0
307438982.0,22,60,463,0
372963149.0,22,0,419,0
310429582.0,22,0,419,0
332685665.0,22,421,727,1
372681824.0,22,0,419,0
311906366.0,22,0,419,0
373076344.0,22,422,728,0
307072248.0,22,423,296,0
372681214.0,22,0,419,0
368765037.0,22,2,420,0
309237096.0,22,2,420,0
315339813.0,22,424,414,0
372739852.0,22,7,423,0
277460600.0,22,122,513,0
311434213.0,22,1,21,0
373075871.0,22,425,312,1
311554332.0,22,0,419,0
314169599.0,22,426,151,0
372871466.0,22,427,729,0
336141997.0,22,428,273,0
372696356.0,22,0,419,0
298244232.0,22,429,730,0
372827393.0,22,0,419,0
372960185.0,22,225,588,1
312451640.0,22,430,731,1
372526237.0,22,133,521,0
310816138.0,22,0,419,0
372680797.0,22,431,732,0
326967895.0,22,54,458,0
372532518.0,22,165,543,0
372812208.0,22,40,332,1
372745370.0,22,243,601,0
373155102.0,22,243,601,0
314523210.0,22,432,733,0
372964261.0,22,0,419,0
372957766.0,22,246,603,0
315957688.0,22,0,419,0
372964954.0,22,433,399,0
372739453.0,22,0,419,0
372672187.0,22,18,161,0
372884199.0,22,10,330,0
372739830.0,22,7,423,0
372681548.0,22,23,435,0
352355713.0,22,434,734,0
310425436.0,22,411,238,1
372829706.0,22,316,55,0
209989872.0,22,5,421,0
298345659.0,22,5,421,0
372957106.0,22,2,420,0
312230041.0,22,435,735,0
311036237.0,22,0,419,0
372739460.0,22,186,560,0
321139463.0,22,0,419,0
372884386.0,22,316,55,0
372960183.0,22,316,55,1
372957132.0,22,2,420,0
312896067.0,22,436,412,0
298627595.0,22,437,322,0
298378318.0,22,438,736,0
194124116.0,22,438,736,0
372959853.0,22,439,737,1
312447934.0,22,121,212,0
372532472.0,22,440,738,0
372534330.0,22,18,161,0
372812183.0,22,18,161,0
368775145.0,22,441,739,0
313763222.0,22,2,420,0
313772428.0,22,1,21,0
372532463.0,22,442,740,0
372525997.0,22,93,492,0
372971130.0,22,443,387,0
372726143.0,22,444,741,1
192801521.0,22,25,92,0
310552196.0,22,23,435,0
298313926.0,22,3,25,0
372969615.0,22,445,742,0
321227387.0,22,10,330,0
373108477.0,22,446,743,0
368216011.0,22,2,420,0
372680791.0,22,4,23,0
285601975.0,22,42,449,0
306713256.0,22,42,449,0
317001228.0,22,0,419,0
312450269.0,22,447,744,0
372957774.0,22,31,441,0
315272973.0,22,5,421,0
312291204.0,22,146,531,0
372815951.0,22,10,330,0
368733256.0,22,1,21,0
368749102.0,22,448,745,1
310559021.0,22,0,419,0
267357225.0,22,40,332,0
372960934.0,22,449,316,1
312794696.0,22,0,419,0
372696486.0,22,0,419,0
368747356.0,22,42,449,0
368806370.0,22,42,449,0
373153509.0,22,450,746,0
372732456.0,22,1,21,0
372878235.0,22,451,747,0
353402588.0,22,452,748,1
321774736.0,22,15,429,0
290971690.0,22,453,749,0
368738456.0,22,199,570,0
295844466.0,22,0,419,0
372812261.0,22,2,420,1
360631772.0,22,0,419,0
368783642.0,22,0,419,0
298001992.0,22,454,750,0
372727664.0,22,2,420,0
316100077.0,22,7,423,0
301051635.0,22,0,419,0
307045171.0,22,455,257,0
256696545.0,22,456,751,0
307066283.0,22,3,25,0
310381594.0,22,3,25,0
373111361.0,22,3,25,0
273396426.0,22,457,15,0
273395899.0,22,458,272,0
298137128.0,22,459,178,0
196003058.0,22,460,103,1
372878225.0,22,461,752,0
310796576.0,22,0,419,0
311016770.0,22,0,419,0
368738265.0,22,0,419,0
321667467.0,22,462,753,0
372955899.0,22,0,419,0
311158322.0,22,0,419,0
312468594.0,22,194,567,0
310294593.0,22,2,420,0
373160349.0,22,281,632,0
322987433.0,22,0,419,0
362555229.0,22,0,419,0
372725002.0,22,25,92,0
372980229.0,22,8,424,0
372532642.0,22,84,353,0
117204001.0,22,31,441,0
123147806.0,22,463,318,0
310272868.0,22,42,449,0
340291426.0,22,42,449,0
312468678.0,22,63,466,0
353226338.0,22,5,421,0
372964481.0,22,464,754,0
312451238.0,22,121,212,0
372980260.0,22,0,419,0
312818346.0,22,230,592,0
320010241.0,22,0,419,0
297997742.0,22,465,755,0
361984430.0,22,5,421,0
368733472.0,22,108,503,0
297810058.0,22,466,756,0
306107653.0,22,66,469,0
368738628.0,22,0,419,0
328197794.0,22,467,191,0
372726753.0,22,467,191,1
314388111.0,22,10,330,0
372733569.0,22,42,449,0
273326334.0,22,220,584,0
368775920.0,22,468,309,0
372960056.0,22,469,757,1
312449471.0,22,7,423,0
309437999.0,22,154,537,0
310559217.0,22,0,419,0
372962962.0,22,0,419,0
372816786.0,22,470,758,0
312470015.0,22,471,759,0
372696444.0,22,0,419,0
372535843.0,22,1,21,0
372867154.0,22,2,420,0
313647326.0,22,2,420,1
331860517.0,22,217,39,0
373153160.0,22,472,283,0
372960211.0,22,473,319,1
267162761.0,22,474,760,0
372812522.0,22,2,420,1
373075894.0,22,174,550,1
318345199.0,22,0,419,0
372687760.0,22,4,23,0
312468596.0,22,194,567,0
372726662.0,22,460,103,1
372960206.0,22,460,103,1
372726691.0,22,475,761,1
368752511.0,22,476,85,1
130896922.0,22,477,762,0
310085493.0,22,478,763,0
296284647.0,22,0,419,0
372680796.0,22,479,764,0
372748932.0,22,480,262,0
312471632.0,22,180,357,0
372964795.0,22,481,765,0
315292291.0,22,482,766,0
372680777.0,22,483,767,0
372884343.0,22,484,768,0
372680758.0,22,485,769,0
252402833.0,22,486,770,0
305585551.0,22,2,420,0
372812286.0,22,487,130,1
372696463.0,22,0,419,0
344111080.0,22,0,419,0
372741634.0,22,488,771,0
372722645.0,22,8,424,0
310847929.0,22,222,586,0
321139468.0,22,0,419,0
312469630.0,22,10,330,0
314869442.0,22,35,445,0
372956181.0,22,0,419,0
368775558.0,22,489,772,0
324226893.0,22,490,303,0
316099403.0,22,0,419,0
306715219.0,22,491,773,0
357350263.0,22,2,420,0
372954868.0,22,136,524,0
372733545.0,22,492,774,0
311277940.0,22,493,396,0
310559042.0,22,14,428,0
373160502.0,22,494,380,0
368778267.0,22,0,419,0
312626532.0,22,0,419,0
372745610.0,22,205,574,0
372739403.0,22,495,775,0
172227869.0,22,8,424,0
345158682.0,22,2,420,1
369898914.0,22,496,776,0
310425443.0,22,497,777,1
372721587.0,22,498,778,0
310795310.0,22,222,586,0
372878263.0,22,499,779,0
368735644.0,22,2,420,0
373151916.0,22,410,254,0
372822844.0,22,500,780,0
368749493.0,22,501,781,0
313282393.0,22,0,419,0
372680837.0,22,502,378,0
311594335.0,22,2,420,0
317001231.0,22,82,482,0
323477081.0,22,7,423,0
372739848.0,22,0,419,0
341451272.0,22,2,420,0
372816028.0,22,10,330,0
373075966.0,22,503,782,0
372814594.0,22,504,783,0
310466333.0,22,0,419,0
123347111.0,22,34,444,0
163963468.0,22,0,419,0
372534970.0,22,505,784,0
297492739.0,22,10,330,0
13662421.0,22,506,785,0
372683531.0,22,4,23,0
372815674.0,22,1,21,0
321924038.0,22,507,786,0
372739789.0,22,0,419,0
368735076.0,22,2,420,0
372867163.0,22,508,232,1
372960219.0,22,508,232,1
316593557.0,22,509,787,0
256466873.0,22,118,121,0
312448271.0,22,37,82,0
372731207.0,22,510,788,0
372680089.0,22,511,789,0
311771546.0,22,512,790,0
307460500.0,22,513,791,0
368749653.0,22,514,792,1
330181247.0,22,515,793,0
372957134.0,22,2,420,0
70858325.0,22,516,326,0
368780107.0,22,444,741,0
317001028.0,22,0,419,0
368783643.0,22,517,392,0
373108570.0,22,518,794,0
315025325.0,22,519,795,0
346872784.0,22,82,482,0
368766344.0,22,18,161,0
368735656.0,22,2,420,0
230013867.0,22,520,395,0
312452115.0,22,40,332,0
368754680.0,22,5,421,0
314801517.0,22,108,503,0
316452477.0,22,0,419,0
372962653.0,22,238,374,0
317994324.0,22,521,796,0
312666534.0,22,0,419,0
323558520.0,22,4,23,0
262485049.0,22,40,332,0
246578292.0,22,522,797,0
372696364.0,22,0,419,0
153079665.0,22,523,261,0
372748916.0,22,18,161,0
123347007.0,22,222,586,0
312003012.0,22,97,495,0
166226755.0,22,524,93,1
314250283.0,22,525,413,0
368774341.0,22,526,798,0
310466185.0,22,82,482,0
16154842.0,22,527,398,0
372960057.0,22,528,290,1
372959851.0,22,2,420,1
373155522.0,22,529,799,0
372960177.0,22,530,800,1
310224606.0,22,5,421,0
373150910.0,22,2,420,0
322986632.0,22,108,503,0
373109562.0,22,243,601,0
372696442.0,22,0,419,0
372696384.0,22,0,419,0
310989343.0,22,10,330,0
195116886.0,22,531,383,0
372872579.0,22,10,330,0
95003405.0,22,532,333,0
347223886.0,22,533,801,0
312446720.0,22,10,330,0
345901141.0,22,534,382,0
306162006.0,22,535,802,0
313162315.0,22,24,803,0
312450808.0,22,37,82,0
249825840.0,22,20,804,0
307019891.0,22,0,419,0
331564279.0,23,0,805,0
336432766.0,23,0,805,0
331505271.0,23,1,806,0
331539722.0,23,2,330,0
331543441.0,23,30,807,0
337069012.0,23,30,807,0
223047550.0,23,0,805,0
331537588.0,23,0,805,0
331504176.0,23,5,23,0
331563946.0,23,5,23,0
3180883.0,23,6,808,0
336732710.0,23,6,808,0
5678249.0,23,7,420,0
337568564.0,23,7,420,0
331615292.0,23,8,534,0
331512068.0,23,22,809,0
331536067.0,23,22,809,0
336425115.0,23,10,449,0
331525497.0,23,30,807,0
331547970.0,23,30,807,0
331512018.0,23,11,524,0
331556231.0,23,11,524,0
332771446.0,23,12,161,1
331526465.0,23,35,531,0
331556235.0,23,35,531,0
331500808.0,23,14,810,0
312224550.0,23,14,810,0
336462364.0,23,16,671,0
331492663.0,23,17,811,0
331492671.0,23,17,811,0
337099368.0,23,18,812,0
331520466.0,23,19,356,0
331504866.0,23,20,574,0
331512368.0,23,18,812,0
336522349.0,23,18,812,0
337525748.0,23,30,807,0
9408865.0,23,2,330,0
331501986.0,23,2,330,0
336710594.0,23,49,813,0
331500885.0,23,22,809,0
331536034.0,23,22,809,0
331492081.0,23,1,806,0
363421405.0,23,7,420,0
331492095.0,23,23,814,0
335206430.0,23,24,82,0
363341720.0,23,6,808,0
331539779.0,23,25,815,0
331556648.0,23,18,812,0
336432730.0,23,49,813,0
336728994.0,23,49,813,0
331536710.0,23,26,816,0
363348354.0,23,27,55,0
331552383.0,23,28,817,0
141378824.0,23,2,330,0
5689045.0,23,29,818,0
176350914.0,23,29,818,0
331555676.0,23,35,531,0
336477637.0,23,2,330,0
333385181.0,23,29,818,0
331535996.0,23,76,819,0
336465901.0,23,76,819,0
228519636.0,23,32,602,0
331538920.0,23,33,820,0
331501255.0,23,69,821,0
331518860.0,23,69,821,0
331500746.0,23,35,531,0
336716041.0,23,0,805,0
331497320.0,23,29,818,0
331565766.0,23,29,818,0
264449559.0,23,36,822,0
331556702.0,23,37,823,0
136428640.0,23,6,808,0
331564274.0,23,29,818,0
363345054.0,23,25,815,0
314131343.0,23,25,815,0
331492074.0,23,17,811,0
336001904.0,23,10,449,0
338650295.0,23,29,818,0
331555663.0,23,22,809,0
331566920.0,23,39,766,0
331505640.0,23,40,824,0
331531745.0,23,40,824,0
331492659.0,23,41,25,0
331624147.0,23,2,330,0
331555919.0,23,25,815,0
331517802.0,23,76,819,0
331536801.0,23,42,825,0
363435029.0,23,42,825,0
363322275.0,23,53,826,0
257686395.0,23,53,826,0
331497333.0,23,0,805,0
331525495.0,23,2,330,0
331647907.0,23,2,330,0
337395805.0,23,7,420,0
87512260.0,23,14,810,0
331526425.0,23,14,810,0
331545954.0,23,14,810,0
331529674.0,23,45,321,0
331566089.0,23,17,811,0
331557627.0,23,42,825,0
363349450.0,23,0,805,0
331505155.0,23,42,825,0
331530776.0,23,42,825,0
246329443.0,23,46,827,0
331492112.0,23,47,828,0
331526707.0,23,2,330,0
331554523.0,23,1,806,0
331529032.0,23,48,829,0
331552028.0,23,48,829,0
331625013.0,23,49,813,0
331529717.0,23,40,824,0
331539633.0,23,30,807,0
363322268.0,23,50,491,0
336721775.0,23,50,491,0
331496602.0,23,52,380,0
301526978.0,23,53,826,0
331545938.0,23,53,826,0
332178859.0,23,49,813,0
338642460.0,23,6,808,0
331502560.0,23,82,212,0
331541730.0,23,82,212,0
331566091.0,23,17,811,1
331512257.0,23,55,731,0
277707935.0,23,1,806,0
331566599.0,23,56,477,0
331500898.0,23,69,821,0
331567204.0,23,82,212,0
331629351.0,23,42,825,0
331609765.0,23,57,790,0
255218170.0,23,1,806,0
331513085.0,23,58,830,0
331536770.0,23,58,830,0
331575757.0,23,23,814,0
331496387.0,23,50,491,0
331498938.0,23,50,491,0
316173615.0,23,7,420,0
336483250.0,23,27,55,0
297152756.0,23,35,531,0
315070177.0,23,35,531,0
331500574.0,23,83,831,0
331536028.0,23,83,831,0
335477077.0,23,30,807,0
124719736.0,23,30,807,0
294542673.0,23,2,330,0
331615598.0,23,2,330,0
336428206.0,23,6,808,0
331556319.0,23,69,821,0
336428590.0,23,69,821,0
331551417.0,23,61,462,0
331536046.0,23,22,809,0
331541067.0,23,22,809,0
331575714.0,23,6,808,0
298661032.0,23,7,420,0
331500773.0,23,62,582,0
331541758.0,23,48,829,0
331556965.0,23,48,829,0
301051621.0,23,83,831,0
336721798.0,23,83,831,0
331542420.0,23,64,832,0
363460544.0,23,65,833,0
67942313.0,23,82,212,0
331551742.0,23,48,829,0
225830651.0,23,48,829,0
336428588.0,23,66,592,0
116645868.0,23,66,592,0
123347640.0,23,76,819,0
379048960.0,23,76,819,0
336431422.0,23,6,808,0
331500799.0,23,14,810,0
331505421.0,23,18,812,0
331519869.0,23,67,39,0
336462376.0,23,2,330,0
331507398.0,23,42,825,0
336457210.0,23,10,449,0
331496842.0,23,58,830,0
304640591.0,23,58,830,0
331528614.0,23,14,810,0
331545956.0,23,14,810,0
331492666.0,23,18,812,0
331536061.0,23,69,821,0
331500925.0,23,25,815,0
337128954.0,23,25,815,0
331505903.0,23,68,834,1
30620621.0,23,2,330,0
363343007.0,23,25,815,0
331537530.0,23,12,161,0
363414652.0,23,12,161,0
331624882.0,23,25,815,0
331500805.0,23,69,821,0
331536037.0,23,69,821,0
331566601.0,23,70,214,0
331580443.0,23,58,830,0
331507299.0,23,42,825,0
331536790.0,23,42,825,0
331576428.0,23,71,835,0
331530793.0,23,1,806,0
336448024.0,23,35,531,0
119058853.0,23,35,531,0
331605705.0,23,72,625,0
331492665.0,23,102,836,0
331505205.0,23,102,836,0
331556175.0,23,74,632,0
336478673.0,23,74,632,0
218201606.0,23,75,797,0
331518224.0,23,76,819,0
331526315.0,23,76,819,0
301032987.0,23,69,821,0
312227002.0,23,69,821,0
331562141.0,23,83,831,0
331554533.0,23,1,806,0
331537505.0,23,0,805,0
170354340.0,23,40,824,0
331566664.0,23,40,824,0
331575725.0,23,53,826,0
331575732.0,23,53,826,0
331552406.0,23,77,753,0
337089679.0,23,41,25,0
331527926.0,23,48,829,0
331504171.0,23,64,832,0
331519859.0,23,64,832,0
331564000.0,23,49,813,0
338631769.0,23,78,304,0
331512074.0,23,53,826,0
331556215.0,23,53,826,0
229453047.0,23,79,837,1
336427720.0,23,79,837,1
331573663.0,23,80,838,1
331630193.0,23,81,839,0
331541561.0,23,2,330,0
300642149.0,23,2,330,0
34603905.0,23,42,825,0
331540016.0,23,42,825,0
322507010.0,23,6,808,0
18100216.0,23,102,836,0
336712671.0,23,82,212,0
336710597.0,23,29,818,0
331500899.0,23,83,831,0
331556343.0,23,83,831,0
331505420.0,23,49,813,0
331530347.0,23,5,23,0
336431004.0,23,6,808,0
331521545.0,23,14,810,0
331536056.0,23,14,810,0
331561836.0,23,84,159,0
331521860.0,23,25,815,0
331556335.0,23,25,815,0
331554896.0,23,2,330,0
221545336.0,23,7,420,0
331537518.0,23,1,806,0
331577888.0,23,58,830,0
331566237.0,23,49,813,0
331566242.0,23,49,813,0
331505645.0,23,40,824,0
331555629.0,23,14,810,0
336428579.0,23,14,810,0
337283225.0,23,85,636,0
331527892.0,23,86,588,0
331588559.0,23,86,588,0
312227478.0,23,76,819,0
336797581.0,23,76,819,0
331529347.0,23,12,161,0
249259563.0,23,12,161,0
331566608.0,23,27,55,0
337402944.0,23,27,55,0
331641648.0,23,53,826,0
331556154.0,23,25,815,0
331556000.0,23,53,826,0
363341912.0,23,53,826,0
343063325.0,23,49,813,0
363383916.0,23,87,840,0
336435640.0,23,0,805,0
336732725.0,23,29,818,0
331551410.0,23,67,39,0
379049039.0,23,50,491,0
331541769.0,23,88,689,0
48099604.0,23,6,808,0
346227328.0,23,6,808,0
331536673.0,23,2,330,0
363364309.0,23,0,805,0
331500050.0,23,89,639,0
338675536.0,23,89,639,0
331525470.0,23,30,807,0
273115056.0,23,30,807,0
331563953.0,23,49,813,0
331575819.0,23,49,813,0
336448179.0,23,14,810,0
331556219.0,23,90,841,0
331541541.0,23,91,842,0
331566600.0,23,91,842,0
331536054.0,23,50,491,0
331556962.0,23,50,491,0
372867627.0,23,6,808,0
331494194.0,23,5,23,0
124719547.0,23,5,23,0
370907441.0,23,92,234,0
363391369.0,23,93,799,0
331513079.0,23,58,830,0
331546978.0,23,58,830,0
331531703.0,23,2,330,0
226953323.0,23,94,843,0
337172720.0,23,29,818,0
346379998.0,23,7,420,0
345304329.0,23,42,825,0
336465441.0,23,35,531,0
336432170.0,23,47,828,0
336434001.0,23,47,828,0
331923685.0,23,7,420,0
331536063.0,23,50,491,0
331556163.0,23,53,826,0
331575878.0,23,53,826,0
331556010.0,23,53,826,0
250561873.0,23,29,818,0
331500556.0,23,83,831,0
331556152.0,23,83,831,0
140353489.0,23,6,808,0
331554137.0,23,18,812,0
336428592.0,23,6,808,0
123344679.0,23,42,825,0
331529195.0,23,69,821,0
258833798.0,23,69,821,0
331500205.0,23,2,330,0
331513071.0,23,30,807,0
336427607.0,23,79,837,1
331542417.0,23,42,825,0
331575643.0,23,53,826,0
331575647.0,23,53,826,0
331512753.0,23,58,830,0
379050475.0,23,58,830,0
122085440.0,23,58,830,0
331513087.0,23,58,830,0
331546983.0,23,58,830,0
331500903.0,23,76,819,0
331519510.0,23,82,212,0
331555413.0,23,82,212,0
331555678.0,23,22,809,0
336721778.0,23,22,809,0
331540807.0,23,2,330,0
331646798.0,23,2,330,0
333792508.0,23,95,727,1
363384022.0,23,40,824,0
336472341.0,23,82,212,0
331537545.0,23,0,805,0
331565143.0,23,96,844,0
336422925.0,23,97,845,0
331566923.0,23,58,830,0
243803596.0,23,58,830,0
331553509.0,23,2,330,1
331491784.0,23,69,821,0
331556249.0,23,49,813,0
332943586.0,23,47,828,0
331536000.0,23,82,212,0
338642225.0,23,29,818,0
331496930.0,23,68,834,0
331492669.0,23,17,811,0
336428594.0,23,22,809,0
363344625.0,23,7,420,0
122437896.0,23,48,829,0
331560310.0,23,12,161,0
312227465.0,23,69,821,0
331519853.0,23,102,836,0
331530839.0,23,102,836,0
331529688.0,23,98,763,0
336750568.0,23,99,92,0
331555677.0,23,22,809,0
336457471.0,23,1,806,0
331500921.0,23,53,826,0
331536042.0,23,53,826,0
331557051.0,23,100,846,0
331565726.0,23,102,836,0
331565734.0,23,102,836,0
337197065.0,23,7,420,0
124695662.0,23,25,815,0
336447929.0,23,25,815,0
264370337.0,23,101,847,0
331565744.0,23,102,836,0
331566288.0,23,102,836,0
363344503.0,23,6,808,0
331539678.0,23,2,330,0
331521965.0,23,103,703,0
337274149.0,23,104,848,0
331554483.0,23,105,749,0
331558846.0,23,106,517,0
331536006.0,23,74,632,0
331529185.0,23,50,491,0
117751895.0,23,83,831,0
336465450.0,23,83,831,0
337128947.0,23,53,826,0
331938007.0,23,6,808,0
334485803.0,23,29,818,0
331500796.0,23,83,831,0
331556159.0,23,107,767,0
241979617.0,23,29,818,0
363336354.0,23,82,212,0
34354935.0,23,10,449,0
335658139.0,23,10,449,0
331551426.0,23,66,592,0
336436019.0,23,12,161,0
331567184.0,23,82,212,0
331528610.0,23,83,831,0
230050883.0,23,7,420,0
336729745.0,23,1,806,0
331556022.0,23,48,829,0
336797398.0,23,48,829,0
339662623.0,23,109,849,1
331575736.0,23,53,826,0
357538777.0,23,29,818,0
336919456.0,23,110,726,0
336465238.0,23,83,831,0
336465236.0,23,83,831,0
333094962.0,23,1,806,0
336448175.0,23,25,815,0
331565717.0,23,0,805,0
332685005.0,23,0,805,0
331555238.0,23,111,736,0
331536779.0,23,12,161,0
257670889.0,23,83,831,0
331556207.0,23,112,317,0
331551407.0,23,113,490,0
363436648.0,23,113,490,0
331564277.0,23,29,818,0
331566225.0,23,49,813,0
336715518.0,23,6,808,0
331993536.0,23,29,818,0
331512034.0,23,61,462,0
363376263.0,23,58,830,0
331504161.0,23,2,330,0
363321565.0,23,62,582,0
336478455.0,23,62,582,0
331561592.0,23,29,818,0
331556378.0,23,53,826,0
337256711.0,23,53,826,0
331500197.0,23,2,330,0
54162485.0,23,58,830,0
336447907.0,23,58,830,0
331500870.0,23,14,810,0
331779127.0,23,7,420,0
331565164.0,23,17,811,0
333688228.0,23,6,808,0
331556316.0,23,83,831,0
331537524.0,23,6,808,0
363434992.0,23,6,808,0
331552298.0,23,114,585,0
363342211.0,23,90,841,0
336434288.0,23,10,449,0
336480687.0,23,10,449,0
332943585.0,23,47,828,0
322215110.0,23,115,850,0
336424427.0,23,116,656,0
284844435.0,23,117,851,0
181253368.0,23,1,806,0
331505834.0,23,118,121,0
331531734.0,23,118,121,0
117146401.0,23,69,821,0
331556358.0,23,25,815,0
257680439.0,23,25,815,0
331530311.0,23,49,813,0
339605716.0,23,7,420,0
336437275.0,23,12,161,0
364502120.0,23,119,290,1
313135719.0,23,6,808,0
331495006.0,23,5,23,0
331624995.0,23,6,808,0
331496401.0,23,102,836,0
331532625.0,23,102,836,0
336432744.0,23,41,25,0
304713417.0,23,120,137,0
334369644.0,23,120,137,0
331553508.0,23,2,330,1
336428580.0,23,121,791,0
286387802.0,23,122,601,0
331526435.0,23,122,601,0
331537514.0,23,58,830,0
331567157.0,23,82,212,0
119044931.0,23,58,830,0
346310275.0,23,58,830,0
331967125.0,23,12,161,0
331996869.0,23,12,161,0
331559301.0,23,123,685,0
331513342.0,23,124,852,0
331513072.0,23,12,161,0
124720068.0,23,12,161,0
331546368.0,23,125,654,0
331529190.0,23,50,491,0
331536009.0,23,69,821,0
331556210.0,23,83,831,0
258876243.0,23,62,582,0
331518854.0,23,48,829,0
331641310.0,23,48,829,0
337412683.0,23,50,491,0
331504166.0,23,126,853,0
331566053.0,23,126,853,0
331512594.0,23,127,696,0
337213825.0,23,91,842,0
327985691.0,23,0,805,0
331530565.0,23,0,805,0
323768057.0,23,128,762,0
307922273.0,23,10,449,0
331516648.0,23,18,812,0
331545931.0,23,50,491,0
71011001.0,23,129,745,1
363437383.0,23,40,824,0
336728984.0,23,2,330,0
331556166.0,23,14,810,0
331556976.0,23,130,854,0
331565834.0,23,10,449,0
331565839.0,23,10,449,0
363322267.0,23,50,491,0
331564315.0,23,23,814,0
336423815.0,23,47,828,0
331505433.0,23,131,855,0
331563976.0,23,131,855,0
256690858.0,23,42,825,0
331580351.0,23,58,830,0
337128939.0,23,35,531,0
331575516.0,23,53,826,0
331575521.0,23,53,826,0
331492042.0,23,1,806,0
331519662.0,23,1,806,0
331513076.0,23,5,23,0
331537596.0,23,5,23,0
331607579.0,23,76,819,0
331502033.0,23,82,212,0
336007408.0,23,99,92,0
363410935.0,23,99,92,0
337174327.0,23,14,810,0
116739434.0,23,58,830,0
125411721.0,23,18,812,0
331522767.0,23,18,812,0
331491095.0,23,82,212,0
331530873.0,23,1,806,0
331542501.0,23,1,806,0
353006256.0,23,6,808,0
331530123.0,23,56,477,0
331497998.0,23,30,807,0
205410282.0,23,2,330,0
331564208.0,23,5,23,0
331564203.0,23,5,23,0
372584777.0,23,6,808,0
336431434.0,23,18,812,0
228445982.0,23,132,191,1
331560982.0,23,132,191,0
331536030.0,23,14,810,0
336466599.0,23,133,724,0
363348154.0,23,49,813,1
336765319.0,23,58,830,0
284845176.0,23,134,856,0
331530600.0,23,64,832,0
334014545.0,23,29,818,0
335730542.0,23,18,812,0
259298351.0,23,7,420,0
336423810.0,23,135,262,0
205395834.0,23,136,721,0
331565819.0,23,2,330,0
331565815.0,23,2,330,0
336447935.0,23,66,592,0
240578908.0,23,7,420,0
331504189.0,23,1,806,0
331536705.0,23,137,771,0
331499474.0,23,69,821,0
258478196.0,23,69,821,0
335762384.0,23,7,420,0
331512010.0,23,50,491,0
332312510.0,23,50,491,0
338200307.0,23,18,812,0
336457465.0,23,1,806,0
331556705.0,23,37,823,0
331500783.0,23,48,829,0
66898836.0,23,7,420,0
331496378.0,23,87,840,0
235298549.0,23,87,840,0
331513083.0,23,12,161,0
331537443.0,23,12,161,0
331491619.0,23,56,477,0
336465443.0,23,35,531,0
336000703.0,23,7,420,0
331507324.0,23,1,806,0
284883148.0,23,10,449,0
331567233.0,23,82,212,0
336431449.0,23,0,805,0
331500906.0,23,50,491,0
257230229.0,23,50,491,0
212532698.0,23,7,420,0
331516787.0,23,72,625,0
331492090.0,23,64,832,0
331512288.0,23,138,802,0
336596761.0,23,58,830,0
123344358.0,23,58,830,0
331500895.0,23,50,491,0
331518794.0,23,14,810,0
69147720.0,23,2,330,0
304069313.0,23,29,818,0
338156960.0,23,139,857,0
331517194.0,23,2,330,0
331565737.0,23,102,836,0
309163056.0,23,102,836,0
331500801.0,23,14,810,0
297096686.0,23,29,818,0
336472337.0,23,122,601,0
331498610.0,23,25,815,0
336712245.0,23,25,815,0
300820410.0,23,53,826,0
335427001.0,23,10,449,0
332767693.0,23,10,449,0
331500904.0,23,50,491,0
251184263.0,23,6,808,0
331556195.0,23,140,103,1
379280774.0,23,140,103,1
331492810.0,23,5,23,0
331500751.0,23,14,810,0
331565160.0,23,17,811,0
331521990.0,23,141,765,0
331556658.0,23,12,161,0
336730782.0,23,83,831,0
331567155.0,23,82,212,0
336460412.0,23,142,768,0
331496380.0,23,76,819,0
331512042.0,23,76,819,0
331563872.0,23,42,825,0
337217088.0,23,42,825,0
336490298.0,23,83,831,0
331551414.0,23,35,531,0
224312745.0,23,35,531,0
363345585.0,23,90,841,0
331530845.0,23,18,812,0
336773032.0,23,86,588,0
334396010.0,23,143,361,0
337089660.0,23,143,361,0
336428589.0,23,83,831,0
331566422.0,23,102,836,0
176127022.0,23,12,161,0
336540594.0,23,144,800,1
339662627.0,23,145,376,1
363343459.0,23,22,809,0
331507891.0,23,42,825,1
336714563.0,23,42,825,1
346225848.0,23,58,830,0
131186096.0,23,58,830,0
333312190.0,23,58,830,0
363354028.0,23,29,818,0
363345043.0,23,35,531,0
336500376.0,23,35,531,0
331501576.0,23,79,837,1
336465447.0,23,83,831,0
336465446.0,23,83,831,0
331515151.0,23,146,858,0
331566230.0,23,49,813,0
331567208.0,23,82,212,0
337716050.0,23,7,420,0
331563856.0,23,49,813,0
336529330.0,23,49,813,0
55551031.0,23,1,806,0
331501980.0,23,2,330,0
331558868.0,23,2,330,0
331529916.0,23,147,662,0
336797309.0,23,22,809,0
335001564.0,23,1,806,0
331529628.0,23,2,330,0
331556362.0,23,53,826,0
331575510.0,23,53,826,0
331521543.0,23,50,491,0
331526702.0,23,50,491,0
331500271.0,23,148,859,1
331568374.0,23,148,859,1
280094724.0,23,82,212,0
331546536.0,23,82,212,0
331521541.0,23,35,531,0
331556326.0,23,35,531,0
331552405.0,23,149,775,0
331499472.0,23,48,829,0
331566081.0,23,2,330,0
333633535.0,23,2,330,0
331536729.0,23,5,23,0
312749918.0,23,5,23,0
331556341.0,23,22,809,0
336423814.0,23,41,25,0
310316979.0,23,29,818,0
336482616.0,23,29,818,0
336465448.0,23,83,831,0
331500888.0,23,76,819,0
331542040.0,23,76,819,0
354646888.0,23,6,808,0
301531901.0,23,50,491,0
363436644.0,23,50,491,0
331518596.0,23,150,254,0
331500875.0,23,35,531,0
107369003.0,23,48,829,0
331564650.0,23,49,813,0
331556354.0,23,76,819,0
331556214.0,23,83,831,0
363345048.0,23,83,831,0
372867876.0,23,7,420,0
342245257.0,23,29,818,0
336428279.0,23,151,746,0
300822308.0,23,35,531,0
331556908.0,23,82,212,0
337189761.0,23,82,212,0
331528622.0,23,6,808,0
331966682.0,23,0,805,0
332563582.0,23,12,161,0
331500912.0,23,25,815,0
331555659.0,23,25,815,0
331540376.0,23,2,330,0
331502364.0,23,82,212,0
331567211.0,23,82,212,0
331555903.0,23,49,813,0
336433312.0,23,10,449,0
331508196.0,23,30,807,0
331501368.0,23,91,842,0
331529885.0,23,91,842,0
331557401.0,23,1,806,0
331500919.0,23,69,821,0
331566830.0,23,152,598,0
331556338.0,23,153,860,0
338496017.0,23,29,818,0
331491092.0,23,69,821,0
224292428.0,23,50,491,0
331554207.0,23,18,812,0
331556360.0,23,14,810,0
336428578.0,23,14,810,0
331783904.0,23,154,382,0
341173231.0,23,2,330,0
336766514.0,23,90,841,0
331500929.0,23,76,819,0
331498712.0,23,25,815,0
336720556.0,23,29,818,0
331500917.0,23,48,829,0
336431440.0,23,155,719,0
379049035.0,23,25,815,0
331538671.0,23,156,861,0
331545943.0,23,83,831,0
331498709.0,23,35,531,0
331546707.0,23,58,830,0
332690010.0,23,58,830,0
336736388.0,23,58,830,0
331556227.0,23,157,56,0
336721787.0,23,157,56,0
331542030.0,23,158,257,0
257848206.0,23,159,774,0
363437193.0,23,35,531,0
331564254.0,23,102,836,0
331566428.0,23,102,836,0
363378470.0,23,131,855,0
336276606.0,23,131,855,0
341160139.0,23,99,92,0
331647760.0,23,2,330,0
331502525.0,23,160,339,0
336447916.0,23,12,161,0
337202096.0,23,29,818,0
260064557.0,23,161,862,0
331526483.0,23,82,212,0
300842793.0,23,14,810,0
55622629.0,23,162,756,0
331556018.0,23,90,841,0
331565831.0,23,10,449,0
331527885.0,23,86,588,0
336478925.0,23,22,809,0
331552638.0,23,163,789,0
331512065.0,23,83,831,0
336435644.0,23,58,830,0
336002448.0,23,30,807,0
206393857.0,23,7,420,0
331516487.0,23,111,736,0
331492123.0,23,18,812,0
363359912.0,23,0,805,0
363342180.0,23,48,829,0
337172319.0,23,48,829,0
363437317.0,23,67,39,0
337260046.0,23,12,161,0
331512045.0,23,14,810,0
331545948.0,23,14,810,0
331500892.0,23,69,821,0
341902123.0,23,69,821,0
331500881.0,23,83,831,0
337224046.0,23,30,807,0
336468987.0,23,30,807,0
331536004.0,23,14,810,0
32402639.0,23,58,830,0
331565141.0,23,47,828,0
336423824.0,23,47,828,0
337084502.0,23,29,818,0
257238902.0,23,22,809,0
331560458.0,23,164,657,0
332690011.0,23,1,806,0
336470572.0,23,11,524,0
336426012.0,23,165,539,0
346651480.0,23,6,808,0
331500864.0,23,69,821,0
331531105.0,23,2,330,0
331566587.0,23,166,619,0
331566837.0,23,167,532,0
331529681.0,23,50,491,0
331512006.0,23,25,815,0
331528048.0,23,76,819,0
363438221.0,23,76,819,0
331536143.0,23,117,851,0
363352755.0,23,7,420,0
336710387.0,23,6,808,0
331582626.0,23,5,23,0
336428583.0,23,22,809,0
330614406.0,23,168,670,0
336765332.0,23,58,830,0
336007646.0,23,30,807,0
53535414.0,23,0,805,0
372867626.0,23,6,808,0
331555997.0,23,25,815,0
331505206.0,23,1,806,0
338863185.0,23,58,830,0
363435226.0,23,58,830,0
55053635.0,23,2,330,0
331556170.0,23,71,835,0
336465437.0,23,83,831,0
336500323.0,23,58,830,0
331512046.0,23,30,807,0
143024389.0,23,76,819,0
363435422.0,23,58,830,0
333504039.0,23,169,795,0
338629802.0,23,6,808,0
331503169.0,23,82,212,0
331518796.0,23,14,810,0
336448182.0,23,71,835,0
245097126.0,23,6,808,0
331563999.0,23,42,825,0
331563995.0,23,42,825,0
331498941.0,23,53,826,0
117754762.0,23,66,592,0
333211251.0,23,102,836,0
336482072.0,23,102,836,0
331501108.0,23,2,330,0
295370288.0,23,1,806,0
331519856.0,23,1,806,0
331539162.0,23,6,808,0
331557706.0,23,170,863,0
331491856.0,23,23,814,0
331565826.0,23,10,449,0
363326248.0,23,41,25,0
336448183.0,23,71,835,0
336448181.0,23,71,835,0
331624943.0,23,29,818,0
336427475.0,23,171,232,1
336427802.0,23,79,837,1
331529203.0,23,35,531,0
363340284.0,23,171,232,1
331542507.0,23,23,814,0
331512041.0,23,112,317,0
314046178.0,23,79,837,1
194305890.0,23,79,837,1
331541751.0,23,25,815,0
331562138.0,23,14,810,0
331536567.0,23,72,625,0
363435432.0,23,6,808,0
331536013.0,23,83,831,0
336448180.0,23,14,810,0
335999430.0,23,14,810,0
336425718.0,23,0,805,1
331558570.0,23,172,798,0
331554411.0,23,29,818,0
331551421.0,23,173,864,0
336465521.0,23,83,831,0
331501174.0,23,67,39,0
331521535.0,23,76,819,0
331500792.0,23,35,531,0
246212567.0,23,5,23,0
331641314.0,23,48,829,0
225739576.0,23,6,808,0
310365596.0,23,6,808,0
331500119.0,23,174,74,0
331979882.0,23,174,74,0
331504190.0,23,29,818,0
335998947.0,23,175,788,0
331575733.0,23,53,826,0
331568355.0,23,176,151,0
331580189.0,23,49,813,0
347312152.0,23,29,818,0
336721791.0,23,25,815,0
82005403.0,23,5,23,0
331556168.0,23,14,810,0
331579483.0,23,18,812,0
331565821.0,23,10,449,0
331532069.0,23,18,812,0
331529230.0,23,120,137,0
336471611.0,23,6,808,0
332871700.0,23,177,865,0
175764600.0,23,6,808,0
331519921.0,23,40,824,0
331530854.0,23,29,818,0
331556382.0,23,29,818,0
363327156.0,23,25,815,0
332833397.0,23,42,825,0
336471750.0,23,42,825,0
331529364.0,23,178,18,1
331613168.0,23,178,18,1
337185183.0,23,50,491,0
331500871.0,23,50,491,0
314990339.0,23,7,420,0
224312733.0,23,48,829,0
331545958.0,23,83,831,0
331546998.0,23,58,830,0
331492045.0,23,17,811,0
227271146.0,23,29,818,0
331563811.0,23,79,837,1
331491926.0,23,82,212,0
363436759.0,23,112,317,0
331491580.0,23,179,692,0
337082896.0,23,29,818,0
331566642.0,23,118,121,0
338432304.0,23,118,121,0
331598938.0,23,0,805,0
331556189.0,23,180,283,0
349046280.0,23,61,462,0
331564379.0,23,181,454,0
363341731.0,23,182,686,1
331526499.0,23,48,829,0
338204822.0,23,82,212,0
331617195.0,23,0,805,0
331564626.0,23,79,837,1
346254209.0,23,58,830,0
331500376.0,23,174,74,0
346237122.0,23,5,23,0
331941174.0,23,29,818,0
331565742.0,23,102,836,0
336425119.0,23,10,449,0
331561525.0,23,183,314,0
379283854.0,23,140,103,1
331503522.0,23,184,722,0
331557883.0,23,18,812,0
205475977.0,23,7,420,0
331512622.0,23,99,92,0
338637520.0,23,185,333,0
379293517.0,23,6,808,0
331499197.0,23,82,212,0
336447926.0,23,165,539,0
336448027.0,23,14,810,0
336429216.0,23,186,866,1
331536023.0,23,50,491,0
143027835.0,23,22,809,0
336428774.0,23,187,85,1
363383922.0,23,188,701,0
336426011.0,23,165,539,0
331575656.0,23,53,826,0
331542127.0,23,82,212,0
331563893.0,23,17,811,0
331566087.0,23,17,811,0
336765709.0,23,22,809,0
336703213.0,23,90,841,0
331529819.0,23,189,381,0
305442782.0,23,189,381,0
331561502.0,23,190,303,0
331540801.0,23,2,330,0
218672869.0,23,191,804,0
331536581.0,23,192,867,0
331529343.0,23,193,687,1
331519899.0,23,40,824,0
331556153.0,23,66,592,0
284833913.0,23,194,868,0
331568380.0,23,17,811,1
338145609.0,23,7,420,0
331497149.0,23,195,869,0
319228452.0,23,196,870,0
331556345.0,23,69,821,0
363342176.0,23,69,821,0
331484355.0,23,197,84,0
336794503.0,23,126,853,0
265212083.0,23,29,818,0
335730662.0,23,29,818,0
331501165.0,23,22,809,0
363342191.0,23,25,815,0
337185187.0,23,25,815,0
150322423.0,23,7,420,0
331518848.0,23,18,812,0
245977833.0,23,29,818,0
363359710.0,23,6,808,0
331491775.0,23,14,810,0
338614818.0,23,71,835,0
331564250.0,23,18,812,0
331564247.0,23,18,812,0
208335571.0,23,29,818,0
337082624.0,23,7,420,0
331521927.0,23,2,330,0
331556241.0,23,198,871,0
232993384.0,23,6,808,0
336448023.0,23,35,531,0
331500901.0,23,83,831,0
121695048.0,23,12,161,0
331558919.0,23,49,813,0
301560937.0,23,2,330,0
331556368.0,23,35,531,0
331524152.0,23,18,812,0
331547550.0,23,18,812,0
336046251.0,23,6,808,0
332328678.0,23,12,161,0
336483170.0,23,126,853,0
336470943.0,23,76,819,0
336473560.0,23,6,808,0
363348360.0,23,7,420,0
336428770.0,23,199,772,0
331555674.0,23,35,531,0
345468550.0,23,6,808,0
331557654.0,23,2,330,0
331536017.0,23,48,829,0
331555604.0,23,18,812,0
331530598.0,23,5,23,0
331542228.0,23,5,23,0
331565741.0,23,102,836,0
332329712.0,23,12,161,0
331536065.0,23,25,815,0
82848520.0,23,58,830,0
208501273.0,23,7,420,0
331496386.0,23,22,809,0
336471114.0,23,25,815,0
211294968.0,23,29,818,0
319170878.0,23,6,808,0
331555671.0,23,165,539,0
331554148.0,23,18,812,0
123344914.0,23,99,92,0
336501060.0,23,83,831,0
338644234.0,23,7,420,0
334739774.0,23,10,449,0
336427477.0,23,7,420,0
369161202.0,23,29,818,0
280976010.0,23,116,656,0
61404811.0,23,200,872,0
331498725.0,23,113,490,0
331556388.0,23,201,741,1
337028126.0,23,201,741,1
331638408.0,23,7,420,0
331512033.0,23,25,815,0
117324866.0,23,6,808,0
331563831.0,23,79,837,1
331575779.0,23,42,825,0
336716965.0,23,7,420,0
331491588.0,23,82,212,0
319827565.0,23,7,420,0
331507389.0,23,0,805,0
331500756.0,23,69,821,0
336483192.0,23,0,805,0
370643056.0,23,202,93,1
357754101.0,23,203,595,0
317376486.0,23,2,330,0
331496373.0,23,5,23,0
331529905.0,23,204,801,0
333197825.0,23,7,420,0
331512362.0,23,205,261,0
65469008.0,23,18,812,0
333207578.0,23,6,808,0
331556162.0,23,53,826,0
336003444.0,23,7,420,0
331540791.0,23,2,330,0
331565753.0,23,18,812,0
372867883.0,23,7,420,0
336482923.0,23,17,811,0
344313519.0,23,206,761,1
363405749.0,23,58,830,0
331556203.0,23,25,815,0
336726578.0,23,7,420,0
336432758.0,23,0,805,0
337075558.0,23,49,813,1
331609851.0,23,207,803,0
331555680.0,23,49,813,0
331496376.0,23,82,212,0
331499459.0,23,82,212,0
331500519.0,23,208,873,1
339608137.0,23,7,420,0
336919691.0,23,61,462,0
337073990.0,23,209,874,0
331556016.0,23,9,875,0
88250674.0,23,2,330,1
331495436.0,23,12,161,0
331542120.0,23,73,392,0
336432746.0,23,41,25,0
336474993.0,23,6,808,0
331507371.0,23,6,808,0
336765298.0,23,12,161,0
334021178.0,23,29,818,0
211957433.0,23,150,254,0
336447923.0,23,165,539,0
336478500.0,23,53,826,0
331499321.0,23,76,819,0
331512264.0,23,43,442,0
331484403.0,23,2,330,0
301021979.0,23,76,819,0
331565733.0,23,102,836,0
274429702.0,23,7,420,0
331501219.0,23,76,819,0
266911257.0,23,7,420,0
336721792.0,23,69,821,0
331556247.0,23,69,821,0
331958172.0,23,7,420,0
338101570.0,23,30,807,0
285191746.0,23,7,420,0
337075555.0,23,7,420,0
331498714.0,23,48,829,0
336448034.0,23,25,815,0
331495519.0,23,99,92,0
331500780.0,23,14,810,0
331504184.0,23,49,813,0
331563983.0,23,49,813,0
331519090.0,23,44,876,0
336424735.0,23,13,737,1
372867884.0,23,6,808,0
123348866.0,23,5,23,0
333245930.0,23,58,830,0
363436832.0,23,76,819,0
319083925.0,23,7,420,0
331551464.0,23,122,601,0
331536550.0,23,2,330,0
331500802.0,23,69,821,0
336447917.0,23,58,830,0
372867875.0,23,7,420,0
331613166.0,23,178,18,1
249875797.0,23,29,818,0
337564920.0,23,6,808,0
331505217.0,23,5,23,0
331623513.0,23,108,708,0
212778646.0,23,15,323,0
331517818.0,23,122,601,0
294699333.0,23,122,601,0
331500882.0,23,69,821,0
331494847.0,23,5,23,0
333044270.0,23,7,420,0
332690012.0,23,12,161,0
331505869.0,23,14,810,0
335070350.0,23,58,830,0
363383920.0,23,51,877,0
331491995.0,23,20,574,0
363337440.0,23,21,777,1
337074222.0,23,7,420,0
334485656.0,23,49,813,0
338118095.0,23,49,813,0
336276608.0,23,10,449,0
335999266.0,23,42,825,0
331555911.0,23,90,841,0
331516811.0,23,49,813,0
241578495.0,23,54,878,0
336480726.0,23,49,813,0
260029963.0,23,7,420,0
298423220.0,23,99,92,0
336770198.0,23,49,813,0
331565756.0,23,18,812,0
291338524.0,23,2,330,1
331563802.0,23,102,836,0
331756645.0,23,7,420,0
331993953.0,23,80,838,1
337086035.0,23,49,813,0
331529262.0,23,82,212,0
253471494.0,23,7,420,0
319040497.0,23,7,420,0
331497994.0,23,2,330,0
336765328.0,23,58,830,0
331565283.0,23,59,754,0
365909339.0,23,29,818,0
336426649.0,23,29,818,0
134019421.0,23,7,420,0
99748851.0,23,60,786,0
334004740.0,23,49,813,0
331500928.0,23,48,829,0
331756830.0,23,6,808,0
336046249.0,23,6,808,0
331584617.0,23,63,879,0
154537042.0,23,7,420,0
331501650.0,23,31,742,0
220934116.0,23,29,818,0
208131205.0,23,34,383,0
336732365.0,23,29,818,0
146886241.0,23,5,23,0
331565569.0,23,1,806,0
331493436.0,23,5,23,0
363344683.0,23,7,420,0
331566613.0,23,49,813,0
331521939.0,23,2,330,0
357167388.0,23,29,818,0
336480973.0,23,0,805,0
336455414.0,23,102,836,0
331539695.0,23,12,161,0
266939276.0,23,6,808,0
331516794.0,23,49,813,0
336447920.0,23,12,161,0
331999304.0,23,3,729,0
331507422.0,23,12,161,0
331514313.0,23,49,813,0
336493130.0,23,0,805,0
337258374.0,23,69,821,0
331994771.0,23,7,420,0
123077560.0,23,6,808,0
343521585.0,23,58,830,0
113670045.0,23,4,783,0
301457002.0,23,12,161,0
331630198.0,23,38,180,0
299373730.0,24,0,880,0
299373723.0,24,0,880,0
281347729.0,24,1,881,1
272473034.0,24,2,882,0
272416182.0,24,3,818,0
81427364.0,24,3,818,0
272271687.0,24,4,883,0
299917160.0,24,3,818,0
185412059.0,24,3,818,0
267297477.0,24,6,884,0
272173633.0,24,6,884,0
272123931.0,24,7,517,0
272113641.0,24,8,885,0
272698487.0,24,9,811,0
160291387.0,24,10,886,0
272172052.0,24,8,885,0
146111917.0,24,11,212,0
281347754.0,24,12,828,1
299373701.0,24,0,880,0
272281390.0,24,0,880,0
277797691.0,24,36,887,1
299475654.0,24,36,887,1
145950209.0,24,14,888,0
100508508.0,24,14,888,0
272075100.0,24,33,491,0
272172164.0,24,33,491,0
178179204.0,24,16,837,1
272518789.0,24,23,830,0
272686579.0,24,23,830,0
272815971.0,24,9,811,0
272483707.0,24,18,889,0
272334255.0,24,0,880,0
272703931.0,24,19,381,0
186165995.0,24,20,890,0
272172137.0,24,11,212,0
272330957.0,24,11,212,0
272268530.0,24,22,891,0
272746870.0,24,23,830,0
272153346.0,24,24,892,0
272281909.0,24,24,892,0
272285898.0,24,25,893,0
130805791.0,24,25,893,0
272172102.0,24,8,885,0
272172177.0,24,8,885,0
277807108.0,24,12,828,1
272486611.0,24,0,880,0
272682560.0,24,0,880,0
272089255.0,24,17,161,0
272089328.0,24,17,161,0
272528789.0,24,27,894,0
47719758.0,24,28,895,0
272146063.0,24,28,895,0
272334324.0,24,30,896,0
272152906.0,24,30,896,0
272178928.0,24,30,896,0
272268309.0,24,14,888,0
272469199.0,24,14,888,0
143364820.0,24,45,897,0
272431615.0,24,45,897,0
272531781.0,24,32,191,0
272522017.0,24,33,491,0
272616340.0,24,33,491,0
272616123.0,24,34,898,0
128963782.0,24,17,161,0
272686736.0,24,17,161,0
272457461.0,24,18,889,0
205854860.0,24,36,887,1
57167035.0,24,36,887,1
272114110.0,24,11,212,0
272281402.0,24,20,890,0
272334215.0,24,20,890,0
60868547.0,24,36,887,1
295553950.0,24,36,887,1
272334719.0,24,30,896,0
272431603.0,24,45,897,0
272330951.0,24,2,882,0
272334245.0,24,0,880,0
272419389.0,24,0,880,0
272075093.0,24,33,491,0
272308053.0,24,33,491,0
272521478.0,24,8,885,0
272461148.0,24,37,899,0
272698498.0,24,9,811,1
272486764.0,24,38,855,0
223785133.0,24,38,855,0
253976086.0,24,39,850,0
272152012.0,24,3,818,0
157867839.0,24,3,818,0
272153367.0,24,0,880,0
299373050.0,24,0,880,0
272282340.0,24,0,880,0
130279367.0,24,40,804,0
299368669.0,24,41,900,1
228937777.0,24,41,900,1
272172199.0,24,11,212,0
272460092.0,24,42,356,0
231044088.0,24,43,901,1
272466361.0,24,54,831,0
272816694.0,24,54,831,0
272479460.0,24,45,897,0
272683051.0,24,46,902,0
272333983.0,24,0,880,0
272333982.0,24,0,880,0
272338984.0,24,23,830,0
140444881.0,24,18,889,0
176016321.0,24,18,889,0
187795217.0,24,14,888,0
144987259.0,24,9,811,0
158830674.0,24,18,889,0
273326797.0,24,19,381,0
272089707.0,24,51,121,0
272089705.0,24,51,121,0
272479495.0,24,52,903,0
272491070.0,24,3,818,0
272695017.0,24,3,818,0
272519686.0,24,54,831,0
272069868.0,24,53,632,0
272483700.0,24,53,632,0
272079444.0,24,11,212,0
272688720.0,24,11,212,0
272283001.0,24,20,890,0
272419313.0,24,20,890,0
272522894.0,24,54,831,0
272308047.0,24,11,212,0
272414173.0,24,11,212,0
272487663.0,24,0,880,0
272282349.0,24,0,880,0
272333665.0,24,14,888,0
272469607.0,24,28,895,0
151968184.0,24,23,830,0
272531406.0,24,23,830,0
272333461.0,24,3,818,0
272153856.0,24,56,904,0
272469213.0,24,56,904,0
272158209.0,24,57,905,0
272141375.0,24,58,906,0
194132984.0,24,30,896,0
272089663.0,24,30,896,0
208760833.0,24,18,889,0
272486240.0,24,18,889,0
272272492.0,24,59,687,1
272334221.0,24,0,880,0
272153861.0,24,60,874,0
272085425.0,24,12,828,0
272682979.0,24,61,907,0
272679401.0,24,62,908,0
272266554.0,24,63,909,0
272078761.0,24,17,161,0
272273301.0,24,17,161,0
272522554.0,24,65,910,0
272522906.0,24,66,911,0
272468555.0,24,6,884,0
272123654.0,24,67,636,0
272529608.0,24,20,890,1
272529604.0,24,20,890,0
272698499.0,24,9,811,0
272472659.0,24,1,881,0
272485269.0,24,68,912,1
281366816.0,24,68,912,1
272192205.0,24,8,885,0
272698187.0,24,69,913,0
272089233.0,24,17,161,0
272089236.0,24,17,161,0
272988747.0,24,9,811,0
272677971.0,24,9,811,0
272428641.0,24,71,914,0
272114044.0,24,45,897,0
272172058.0,24,8,885,0
272077543.0,24,68,912,1
272077542.0,24,68,912,1
277798761.0,24,73,915,0
272308017.0,24,74,916,0
272428617.0,24,74,916,0
272153910.0,24,30,896,1
272153905.0,24,30,896,1
272088125.0,24,18,889,0
272088124.0,24,18,889,0
272690544.0,24,75,869,0
172595397.0,24,18,889,0
142201292.0,24,18,889,0
146021345.0,24,54,831,0
272747208.0,24,18,889,0
212176786.0,24,18,889,0
272815974.0,24,9,811,0
272677949.0,24,9,811,0
272469217.0,24,18,889,0
272282342.0,24,20,890,0
280316754.0,24,76,689,0
272437632.0,24,74,916,0
272281384.0,24,0,880,0
272281922.0,24,0,880,0
272614740.0,24,77,851,0
272428611.0,24,11,212,0
272522050.0,24,11,212,0
272145556.0,24,41,900,0
272191884.0,24,79,865,0
272680545.0,24,80,639,0
272141685.0,24,33,491,0
272141681.0,24,33,491,0
272475955.0,24,54,831,0
272120322.0,24,3,818,0
272189213.0,24,3,818,0
272432451.0,24,20,890,1
272432056.0,24,20,890,0
272142948.0,24,81,917,0
128921708.0,24,18,889,0
272704063.0,24,18,889,0
272153337.0,24,0,880,0
272417325.0,24,14,888,0
161272157.0,24,23,830,0
272077918.0,24,41,900,1
272077923.0,24,41,900,1
272701296.0,24,38,855,0
272701302.0,24,38,855,0
272172044.0,24,8,885,0
272152551.0,24,83,918,0
272281888.0,24,83,918,0
272281412.0,24,0,880,0
272334226.0,24,0,880,0
299367843.0,24,0,880,0
272682825.0,24,84,919,0
272145635.0,24,37,899,0
272308028.0,24,37,899,0
272110251.0,24,45,897,0
272531785.0,24,85,920,0
272518775.0,24,14,888,0
272695386.0,24,14,888,0
272268537.0,24,54,831,0
226917434.0,24,14,888,0
143520340.0,24,2,882,0
272429273.0,24,2,882,0
272175852.0,24,12,828,0
299373301.0,24,0,880,0
299374107.0,24,0,880,0
272334231.0,24,0,880,0
272530084.0,24,86,921,0
272271144.0,24,87,922,1
272271133.0,24,87,922,1
272339014.0,24,11,212,0
272339010.0,24,11,212,0
272339795.0,24,88,923,0
272429280.0,24,4,883,0
272307999.0,24,89,55,0
272281906.0,24,0,880,0
272141766.0,24,2,882,0
272308087.0,24,2,882,0
262479651.0,24,90,745,1
272419359.0,24,0,880,0
272089626.0,24,17,161,0
228443875.0,24,91,924,1
192411013.0,24,92,708,0
272270188.0,24,20,890,0
265565954.0,24,93,925,0
272283487.0,24,93,925,0
272308029.0,24,74,916,0
272153364.0,24,94,361,0
272153353.0,24,94,361,0
272334233.0,24,0,880,0
272419350.0,24,0,880,0
272273597.0,24,95,741,1
272146466.0,24,96,926,0
272119612.0,24,97,927,0
272615531.0,24,98,928,0
272483352.0,24,18,889,0
272696910.0,24,18,889,0
145661456.0,24,99,929,0
272615962.0,24,100,930,0
272700922.0,24,38,855,0
272700962.0,24,38,855,0
143231072.0,24,30,896,0
272485279.0,24,30,896,0
272469265.0,24,20,890,0
272469226.0,24,18,889,0
272273666.0,24,101,774,0
86473501.0,24,102,931,0
272113769.0,24,33,491,0
272274732.0,24,103,692,0
272466375.0,24,104,932,0
272686568.0,24,9,811,0
272486625.0,24,83,918,0
272699937.0,24,83,918,0
272082813.0,24,106,619,0
272522033.0,24,107,933,0
272522026.0,24,107,933,0
272466350.0,24,108,934,0
200736661.0,24,6,884,0
272681213.0,24,6,884,0
272123170.0,24,23,830,0
272683418.0,24,23,830,0
272488882.0,24,51,121,0
272703276.0,24,51,121,0
215118412.0,24,109,383,0
272178940.0,24,18,889,0
272153426.0,24,23,830,0
272153431.0,24,23,830,0
272333502.0,24,3,818,0
272522059.0,24,110,835,0
272746377.0,24,110,835,0
272678863.0,24,111,935,0
272686573.0,24,9,811,0
272172160.0,24,33,491,0
272080723.0,24,2,882,0
272088174.0,24,17,161,0
272088176.0,24,17,161,0
272686402.0,24,112,786,0
272334640.0,24,93,925,0
272152611.0,24,23,830,0
272467027.0,24,23,830,0
272339023.0,24,24,892,0
273347710.0,24,113,936,0
272764394.0,24,17,161,0
272114034.0,24,37,899,0
272172135.0,24,37,899,0
273142168.0,24,0,880,0
272153369.0,24,0,880,0
272077842.0,24,68,912,1
183381254.0,24,68,912,1
272284705.0,24,20,890,0
272485274.0,24,0,880,0
299374289.0,24,9,811,1
272272547.0,24,114,777,1
299368253.0,24,41,900,1
272081367.0,24,41,900,1
272178923.0,24,18,889,0
272089229.0,24,18,889,0
272089226.0,24,18,889,0
272079287.0,24,52,903,0
242940179.0,24,30,896,0
272268534.0,24,115,937,0
272522900.0,24,115,937,0
272429272.0,24,2,882,0
160537610.0,24,116,841,0
272520166.0,24,116,841,0
272282678.0,24,14,888,0
272282684.0,24,14,888,0
272699944.0,24,18,889,0
272459782.0,24,2,882,0
272486587.0,24,0,880,0
272486582.0,24,0,880,0
272428919.0,24,74,916,0
272460088.0,24,74,916,0
272536648.0,24,6,884,0
272706663.0,24,6,884,0
150215280.0,24,17,161,0
272697385.0,24,17,161,0
272522054.0,24,118,938,0
178312060.0,24,3,818,0
272531773.0,24,119,939,0
143818879.0,24,14,888,0
290376000.0,24,36,887,1
272164771.0,24,36,887,1
20249685.0,24,33,491,0
272522046.0,24,33,491,0
181351235.0,24,68,912,1
272616100.0,24,120,940,0
272172169.0,24,121,539,0
157783713.0,24,23,830,0
282983439.0,24,23,830,0
161272141.0,24,3,818,0
272308093.0,24,110,835,0
163799914.0,24,3,818,0
272616854.0,24,122,941,0
272430247.0,24,23,830,0
272171202.0,24,23,830,0
272339783.0,24,123,803,0
272088169.0,24,20,890,0
272114075.0,24,8,885,0
272531748.0,24,124,942,0
272077926.0,24,41,900,1
272077928.0,24,41,900,1
272089221.0,24,17,161,0
272172144.0,24,11,212,0
277798486.0,24,9,811,1
158931472.0,24,14,888,0
299475614.0,24,36,887,1
272153382.0,24,0,880,0
272308171.0,24,14,888,0
237024241.0,24,121,539,0
272079451.0,24,8,885,0
272192596.0,24,8,885,0
272746382.0,24,125,943,0
272464543.0,24,54,831,0
272679556.0,24,54,831,0
272088921.0,24,17,161,0
272088928.0,24,17,161,0
272698163.0,24,14,888,0
161473006.0,24,17,161,0
272282675.0,24,14,888,0
272114047.0,24,45,897,0
272154365.0,24,45,897,0
272759903.0,24,126,944,0
272282477.0,24,23,830,0
272281405.0,24,20,890,0
141325189.0,24,36,887,1
273558368.0,24,36,887,1
142338107.0,24,9,811,0
272114038.0,24,11,212,0
272141232.0,24,11,212,0
156602298.0,24,1,881,0
272521470.0,24,126,944,0
272172117.0,24,77,851,0
272115109.0,24,127,84,0
272416198.0,24,3,818,0
272282010.0,24,18,889,0
272472261.0,24,18,889,0
272339046.0,24,74,916,0
272089321.0,24,24,892,0
272276491.0,24,3,818,0
165732703.0,24,3,818,0
299487342.0,24,128,670,0
272334238.0,24,0,880,0
272311014.0,24,129,867,0
207786755.0,24,52,903,0
272283926.0,24,14,888,0
176016107.0,24,14,888,0
200393347.0,24,23,830,0
272088533.0,24,130,823,0
272274730.0,24,130,823,0
272285100.0,24,131,945,0
272091160.0,24,12,828,0
299373703.0,24,0,880,0
272283470.0,24,51,121,0
272283459.0,24,51,121,0
182838172.0,24,14,888,0
272153341.0,24,0,880,0
272282344.0,24,0,880,0
272745828.0,24,132,137,0
272428590.0,24,8,885,0
272270756.0,24,17,161,0
272175865.0,24,12,828,0
272521485.0,24,8,885,0
272100307.0,24,12,828,0
272678015.0,24,9,811,0
272522880.0,24,133,946,0
272680589.0,24,133,946,0
272123648.0,24,134,947,0
272148436.0,24,135,866,1
136272459.0,24,36,887,1
272077869.0,24,36,887,1
104761076.0,24,12,828,0
272438011.0,24,133,946,0
272438002.0,24,133,946,0
272682570.0,24,14,888,0
272415682.0,24,18,889,0
272429278.0,24,4,883,0
272282027.0,24,0,880,0
272338862.0,24,136,948,0
272079440.0,24,11,212,0
272698491.0,24,9,811,0
272319851.0,24,20,890,0
272285066.0,24,36,887,1
272172099.0,24,8,885,0
272175412.0,24,58,906,0
272141686.0,24,137,949,0
272680587.0,24,137,949,0
272089240.0,24,17,161,0
272152603.0,24,23,830,0
272152580.0,24,30,896,0
80157737.0,24,9,811,0
272141690.0,24,8,885,0
272462689.0,24,138,950,0
272077850.0,24,68,912,1
272178929.0,24,18,889,1
143520013.0,24,139,870,0
272460087.0,24,140,951,0
272615967.0,24,140,951,0
145610434.0,24,33,491,0
184486729.0,24,9,811,0
272683082.0,24,141,952,0
93086831.0,24,18,889,0
272429369.0,24,18,889,0
247487418.0,24,68,912,1
272282028.0,24,0,880,0
272148434.0,24,17,161,0
272760055.0,24,142,953,0
272462686.0,24,54,831,0
272075111.0,24,133,946,0
272483611.0,24,24,892,0
272721373.0,24,24,892,0
56150289.0,24,74,916,0
272437996.0,24,74,916,0
272310664.0,24,23,830,0
272616029.0,24,8,885,0
272522536.0,24,143,954,0
272178942.0,24,18,889,1
272273207.0,24,74,916,0
113408226.0,24,38,855,0
272700975.0,24,38,855,0
272153851.0,24,3,818,0
145231654.0,24,3,818,0
228333213.0,24,144,879,0
230385088.0,24,37,899,0
272148432.0,24,17,161,1
272271080.0,24,145,955,0
90457211.0,24,107,933,0
272746115.0,24,8,885,0
143569481.0,24,8,885,0
272475963.0,24,18,889,0
272475962.0,24,18,889,0
272339042.0,24,74,916,0
272112305.0,24,18,889,0
299368254.0,24,41,900,1
272153870.0,24,146,601,0
272153864.0,24,146,601,0
274051854.0,24,8,885,0
272192278.0,24,8,885,0
272327143.0,24,23,830,0
274050815.0,24,4,883,0
272282671.0,24,23,830,0
272428588.0,24,8,885,0
272522560.0,24,8,885,0
272172114.0,24,74,916,0
272486603.0,24,0,880,0
272486600.0,24,0,880,0
272077947.0,24,30,896,0
272114123.0,24,8,885,0
90520243.0,24,83,918,0
272704655.0,24,147,956,0
86469872.0,24,148,957,0
272273230.0,24,96,926,0
272616356.0,24,149,958,0
272075115.0,24,108,934,0
272466351.0,24,108,934,0
272432446.0,24,20,890,1
272462671.0,24,74,916,0
272465918.0,24,18,889,0
273802607.0,24,150,959,0
272616371.0,24,104,932,0
272419394.0,24,0,880,0
299475619.0,24,36,887,1
272268525.0,24,74,916,0
272281383.0,24,0,880,0
272700905.0,24,24,892,0
272969629.0,24,17,161,0
272419271.0,24,0,880,0
248481188.0,24,87,922,1
272075668.0,24,8,885,0
143032105.0,24,8,885,0
272521487.0,24,65,910,0
272152600.0,24,23,830,0
255464693.0,24,45,897,0
272703332.0,24,45,897,0
272487101.0,24,38,855,0
161272351.0,24,38,855,0
272700919.0,24,18,889,0
272700916.0,24,18,889,0
272268527.0,24,74,916,0
272281357.0,24,17,161,0
299475637.0,24,41,900,1
299475639.0,24,41,900,1
272146015.0,24,8,885,0
272307992.0,24,8,885,0
272281386.0,24,0,880,0
121140190.0,24,36,887,1
190253005.0,24,36,887,1
272281571.0,24,0,880,0
272123647.0,24,151,783,0
90449716.0,24,74,916,0
272308080.0,24,74,916,0
266712227.0,24,95,741,1
272308011.0,24,8,885,0
186560397.0,24,24,892,0
272416240.0,24,14,888,0
272146464.0,24,99,929,0
272307995.0,24,99,929,0
272141671.0,24,8,885,0
272153449.0,24,18,889,0
272153448.0,24,18,889,0
272116381.0,24,152,960,0
272156072.0,24,153,790,0
272419458.0,24,154,961,1
272416315.0,24,18,889,0
272521500.0,24,37,899,0
272746515.0,24,37,899,0
272428650.0,24,89,55,0
272330539.0,24,3,818,0
272479492.0,24,52,903,0
272703299.0,24,155,962,1
272472007.0,24,156,963,0
272088195.0,24,24,892,0
272683430.0,24,24,892,0
272680547.0,24,80,639,0
272285937.0,24,20,890,0
272172165.0,24,33,491,0
272308019.0,24,33,491,0
272521458.0,24,22,891,0
66502079.0,24,18,889,0
272114765.0,24,157,834,0
168480245.0,24,157,834,0
178642166.0,24,158,729,0
276588870.0,24,36,887,0
272616471.0,24,159,964,0
272308052.0,24,33,491,0
272428607.0,24,54,831,0
272697475.0,24,160,588,0
272697471.0,24,160,588,0
272339100.0,24,161,822,0
272282989.0,24,30,896,0
71382701.0,24,17,161,1
272152542.0,24,20,890,0
272466347.0,24,11,212,0
248481190.0,24,43,901,1
272683424.0,24,23,830,0
272334240.0,24,0,880,0
272192208.0,24,8,885,0
161272159.0,24,14,888,0
272703220.0,24,14,888,0
272536820.0,24,3,818,0
272695227.0,24,3,818,0
272091950.0,24,12,828,0
272319853.0,24,20,890,0
272089631.0,24,17,161,0
281220993.0,24,68,912,1
272483704.0,24,18,889,0
272153461.0,24,20,890,0
272282350.0,24,20,890,0
272419355.0,24,0,880,0
272746116.0,24,8,885,0
272282439.0,24,18,889,0
272264552.0,24,11,212,0
272414169.0,24,11,212,0
272080763.0,24,132,137,0
272080761.0,24,132,137,0
272616450.0,24,126,944,0
299475792.0,24,68,912,1
10000510.0,24,68,912,1
272615247.0,24,162,965,0
272172190.0,24,74,916,0
272076075.0,24,18,889,0
272522564.0,24,121,539,0
272140898.0,24,11,212,0
146018095.0,24,11,212,0
272422814.0,24,163,314,0
272680543.0,24,14,888,0
272746734.0,24,116,841,0
272113475.0,24,45,897,0
272419460.0,24,45,897,0
272025693.0,24,45,897,0
272077870.0,24,36,887,1
191807592.0,24,36,887,1
272469191.0,24,164,966,0
299373746.0,24,0,880,0
131498738.0,24,45,897,0
272172130.0,24,37,899,0
272614723.0,24,165,967,0
272282445.0,24,14,888,0
272483702.0,24,14,888,0
272091191.0,24,14,888,0
204416892.0,24,89,55,0
272746614.0,24,89,55,0
218648003.0,24,12,828,0
156243764.0,24,3,818,0
272270187.0,24,166,876,0
272284462.0,24,45,897,0
272270760.0,24,17,161,0
272290447.0,24,167,968,0
277386387.0,24,30,896,0
272747891.0,24,2,882,0
275148529.0,24,68,912,1
299475448.0,24,68,912,1
272747201.0,24,168,969,0
272428601.0,24,74,916,0
272175866.0,24,169,970,0
272271117.0,24,170,971,1
272338981.0,24,33,491,0
272178938.0,24,18,889,0
272462677.0,24,11,212,0
272114111.0,24,11,212,0
272682564.0,24,171,737,1
272078777.0,24,20,890,1
272680555.0,24,18,889,0
272089653.0,24,146,601,0
272678613.0,24,146,601,0
272080830.0,24,17,161,0
250388833.0,24,172,972,1
272492755.0,24,173,333,0
272152605.0,24,23,830,0
130791703.0,24,18,889,0
272411377.0,24,16,837,1
272266534.0,24,174,838,0
74077928.0,24,175,973,0
272088190.0,24,30,896,0
272153440.0,24,30,896,0
215977563.0,24,23,830,0
272469587.0,24,23,830,0
272096174.0,24,12,828,0
272466342.0,24,8,885,0
167725415.0,24,23,830,0
272649481.0,24,53,632,0
250388832.0,24,87,922,1
272466345.0,24,8,885,0
272088175.0,24,17,161,0
272615119.0,24,176,846,0
272155844.0,24,20,890,0
272428625.0,24,33,491,0
272466369.0,24,177,56,0
272614712.0,24,177,56,0
272411380.0,24,14,888,0
272768479.0,24,17,161,0
272419455.0,24,93,925,0
272192177.0,24,74,916,0
272273231.0,24,133,946,0
272327136.0,24,178,974,0
272616360.0,24,115,937,0
272339001.0,24,74,916,0
272191890.0,24,74,916,0
272276896.0,24,179,490,0
272153874.0,24,180,756,0
272700930.0,24,14,888,0
272311896.0,24,181,975,0
272429368.0,24,36,887,1
299475457.0,24,68,912,1
149644572.0,24,68,912,1
272746376.0,24,54,831,0
272616874.0,24,54,831,0
272331376.0,24,182,442,0
11242390.0,24,23,830,0
272339840.0,24,3,818,0
272114064.0,24,33,491,0
272114060.0,24,33,491,0
145214223.0,24,17,161,0
272492101.0,24,17,161,0
272282484.0,24,23,830,0
296926618.0,24,41,900,1
272077932.0,24,41,900,1
272536651.0,24,6,884,0
272285943.0,24,183,976,0
70014851.0,24,36,887,1
228593708.0,24,36,887,1
272616071.0,24,11,212,0
272078766.0,24,184,303,0
272339034.0,24,54,831,0
198955750.0,24,41,900,1
272332562.0,24,9,811,0
272272536.0,24,185,977,0
272490679.0,24,3,818,0
201710530.0,24,186,766,0
272145560.0,24,41,900,1
272308067.0,24,37,899,0
272334316.0,24,0,880,0
272419415.0,24,0,880,0
272152627.0,24,30,896,0
272706342.0,24,187,978,0
272419611.0,24,51,121,0
272471446.0,24,33,491,0
272074223.0,24,32,191,0
272428568.0,24,188,979,0
272088797.0,24,30,896,0
272153385.0,24,0,880,0
272462682.0,24,54,831,0
272487115.0,24,0,880,0
274167903.0,24,18,889,0
272338978.0,24,2,882,0
272615993.0,24,189,980,0
272521062.0,24,11,212,0
272616363.0,24,65,910,0
272332155.0,24,54,831,0
272114048.0,24,133,946,0
272172183.0,24,133,946,0
272276106.0,24,190,981,0
138648411.0,24,191,982,0
142346163.0,24,192,85,1
272334209.0,24,14,888,0
272536630.0,24,0,880,0
272677997.0,24,9,811,0
272089680.0,24,9,811,1
272282338.0,24,0,880,0
146021334.0,24,54,831,0
272756909.0,24,193,983,0
274610656.0,24,68,912,1
299368178.0,24,68,912,1
272683308.0,24,30,896,0
251245734.0,24,194,984,0
272531754.0,24,83,918,0
272483337.0,24,0,880,0
272419344.0,24,0,880,0
146019234.0,24,133,946,0
272178931.0,24,18,889,1
272172040.0,24,8,885,0
272307359.0,24,195,985,0
272683302.0,24,196,986,1
272706325.0,24,197,987,0
277373532.0,24,36,887,1
137959150.0,24,41,900,1
272428631.0,24,54,831,0
272747918.0,24,2,882,0
272155274.0,24,14,888,0
272075089.0,24,133,946,0
272471487.0,24,45,897,0
272681172.0,24,45,897,0
272154359.0,24,45,897,0
144668665.0,24,45,897,0
272932861.0,24,36,887,1
299919232.0,24,45,897,0
272114114.0,24,198,462,0
272316954.0,24,199,768,0
272307990.0,24,8,885,0
272152618.0,24,23,830,0
272270665.0,24,200,988,1
11242565.0,24,30,896,0
272153351.0,24,24,892,0
272703329.0,24,45,897,0
272614759.0,24,8,885,0
272682920.0,24,9,811,0
199597768.0,24,9,811,0
272308075.0,24,133,946,0
272462667.0,24,133,946,0
272334212.0,24,14,888,0
272108247.0,24,201,844,0
272531727.0,24,202,180,0
85898753.0,24,203,839,0
272088740.0,24,172,972,1
272088734.0,24,172,972,1
273335231.0,24,108,934,0
146019238.0,24,65,910,0
272123656.0,24,204,772,0
272273312.0,24,14,888,0
272970241.0,24,14,888,0
272155549.0,24,205,595,0
272428634.0,24,110,835,0
146122794.0,24,74,916,0
272419436.0,24,146,601,0
272701744.0,24,38,855,0
272701748.0,24,38,855,0
65990086.0,24,116,841,0
143068075.0,24,9,811,0
272680578.0,24,11,212,0
272616460.0,24,11,212,0
272493892.0,24,45,897,0
135397344.0,24,45,897,0
272520139.0,24,206,989,0
272682826.0,24,207,990,0
272615640.0,24,137,949,0
272616069.0,24,208,991,0
272113632.0,24,8,885,0
272339009.0,24,116,841,0
272473426.0,24,17,161,0
272678973.0,24,121,539,0
272339777.0,24,209,992,0
272484345.0,24,83,918,0
272284802.0,24,210,993,0
272100191.0,24,12,828,0
272490236.0,24,1,881,0
273681722.0,24,68,912,1
142232478.0,24,14,888,0
272616000.0,24,211,994,0
272117544.0,24,212,875,0
272080278.0,24,14,888,0
272291601.0,24,213,995,0
299375312.0,24,18,889,0
272463957.0,24,45,897,0
272089672.0,24,93,925,0
194986792.0,24,93,925,0
272486566.0,24,0,880,0
272486758.0,24,0,880,0
272706254.0,24,0,880,0
272117538.0,24,214,339,0
272700965.0,24,38,855,0
272268528.0,24,20,890,0
272327153.0,24,6,884,0
272327151.0,24,6,884,0
272616864.0,24,133,946,0
272155299.0,24,215,742,0
272488568.0,24,160,588,0
272951140.0,24,160,588,0
272472678.0,24,93,925,1
256838098.0,24,216,996,1
272483711.0,24,0,880,0
272483710.0,24,0,880,0
274513751.0,24,14,888,0
272114092.0,24,4,883,0
272141696.0,24,4,883,0
272332169.0,24,84,919,0
150486853.0,24,9,811,0
272522037.0,24,217,997,0
162341820.0,24,1,881,0
272153450.0,24,17,161,0
272308022.0,24,74,916,0
148334501.0,24,45,897,0
272146487.0,24,17,161,0
272429367.0,24,36,887,0
272471419.0,24,54,831,0
272339780.0,24,218,998,0
144477009.0,24,9,811,0
74936005.0,24,9,811,0
272153291.0,24,16,837,1
272413470.0,24,217,997,0
272153298.0,24,16,837,1
272695210.0,24,3,818,0
69997426.0,24,41,900,1
151823513.0,24,1,881,0
272616108.0,24,33,491,0
272327144.0,24,23,830,0
272537341.0,24,23,830,0
272080720.0,24,115,937,0
272616436.0,24,219,999,0
272704983.0,24,220,234,0
272416107.0,24,18,889,0
262230857.0,24,6,884,0
272419308.0,24,20,890,0
272486630.0,24,20,890,0
272141672.0,24,8,885,0
272141668.0,24,8,885,0
272680574.0,24,221,1000,0
272145106.0,24,23,830,0
272501089.0,24,1,881,0
150351759.0,24,93,925,0
150351767.0,24,93,925,0
272680618.0,24,222,1001,0
272164775.0,24,223,1002,0
274777988.0,24,224,283,0
272614734.0,24,225,1003,0
272484941.0,24,0,880,0
299376232.0,24,0,880,0
272491416.0,24,226,754,0
272082154.0,24,12,828,0
272113656.0,24,179,490,0
272113650.0,24,179,490,0
272082158.0,24,12,828,0
272476853.0,24,12,828,0
125995056.0,24,227,1004,0
48700345.0,24,228,1005,0
157663159.0,24,45,897,0
277008696.0,24,18,889,0
272522056.0,24,229,1006,0
272491085.0,24,230,847,0
272701306.0,24,38,855,0
277372525.0,24,12,828,0
272616430.0,24,231,1007,0
272154357.0,24,45,897,0
272173627.0,24,6,884,0
272614770.0,24,232,1008,0
272487112.0,24,38,855,0
272683595.0,24,36,887,1
272683593.0,24,36,887,0
272483937.0,24,0,880,0
272683319.0,24,0,880,0
272088794.0,24,30,896,0
272114107.0,24,18,889,0
272178932.0,24,18,889,0
27321306.0,24,14,888,0
272488578.0,24,93,925,0
272308622.0,24,17,161,0
273147645.0,24,17,161,0
280252645.0,24,68,912,1
272156069.0,24,3,818,0
272521464.0,24,74,916,0
272114118.0,24,74,916,0
272331457.0,24,74,916,0
272339787.0,24,233,1009,0
90464855.0,24,198,462,0
272122212.0,24,3,818,0
272285064.0,24,36,887,0
272270458.0,24,234,1010,1
272680609.0,24,235,791,0
272077847.0,24,68,912,1
163802020.0,24,236,1011,0
272520154.0,24,4,883,0
272298821.0,24,54,831,0
272531759.0,24,237,1012,0
272141673.0,24,54,831,0
272077844.0,24,68,912,1
272266533.0,24,174,838,0
272172111.0,24,74,916,0
272486232.0,24,18,889,0
272429281.0,24,110,835,0
272466335.0,24,110,835,0
272336307.0,24,238,1013,0
184267733.0,24,36,887,1
272077462.0,24,36,887,1
272702740.0,24,93,925,0
280231568.0,24,68,912,1
258406535.0,24,45,897,0
272700951.0,24,14,888,0
272419289.0,24,14,888,0
272486572.0,24,14,888,0
272080726.0,24,2,882,0
272089241.0,24,17,161,0
273714407.0,24,45,897,0
247487089.0,24,68,912,1
161272120.0,24,68,912,1
272699941.0,24,9,811,0
272175282.0,24,18,889,0
272416197.0,24,3,818,0
157789594.0,24,3,818,0
272677974.0,24,24,892,0
155307913.0,24,17,161,0
272465925.0,24,18,889,0
272079251.0,24,239,93,1
272285884.0,24,240,1014,0
248481187.0,24,241,1015,1
272454304.0,24,242,1016,0
272152586.0,24,30,896,0
272419374.0,24,30,896,0
272462702.0,24,243,1017,0
148842713.0,24,36,887,1
247486727.0,24,36,887,1
200764120.0,24,116,841,0
299475624.0,24,41,900,1
152058261.0,24,16,837,1
272531751.0,24,18,889,0
150629893.0,24,244,1018,0
272332157.0,24,54,831,0
272079446.0,24,74,916,0
272148268.0,24,245,321,0
272081761.0,24,246,1019,0
161272118.0,24,14,888,0
272152562.0,24,14,888,0
272175872.0,24,247,602,0
272272525.0,24,248,74,0
272683618.0,24,248,74,0
272153912.0,24,45,897,0
272175057.0,24,30,896,0
272188763.0,24,210,993,0
292163396.0,24,41,900,1
299516873.0,24,30,896,0
141128581.0,24,172,972,1
144946154.0,24,249,214,0
159518569.0,24,250,1020,0
264117947.0,24,17,161,0
214850274.0,24,251,1021,0
277156435.0,24,45,897,0
272338988.0,24,23,830,0
272074639.0,24,252,1022,0
272466324.0,24,252,1022,0
299375000.0,24,45,897,0
272436673.0,24,253,1023,0
28971087.0,24,45,897,0
272075598.0,24,105,1024,0
125095248.0,24,117,878,0
272488551.0,24,30,896,0
272698912.0,24,30,896,0
272651350.0,24,74,916,0
272077853.0,24,68,912,1
272123686.0,24,3,818,0
272172173.0,24,74,916,0
17465155.0,24,5,862,0
272090697.0,24,3,818,0
236847331.0,24,13,877,0
272432066.0,24,20,890,1
272614732.0,24,33,491,0
272487108.0,24,38,855,0
272338996.0,24,23,830,0
272485874.0,24,23,830,0
272680597.0,24,74,916,0
272089200.0,24,83,918,0
272155387.0,24,15,657,0
272520162.0,24,54,831,0
272615248.0,24,21,1025,0
272494906.0,24,26,1026,0
272574830.0,24,24,892,0
272494865.0,24,29,1027,0
272616860.0,24,74,916,0
272646157.0,24,38,855,0
272745835.0,24,31,1028,0
155570116.0,24,35,261,0
272430214.0,24,44,1029,0
27001252.0,24,36,887,1
129878727.0,24,3,818,0
272308004.0,24,47,1030,0
272416242.0,24,14,888,0
272306770.0,24,24,892,0
272085729.0,24,12,828,0
272833188.0,24,8,885,0
272123230.0,24,14,888,0
203551848.0,24,23,830,0
272141221.0,24,116,841,0
272075122.0,24,74,916,0
272113647.0,24,74,916,0
272488592.0,24,30,896,1
272686078.0,24,48,1031,0
289052077.0,24,18,889,0
272270637.0,24,49,849,1
272615236.0,24,217,997,0
272536829.0,24,6,884,0
272536826.0,24,6,884,0
218340591.0,24,50,722,0
268209616.0,24,41,900,1
272267032.0,24,54,831,0
272088760.0,24,20,890,0
90455525.0,24,54,831,0
272078301.0,24,16,837,1
272522908.0,24,55,1032,0
272428594.0,24,11,212,0
272466085.0,24,23,830,0
272416492.0,24,74,916,0
272522889.0,24,74,916,0
155114148.0,24,1,881,0
135533108.0,24,3,818,0
272688935.0,24,95,741,1
272270632.0,24,64,257,0
166673737.0,24,14,888,0
272683498.0,24,66,911,0
272073816.0,24,8,885,0
272485276.0,24,0,880,0
272141354.0,24,45,897,0
161272379.0,24,38,855,0
161272123.0,24,23,830,0
272327129.0,24,6,884,0
272929029.0,24,20,890,0
107187235.0,24,3,818,0
272627977.0,24,23,830,0
272677943.0,24,9,811,0
272506100.0,24,51,121,0
289228146.0,24,68,912,1
272432438.0,24,20,890,1
186411818.0,24,198,462,0
272521058.0,24,198,462,0
272706356.0,24,74,916,0
272285951.0,24,70,1033,0
283312451.0,24,146,601,0
272333478.0,24,3,818,0
178327770.0,24,18,889,0
272080729.0,24,74,916,0
299475620.0,24,41,900,1
272069858.0,24,72,1034,0
255951543.0,24,52,903,0
272616036.0,24,99,929,0
272114079.0,24,99,929,0
272115129.0,24,78,1035,0
272088165.0,24,30,896,0
302989428.0,24,9,811,0
272529611.0,24,20,890,1
272330959.0,24,82,1036,0
272700341.0,24,24,892,0
277807628.0,24,12,828,0
