timestep,community,size
1,0,133
1,1,78
1,2,28
1,3,271
1,4,1
1,5,49
1,6,21
1,7,9
1,8,1
1,9,1
1,10,52
1,11,1
1,12,46
1,40,81
1,14,1
1,15,35
1,16,55
1,17,1
1,18,33
1,19,4
1,20,5
1,21,1
1,22,1
1,23,1
1,24,1
1,25,1
1,26,3
1,27,1
1,28,156
1,29,1
1,30,11
1,31,30
1,32,21
1,33,4
1,34,21
1,35,52
1,36,68
1,37,1
1,38,43
1,39,1
1,41,9
1,42,2
1,43,1
1,44,1
1,45,5
1,46,4
1,47,6
1,48,2
1,49,13
1,50,2
1,51,4
1,52,1
1,53,1
1,54,3
1,55,1
1,56,1
1,57,11
1,58,7
1,59,1
1,60,5
1,61,4
1,62,7
1,63,3
1,64,1
1,65,4
1,66,4
1,67,1
1,68,1
1,69,1
1,70,25
1,71,2
1,72,24
1,73,1
1,74,9
1,75,1
1,76,2
1,77,1
1,78,7
1,79,1
1,80,3
1,81,1
1,82,5
1,83,6
1,84,1
1,85,1
1,86,4
1,87,5
1,88,12
1,89,1
1,90,1
1,91,5
1,92,1
1,93,1
1,94,2
1,95,3
1,96,4
1,97,4
1,98,1
1,99,1
1,100,2
1,101,3
1,102,3
1,103,4
1,104,3
1,105,1
1,106,2
1,107,1
1,108,5
1,109,1
1,110,1
1,111,5
1,112,3
1,113,1
1,114,1
1,115,1
1,116,7
1,117,1
1,118,4
1,119,1
1,120,5
1,121,1
1,122,3
1,123,1
1,124,2
1,125,3
1,126,1
1,127,1
1,128,1
1,129,3
1,130,1
1,131,7
1,132,4
1,133,1
1,134,1
1,135,6
1,136,7
1,137,3
1,138,1
1,139,1
1,140,20
1,141,6
1,142,1
1,143,1
1,144,1
1,145,1
1,146,1
1,147,1
1,148,1
1,149,1
1,150,6
1,151,4
1,152,1
1,153,1
1,154,4
1,155,7
1,156,1
1,157,4
1,158,1
1,159,3
1,160,3
1,161,1
1,162,1
1,163,1
1,164,1
1,165,2
1,166,1
1,167,1
1,168,1
1,169,1
1,170,1
1,171,3
1,172,2
1,173,1
1,174,1
1,175,4
1,176,1
1,177,1
1,178,1
1,179,1
1,180,1
1,181,1
1,182,2
1,183,1
1,184,1
1,185,4
1,186,5
1,187,2
1,188,3
1,189,3
1,190,1
1,191,1
1,192,1
1,193,1
1,194,4
1,195,1
1,196,1
1,197,1
1,198,4
1,199,1
1,200,1
1,201,5
1,202,1
1,203,1
1,204,6
1,205,1
1,206,1
1,207,7
1,208,2
1,209,1
1,210,1
1,211,1
1,212,3
1,213,1
1,214,1
1,215,1
1,216,1
1,217,2
1,218,8
1,219,1
1,220,1
1,221,1
1,222,2
1,223,1
1,224,1
1,225,3
1,226,7
1,227,2
1,228,1
1,229,1
1,230,3
1,231,1
1,232,1
1,233,2
1,234,3
1,235,4
1,236,1
1,237,1
1,238,1
1,239,3
1,240,2
1,241,1
1,242,7
1,243,1
1,244,1
1,245,1
1,246,1
1,247,1
1,248,1
1,249,1
1,250,2
1,251,1
1,252,3
1,253,2
1,254,3
1,255,2
1,256,1
1,257,1
1,258,1
1,259,4
1,260,2
1,261,1
1,262,3
1,263,1
1,264,1
1,265,1
1,266,1
1,267,1
1,268,4
1,269,1
1,270,1
1,271,2
1,272,1
1,273,1
1,274,1
1,275,6
1,276,1
1,277,2
1,278,1
1,279,5
1,280,3
1,281,1
1,282,1
1,283,1
1,284,1
1,285,1
1,286,1
1,287,1
1,288,1
1,289,3
1,290,1
1,291,1
1,292,1
1,293,1
1,294,1
1,295,1
1,296,1
1,297,1
1,298,1
1,299,4
1,300,1
1,301,2
1,302,1
1,303,1
1,304,1
1,305,1
1,306,1
1,307,1
1,308,1
1,309,7
1,310,1
1,311,2
1,312,2
1,313,1
1,314,1
1,315,1
1,316,1
1,317,1
1,318,1
1,319,1
1,320,1
1,321,1
1,322,1
1,323,3
1,324,1
1,325,1
1,326,1
1,327,1
1,328,1
1,329,1
1,330,1
1,331,1
1,332,1
1,333,1
1,334,2
1,335,1
1,336,1
1,337,1
1,338,1
1,339,1
1,340,1
1,341,1
1,342,1
1,343,1
1,344,2
1,345,1
1,346,1
1,347,1
1,348,1
1,349,1
1,350,2
1,351,1
1,352,1
1,353,1
1,354,1
1,355,1
1,356,1
1,357,1
1,358,1
1,359,1
1,360,1
1,361,1
1,362,1
1,363,1
1,364,1
1,365,1
1,366,1
1,367,1
1,368,1
1,369,1
1,370,3
1,371,1
1,372,1
1,373,1
1,374,1
1,375,1
1,376,1
1,377,1
1,378,1
1,379,1
1,380,1
1,381,1
1,382,1
1,383,1
1,384,2
1,385,1
1,386,1
1,387,1
1,388,1
1,389,1
1,390,1
1,391,1
1,392,1
1,393,1
1,394,1
1,395,1
1,396,1
1,397,1
1,398,1
1,399,1
1,400,1
1,401,2
1,402,1
1,403,1
1,404,1
1,405,1
1,406,1
1,407,1
1,408,1
1,409,1
1,410,1
1,411,1
1,412,1
1,413,1
1,414,1
1,415,1
1,416,1
1,417,2
1,418,1
1,419,2
1,420,1
1,421,1
1,422,1
1,423,1
1,424,1
1,425,1
1,426,1
1,427,1
1,428,1
1,429,1
1,430,1
1,431,1
1,432,1
1,433,1
1,434,1
1,435,1
1,436,1
1,13,1
2,0,93
2,1,16
2,46,21
2,3,4
2,4,1
2,5,2
2,6,1
2,7,31
2,8,4
2,9,22
2,10,4
2,11,20
2,12,1
2,87,36
2,14,6
2,15,8
2,16,2
2,17,12
2,18,19
2,19,4
2,20,2
2,21,18
2,22,6
2,23,2
2,24,1
2,25,24
2,27,4
2,28,13
2,29,3
2,30,11
2,31,36
2,32,1
2,33,7
2,34,11
2,35,1
2,36,4
2,37,4
2,38,1
2,39,13
2,40,1
2,41,4
2,42,4
2,43,1
2,44,2
2,45,2
2,47,12
2,48,1
2,49,2
2,50,11
2,51,3
2,52,9
2,53,4
2,54,1
2,56,2
2,57,17
2,58,23
2,59,1
2,60,24
2,61,2
2,62,6
2,63,7
2,64,11
2,65,1
2,66,4
2,67,2
2,68,1
2,69,4
2,70,3
2,71,1
2,72,2
2,73,2
2,74,5
2,75,9
2,76,7
2,77,2
2,78,1
2,79,3
2,80,1
2,81,2
2,82,5
2,83,1
2,84,6
2,85,5
2,86,1
2,88,2
2,89,4
2,90,11
2,91,2
2,92,1
2,93,3
2,94,1
2,95,1
2,96,1
2,97,1
2,98,3
2,99,1
2,100,1
2,101,1
2,102,3
2,103,1
2,104,6
2,105,2
2,106,1
2,107,1
2,108,2
2,109,2
2,110,1
2,111,5
2,112,1
2,113,10
2,114,1
2,115,1
2,116,1
2,117,1
2,118,2
2,119,3
2,120,1
2,121,4
2,122,1
2,123,1
2,124,5
2,125,1
2,126,1
2,127,2
2,128,6
2,129,15
2,130,1
2,131,6
2,132,1
2,133,1
2,134,2
2,135,1
2,136,5
2,137,2
2,138,1
2,139,1
2,140,2
2,141,4
2,142,2
2,143,6
2,144,3
2,145,3
2,146,1
2,147,2
2,148,2
2,149,2
2,150,3
2,151,1
2,152,2
2,153,2
2,154,1
2,155,2
2,156,1
2,157,7
2,158,2
2,159,1
2,160,1
2,161,1
2,162,4
2,163,2
2,164,1
2,165,1
2,166,1
2,167,4
2,168,5
2,169,1
2,170,1
2,171,1
2,172,1
2,173,1
2,174,1
2,175,1
2,176,3
2,177,1
2,178,3
2,179,4
2,180,1
2,181,2
2,182,1
2,183,3
2,184,2
2,185,2
2,186,4
2,187,4
2,188,2
2,189,1
2,190,4
2,191,2
2,192,1
2,193,1
2,194,2
2,195,2
2,196,2
2,197,1
2,198,1
2,199,2
2,200,2
2,201,1
2,202,1
2,203,1
2,204,1
2,205,1
2,206,1
2,207,2
2,208,1
2,209,1
2,210,1
2,211,1
2,212,2
2,213,2
2,214,1
2,215,1
2,216,1
2,217,1
2,218,1
2,219,1
2,220,4
2,221,1
2,222,2
2,223,1
2,224,1
2,225,2
2,226,3
2,227,1
2,228,3
2,229,1
2,230,1
2,231,1
2,232,1
2,233,1
2,234,1
2,235,4
2,236,1
2,237,2
2,238,3
2,239,2
2,240,2
2,241,1
2,242,2
2,243,1
2,244,1
2,245,1
2,246,2
2,247,1
2,248,1
2,249,1
2,250,1
2,251,1
2,252,1
2,253,1
2,254,1
2,255,1
2,256,3
2,257,3
2,258,3
2,259,5
2,260,3
2,261,1
2,262,1
2,263,1
2,264,2
2,265,1
2,266,1
2,267,1
2,268,1
2,269,1
2,270,1
2,271,1
2,272,1
2,273,1
2,274,1
2,275,1
2,276,3
2,277,1
2,278,1
2,279,1
2,280,1
2,281,1
2,282,1
2,283,1
2,284,1
2,285,1
2,286,1
2,287,1
2,288,1
2,289,1
2,290,2
2,291,1
2,292,1
2,293,1
2,294,1
2,295,2
2,296,1
2,297,1
2,298,1
2,299,2
2,300,1
2,301,1
2,302,1
2,303,1
2,304,1
2,305,2
2,306,1
2,307,1
2,308,1
2,309,1
2,310,1
2,311,1
2,312,1
2,313,1
2,314,1
2,315,1
2,316,1
2,317,1
2,318,1
2,319,1
2,320,1
2,321,1
2,2,1
2,26,1
2,13,1
2,55,1
3,0,41
3,1,8
3,2,16
3,4,5
3,5,4
3,12,31
3,7,1
3,8,6
3,9,1
3,10,1
3,11,3
3,13,1
3,14,15
3,15,2
3,16,1
3,17,4
3,18,1
3,19,37
3,20,1
3,21,2
3,22,1
3,23,3
3,24,1
3,25,1
3,26,11
3,27,26
3,28,1
3,6,37
3,30,1
3,31,2
3,32,6
3,33,3
3,34,4
3,35,1
3,37,4
3,38,5
3,39,3
3,40,2
3,41,1
3,93,37
3,43,5
3,44,4
3,45,3
3,46,2
3,47,1
3,48,20
3,49,1
3,50,3
3,51,1
3,52,1
3,53,2
3,54,1
3,55,2
3,56,8
3,57,4
3,58,4
3,59,1
3,60,1
3,61,2
3,62,1
3,63,1
3,64,4
3,65,1
3,66,5
3,67,3
3,68,4
3,69,1
3,70,6
3,71,3
3,72,1
3,73,6
3,74,1
3,177,25
3,76,1
3,77,2
3,78,2
3,79,6
3,80,1
3,81,5
3,82,3
3,83,2
3,84,3
3,85,2
3,86,2
3,87,1
3,88,1
3,89,1
3,90,2
3,91,1
3,92,9
3,94,1
3,95,3
3,96,1
3,97,3
3,98,1
3,99,1
3,100,4
3,101,1
3,102,1
3,103,2
3,104,1
3,105,4
3,106,1
3,107,4
3,108,3
3,109,3
3,110,4
3,111,2
3,112,1
3,113,1
3,114,1
3,115,6
3,116,6
3,117,2
3,118,1
3,119,1
3,120,1
3,121,2
3,122,3
3,123,7
3,124,2
3,125,1
3,126,2
3,127,1
3,128,2
3,129,5
3,130,1
3,131,3
3,132,1
3,133,3
3,134,1
3,135,4
3,136,1
3,137,2
3,138,1
3,139,2
3,140,3
3,141,2
3,142,1
3,143,18
3,144,4
3,145,2
3,146,3
3,147,3
3,148,3
3,149,2
3,150,2
3,151,2
3,152,1
3,153,6
3,154,1
3,155,2
3,156,1
3,157,1
3,158,1
3,159,1
3,160,1
3,161,2
3,162,2
3,163,2
3,164,5
3,165,3
3,166,1
3,167,1
3,168,1
3,169,1
3,170,2
3,171,4
3,172,2
3,173,1
3,174,2
3,175,2
3,176,1
3,178,1
3,179,4
3,180,1
3,181,1
3,182,4
3,183,2
3,184,6
3,185,1
3,186,7
3,187,3
3,188,3
3,189,2
3,190,2
3,191,6
3,192,2
3,193,1
3,194,1
3,195,1
3,196,6
3,197,1
3,198,2
3,199,1
3,200,1
3,201,5
3,202,1
3,203,2
3,204,3
3,205,1
3,206,2
3,207,2
3,208,1
3,209,3
3,210,1
3,211,1
3,212,5
3,213,1
3,214,1
3,215,7
3,216,1
3,217,3
3,218,3
3,219,1
3,220,1
3,221,1
3,222,1
3,223,1
3,224,4
3,225,2
3,226,1
3,227,1
3,228,1
3,229,2
3,230,1
3,231,2
3,232,2
3,233,1
3,234,1
3,235,1
3,236,1
3,237,1
3,238,1
3,239,1
3,240,1
3,241,1
3,242,1
3,243,1
3,244,4
3,245,3
3,246,1
3,247,1
3,248,2
3,249,2
3,250,3
3,251,1
3,252,1
3,253,1
3,254,5
3,255,1
3,256,1
3,257,2
3,258,1
3,259,2
3,260,5
3,261,2
3,262,2
3,263,4
3,264,1
3,265,2
3,266,1
3,267,2
3,268,1
3,269,1
3,270,1
3,271,2
3,272,1
3,273,1
3,274,1
3,275,2
3,276,1
3,277,1
3,278,1
3,279,3
3,280,1
3,281,1
3,282,1
3,283,1
3,284,1
3,285,2
3,286,1
3,287,1
3,288,2
3,289,2
3,290,1
3,291,1
3,292,2
3,293,1
3,294,2
3,295,2
3,296,2
3,297,1
3,298,1
3,299,1
3,300,1
3,301,1
3,302,1
3,303,2
3,304,6
3,305,1
3,306,1
3,307,1
3,308,1
3,309,2
3,310,1
3,311,1
3,312,1
3,313,6
3,314,1
3,315,1
3,316,4
3,317,1
3,318,4
3,319,1
3,320,1
3,321,1
3,322,1
3,323,1
3,324,3
3,325,3
3,326,2
3,327,3
3,328,1
3,329,2
3,330,1
3,331,1
3,332,1
3,333,1
3,334,2
3,335,1
3,336,3
3,337,1
3,338,1
3,339,1
3,340,2
3,341,1
3,342,1
3,343,1
3,344,2
3,345,2
3,346,2
3,347,2
3,348,1
3,349,2
3,350,3
3,351,1
3,352,1
3,353,1
3,354,1
3,355,2
3,356,3
3,357,1
3,358,1
3,359,1
3,360,1
3,361,1
3,362,2
3,363,1
3,364,1
3,365,3
3,366,4
3,367,1
3,368,1
3,369,1
3,370,1
3,371,1
3,372,1
3,373,1
3,374,1
3,375,2
3,376,1
3,377,1
3,378,1
3,379,3
3,380,1
3,381,1
3,382,1
3,383,1
3,384,1
3,385,3
3,386,1
3,387,2
3,388,1
3,389,2
3,390,1
3,391,1
3,392,1
3,393,1
3,394,1
3,395,3
3,396,2
3,397,1
3,398,1
3,399,2
3,400,1
3,401,1
3,402,1
3,403,1
3,404,1
3,405,1
3,406,1
3,407,1
3,408,4
3,409,1
3,410,1
3,411,1
3,412,1
3,413,1
3,414,1
3,415,1
3,416,1
3,417,2
3,418,1
3,419,3
3,420,1
3,421,1
3,422,2
3,423,1
3,424,1
3,425,1
3,426,1
3,427,2
3,428,1
3,429,2
3,430,1
3,431,1
3,432,2
3,433,1
3,434,1
3,435,1
3,436,1
3,437,1
3,438,1
3,439,1
3,440,2
3,441,1
3,442,1
3,443,1
3,444,1
3,445,1
3,446,1
3,447,3
3,448,1
3,449,1
3,450,1
3,451,1
3,452,1
3,453,1
3,454,1
3,455,1
3,456,1
3,457,1
3,458,1
3,459,1
3,460,1
3,461,1
3,462,1
3,463,1
3,464,5
3,465,1
3,466,1
3,467,1
3,468,1
3,469,4
3,470,3
3,471,1
3,472,1
3,473,1
3,474,1
3,475,1
3,476,3
3,477,1
3,478,1
3,479,1
3,480,1
3,481,1
3,482,2
3,483,1
3,484,1
3,485,1
3,486,1
3,487,1
3,488,1
3,489,1
3,490,1
3,491,1
3,492,2
3,493,1
3,494,1
3,495,2
3,496,1
3,497,1
3,498,2
3,499,1
3,500,1
3,501,2
3,502,1
3,503,1
3,504,1
3,505,1
3,506,1
3,507,1
3,508,2
3,509,1
3,510,1
3,511,1
3,512,1
3,513,1
3,514,1
3,515,1
3,516,2
3,517,1
3,518,1
3,519,1
3,520,1
3,521,1
3,522,1
3,523,1
3,524,1
3,525,1
3,526,2
3,527,1
3,528,1
3,529,1
3,530,1
3,531,1
3,532,1
3,533,1
3,534,1
3,535,1
3,536,1
3,537,1
3,538,1
3,539,1
3,540,1
3,541,1
3,542,1
3,543,2
3,544,1
3,545,1
3,546,1
3,547,1
3,548,1
3,549,1
3,550,1
3,551,1
3,552,1
3,553,1
3,554,1
3,555,1
3,556,1
3,557,1
3,3,1
3,36,1
3,42,1
3,75,1
3,29,1
4,0,30
4,1,28
4,2,5
4,3,8
4,4,34
4,15,49
4,6,1
4,7,9
4,62,30
4,9,7
4,10,5
4,113,50
4,106,65
4,16,3
4,17,32
4,128,57
4,31,43
4,21,5
4,22,1
4,23,3
4,24,8
4,25,5
4,26,3
4,27,15
4,28,8
4,29,34
4,30,9
4,32,6
4,33,1
4,34,1
4,35,2
4,36,5
4,37,13
4,38,2
4,39,6
4,40,15
4,41,3
4,42,2
4,43,10
4,69,11
4,45,8
4,46,17
4,47,1
4,49,1
4,50,19
4,51,40
4,52,4
4,53,10
4,54,8
4,55,3
4,56,1
4,57,5
4,58,4
4,60,5
4,61,12
4,226,33
4,64,9
4,65,3
4,66,1
4,67,1
4,68,3
4,221,52
4,70,5
4,71,5
4,73,1
4,74,1
4,75,1
4,76,7
4,77,4
4,78,7
4,80,1
4,81,7
4,82,18
4,83,1
4,84,1
4,85,7
4,86,3
4,87,3
4,88,2
4,89,2
4,90,5
4,91,2
4,92,1
4,93,14
4,94,23
4,95,2
4,96,1
4,98,4
4,99,1
4,100,1
4,101,10
4,102,1
4,103,1
4,104,1
4,105,2
4,107,1
4,108,3
4,109,3
4,110,7
4,111,1
4,112,2
4,115,7
4,116,4
4,117,1
4,119,1
4,120,5
4,121,13
4,122,3
4,123,1
4,124,5
4,125,1
4,126,5
4,127,6
4,129,1
4,130,3
4,131,1
4,132,3
4,133,4
4,134,1
4,135,3
4,136,6
4,138,2
4,139,1
4,140,1
4,141,1
4,142,2
4,143,1
4,144,3
4,145,1
4,146,5
4,147,2
4,148,5
4,150,1
4,151,7
4,152,5
4,153,4
4,154,2
4,155,1
4,156,4
4,157,1
4,158,1
4,159,1
4,161,5
4,162,2
4,163,8
4,164,4
4,165,2
4,166,2
4,167,1
4,168,1
4,169,1
4,170,1
4,171,1
4,172,1
4,173,1
4,174,1
4,175,4
4,176,1
4,177,1
4,178,7
4,179,2
4,180,2
4,181,1
4,182,4
4,183,10
4,184,1
4,185,4
4,186,2
4,187,2
4,188,6
4,189,1
4,190,1
4,191,5
4,192,1
4,193,1
4,194,1
4,195,2
4,196,1
4,197,9
4,198,1
4,199,1
4,200,4
4,201,2
4,202,1
4,203,2
4,204,1
4,205,1
4,206,1
4,207,2
4,208,1
4,209,1
4,210,1
4,211,1
4,212,2
4,213,3
4,214,3
4,215,2
4,216,1
4,217,5
4,218,1
4,219,5
4,220,1
4,222,6
4,223,1
4,224,3
4,225,4
4,227,3
4,228,2
4,229,2
4,230,2
4,231,3
4,232,1
4,233,3
4,234,1
4,235,1
4,236,3
4,237,2
4,238,1
4,239,1
4,240,1
4,241,1
4,242,2
4,243,1
4,244,1
4,245,3
4,246,2
4,247,3
4,248,1
4,249,1
4,250,1
4,251,1
4,252,1
4,253,1
4,254,2
4,255,1
4,256,1
4,257,1
4,258,1
4,259,1
4,260,1
4,261,1
4,262,1
4,263,2
4,264,1
4,265,1
4,266,1
4,267,1
4,268,2
4,269,1
4,270,1
4,271,1
4,272,5
4,273,2
4,274,1
4,275,1
4,276,1
4,277,1
4,278,1
4,279,1
4,280,1
4,281,1
4,282,2
4,283,2
4,284,1
4,285,1
4,286,1
4,287,1
4,288,2
4,289,1
4,290,1
4,291,1
4,292,1
4,293,1
4,294,1
4,295,1
4,296,1
4,297,2
4,298,3
4,299,1
4,300,2
4,301,1
4,302,1
4,303,1
4,304,1
4,5,1
4,8,1
4,137,1
4,11,1
4,12,1
4,13,1
4,14,1
4,18,1
4,19,1
4,20,1
4,149,1
4,160,1
4,44,1
4,48,1
4,59,1
4,63,1
4,72,1
4,79,1
4,97,1
4,114,1
4,118,1
5,0,16
5,42,67
5,2,2
5,206,36
5,4,22
5,5,4
5,6,4
5,7,125
5,8,9
5,9,9
5,22,33
5,11,7
5,13,43
5,14,15
5,89,52
5,16,11
5,17,12
5,18,13
5,79,47
5,20,1
5,21,1
5,148,52
5,24,28
5,25,49
5,26,10
5,27,16
5,28,13
5,29,1
5,30,3
5,31,1
5,32,40
5,33,4
5,34,8
5,35,15
5,36,2
5,37,22
5,38,4
5,39,15
5,40,2
5,41,1
5,43,2
5,44,1
5,45,5
5,46,1
5,47,1
5,48,2
5,49,4
5,50,1
5,51,13
5,52,1
5,53,1
5,54,6
5,55,12
5,56,15
5,57,3
5,58,4
5,59,21
5,60,5
5,61,7
5,63,2
5,110,38
5,65,4
5,67,3
5,68,1
5,69,3
5,70,1
5,71,3
5,72,1
5,73,3
5,74,14
5,75,3
5,76,3
5,77,5
5,78,1
5,80,1
5,81,9
5,83,10
5,84,1
5,85,1
5,87,6
5,88,7
5,90,1
5,102,25
5,92,6
5,93,5
5,94,3
5,95,3
5,96,11
5,97,1
5,98,10
5,99,1
5,100,3
5,101,23
5,103,1
5,104,1
5,105,1
5,106,1
5,107,3
5,108,1
5,109,2
5,111,1
5,112,1
5,113,1
5,114,1
5,115,2
5,117,1
5,173,30
5,120,2
5,121,1
5,122,1
5,123,1
5,124,4
5,125,5
5,126,1
5,127,6
5,128,3
5,129,1
5,177,32
5,131,1
5,132,6
5,133,7
5,134,6
5,135,1
5,136,4
5,137,1
5,138,1
5,139,1
5,140,1
5,141,1
5,142,1
5,143,1
5,144,2
5,145,2
5,147,2
5,149,6
5,150,1
5,151,3
5,152,1
5,153,9
5,154,1
5,155,4
5,156,1
5,157,10
5,159,1
5,160,5
5,161,1
5,162,2
5,163,5
5,164,1
5,165,1
5,166,1
5,167,5
5,168,1
5,169,6
5,170,1
5,171,2
5,172,1
5,174,3
5,175,1
5,176,1
5,178,5
5,179,2
5,180,5
5,181,5
5,182,1
5,183,12
5,184,1
5,186,1
5,187,9
5,188,1
5,189,1
5,190,11
5,191,3
5,192,3
5,193,6
5,194,1
5,196,8
5,197,4
5,198,1
5,199,3
5,200,2
5,201,6
5,202,1
5,203,4
5,204,4
5,205,3
5,207,2
5,208,1
5,209,4
5,210,4
5,211,1
5,212,1
5,213,1
5,214,2
5,215,1
5,216,1
5,217,7
5,218,3
5,219,2
5,220,2
5,221,1
5,222,1
5,223,1
5,225,1
5,226,1
5,227,1
5,228,2
5,229,1
5,230,1
5,231,1
5,232,1
5,233,3
5,234,1
5,235,2
5,236,2
5,237,1
5,238,13
5,239,6
5,240,1
5,241,3
5,242,1
5,243,2
5,244,2
5,245,2
5,246,3
5,247,1
5,248,1
5,249,2
5,250,1
5,251,1
5,252,1
5,253,1
5,254,2
5,255,1
5,256,2
5,257,1
5,258,1
5,259,1
5,260,1
5,261,1
5,262,1
5,263,1
5,264,1
5,265,4
5,266,1
5,267,4
5,268,1
5,269,4
5,270,1
5,271,3
5,272,1
5,273,1
5,274,1
5,275,1
5,276,1
5,277,1
5,278,6
5,279,1
5,280,5
5,281,1
5,282,3
5,283,1
5,284,1
5,285,2
5,286,1
5,287,1
5,288,2
5,289,1
5,290,1
5,291,1
5,292,1
5,293,1
5,294,1
5,295,1
5,296,2
5,297,1
5,298,1
5,299,3
5,300,1
5,301,1
5,302,2
5,303,1
5,304,4
5,305,1
5,306,1
5,307,1
5,308,4
5,309,3
5,310,1
5,311,1
5,312,2
5,313,3
5,314,4
5,315,1
5,316,2
5,317,1
5,318,2
5,319,3
5,320,3
5,321,1
5,322,4
5,323,1
5,324,1
5,325,1
5,326,1
5,327,1
5,328,1
5,329,1
5,330,5
5,331,1
5,332,1
5,333,1
5,334,1
5,335,1
5,336,1
5,337,1
5,338,1
5,339,1
5,340,1
5,341,2
5,342,1
5,343,1
5,344,1
5,345,1
5,346,1
5,347,1
5,348,2
5,349,1
5,350,1
5,351,1
5,352,4
5,353,1
5,354,3
5,355,2
5,356,1
5,357,3
5,358,2
5,359,1
5,360,3
5,361,2
5,362,4
5,363,2
5,364,1
5,365,4
5,366,1
5,367,1
5,368,1
5,369,1
5,370,3
5,371,3
5,372,2
5,373,2
5,374,1
5,375,1
5,376,1
5,377,2
5,378,1
5,379,3
5,380,1
5,381,1
5,382,1
5,383,1
5,384,1
5,385,1
5,386,1
5,387,1
5,388,1
5,389,1
5,390,1
5,391,3
5,392,1
5,393,1
5,394,1
5,395,1
5,396,1
5,397,1
5,398,2
5,399,1
5,400,2
5,401,1
5,402,1
5,403,1
5,404,1
5,405,1
5,406,1
5,407,1
5,408,4
5,409,2
5,410,1
5,411,1
5,412,1
5,413,1
5,414,1
5,415,1
5,416,1
5,417,1
5,418,1
5,419,1
5,420,1
5,421,1
5,422,1
5,423,1
5,424,1
5,425,3
5,426,2
5,427,1
5,428,1
5,429,1
5,430,1
5,431,1
5,432,1
5,433,1
5,434,1
5,435,2
5,436,1
5,437,1
5,438,1
5,439,1
5,440,1
5,441,1
5,442,1
5,443,1
5,444,1
5,445,1
5,446,1
5,447,1
5,448,1
5,449,1
5,450,1
5,451,1
5,452,1
5,453,1
5,454,1
5,455,1
5,456,1
5,457,1
5,458,2
5,459,1
5,460,2
5,461,1
5,462,1
5,463,1
5,464,1
5,465,1
5,466,1
5,467,1
5,1,1
5,130,1
5,3,1
5,10,1
5,12,1
5,15,1
5,146,1
5,19,1
5,23,1
5,158,1
5,185,1
5,62,1
5,64,1
5,66,1
5,195,1
5,82,1
5,86,1
5,91,1
5,224,1
5,116,1
5,118,1
5,119,1
6,0,5
6,1,3
6,188,12
6,61,20
6,4,6
6,5,18
6,6,1
6,7,2
6,8,1
6,9,6
6,10,4
6,11,2
6,12,3
6,13,1
6,14,1
6,15,1
6,16,1
6,17,1
6,18,10
6,19,1
6,20,1
6,56,16
6,22,1
6,23,3
6,24,1
6,25,1
6,26,1
6,27,2
6,28,1
6,29,1
6,30,3
6,31,12
6,33,1
6,34,1
6,35,3
6,37,1
6,38,1
6,39,2
6,40,1
6,41,1
6,42,3
6,43,2
6,44,1
6,45,1
6,46,2
6,47,1
6,48,1
6,49,1
6,50,1
6,51,1
6,52,2
6,53,1
6,54,1
6,55,4
6,57,1
6,58,2
6,59,1
6,60,1
6,62,1
6,63,1
6,64,1
6,65,1
6,66,1
6,67,1
6,68,3
6,69,1
6,70,1
6,71,4
6,72,1
6,73,2
6,74,7
6,75,1
6,76,2
6,77,1
6,78,2
6,79,1
6,80,1
6,81,1
6,82,1
6,83,1
6,84,5
6,85,1
6,87,1
6,88,1
6,89,3
6,90,1
6,91,1
6,92,1
6,93,3
6,94,3
6,95,2
6,96,2
6,97,1
6,98,1
6,99,1
6,100,1
6,101,2
6,102,1
6,103,1
6,104,5
6,105,3
6,106,2
6,107,1
6,108,1
6,109,1
6,110,1
6,111,1
6,112,1
6,113,3
6,114,1
6,115,1
6,116,1
6,117,5
6,118,1
6,119,1
6,120,1
6,121,1
6,122,2
6,123,1
6,124,1
6,125,2
6,126,1
6,127,1
6,128,1
6,129,1
6,130,1
6,131,1
6,132,1
6,133,2
6,134,1
6,135,1
6,136,7
6,137,1
6,138,1
6,139,1
6,140,1
6,141,1
6,142,6
6,143,1
6,144,1
6,145,3
6,146,1
6,147,2
6,148,1
6,149,1
6,150,1
6,151,1
6,152,5
6,153,1
6,154,1
6,155,1
6,156,2
6,157,1
6,158,1
6,159,1
6,160,1
6,161,1
6,162,2
6,163,1
6,164,1
6,165,5
6,166,1
6,167,1
6,168,1
6,169,2
6,170,1
6,171,1
6,172,1
6,173,1
6,174,1
6,175,1
6,176,1
6,177,1
6,178,1
6,179,1
6,180,1
6,181,1
6,182,1
6,183,1
6,184,1
6,185,3
6,186,1
6,187,1
6,189,1
6,190,1
6,191,1
6,192,2
6,193,1
6,194,1
6,195,1
6,196,1
6,197,2
6,198,1
6,199,1
6,200,1
6,201,1
6,202,1
6,203,1
6,204,1
6,205,1
6,206,2
6,207,1
6,208,1
6,209,1
6,210,2
6,211,1
6,212,3
6,213,1
6,214,1
6,215,3
6,216,1
6,217,1
6,218,1
6,219,1
6,220,1
6,221,1
6,222,1
6,223,1
6,224,1
6,225,1
6,226,1
6,227,1
6,228,1
6,229,1
6,230,1
6,231,1
6,232,1
6,233,1
6,234,1
6,235,1
6,236,1
6,237,1
6,238,1
6,239,1
6,240,1
6,241,1
6,242,1
6,243,1
6,244,1
6,245,1
6,246,1
6,247,1
6,248,1
6,249,1
6,250,1
6,251,1
6,252,1
6,253,1
6,254,1
6,255,2
6,256,1
6,257,1
6,258,1
6,259,1
6,260,1
6,261,1
6,262,2
6,263,1
6,264,2
6,265,1
6,266,1
6,267,1
6,268,1
6,269,1
6,270,1
6,271,1
6,272,1
6,273,1
6,274,1
6,275,1
6,276,1
6,277,1
6,278,1
6,279,1
6,280,1
6,281,1
6,32,1
6,2,1
6,3,1
6,36,1
6,21,1
6,86,1
7,15,30
7,1,76
7,2,28
7,3,49
7,0,22
7,5,16
7,6,32
7,7,1
7,8,4
7,9,28
7,56,36
7,11,30
7,13,1
7,37,28
7,16,2
7,17,2
7,20,21
7,19,5
7,21,1
7,22,1
7,23,2
7,104,33
7,25,19
7,28,32
7,29,1
7,30,1
7,32,4
7,33,1
7,34,1
7,35,11
7,36,2
7,38,1
7,39,11
7,40,1
7,41,10
7,31,30
7,43,7
7,44,6
7,45,10
7,93,22
7,47,4
7,48,7
7,49,1
7,50,1
7,51,5
7,52,1
7,53,1
7,54,5
7,55,5
7,83,26
7,57,1
7,58,1
7,59,4
7,60,1
7,61,1
7,62,8
7,63,2
7,64,1
7,65,2
7,66,1
7,67,1
7,68,7
7,24,19
7,70,1
7,71,1
7,72,1
7,73,1
7,74,1
7,75,1
7,76,2
7,77,6
7,78,1
7,79,1
7,80,1
7,81,3
7,82,3
7,84,2
7,85,1
7,86,1
7,87,4
7,88,6
7,89,4
7,90,3
7,91,1
7,94,1
7,95,1
7,96,1
7,97,3
7,98,1
7,99,1
7,100,1
7,101,2
7,102,1
7,103,5
7,105,1
7,106,5
7,107,1
7,108,1
7,109,6
7,110,1
7,111,1
7,112,1
7,113,6
7,114,1
7,115,1
7,116,1
7,117,6
7,118,1
7,119,5
7,120,1
7,121,1
7,122,1
7,123,3
7,124,1
7,125,1
7,126,3
7,127,1
7,128,1
7,129,2
7,130,4
7,131,1
7,132,5
7,133,1
7,134,1
7,135,2
7,136,1
7,137,1
7,138,3
7,139,1
7,140,1
7,141,1
7,142,1
7,143,1
7,144,1
7,145,2
7,146,1
7,147,1
7,148,1
7,149,4
7,150,1
7,151,4
7,152,1
7,153,1
7,154,1
7,155,1
7,156,1
7,157,1
7,158,1
7,159,1
7,160,2
7,161,1
7,162,5
7,163,1
7,164,1
7,165,1
7,166,1
7,167,1
7,168,1
7,169,1
7,170,1
7,171,1
7,172,1
7,173,1
7,174,1
7,175,1
7,176,1
7,177,1
7,178,1
7,179,3
7,180,1
7,181,1
7,182,1
7,183,1
7,184,1
7,185,1
7,186,1
7,187,3
7,188,1
7,189,1
7,190,1
7,191,2
7,192,1
7,193,1
7,194,1
7,195,1
7,196,2
7,197,1
7,198,1
7,199,1
7,200,1
7,201,4
7,202,1
7,203,1
7,204,1
7,205,1
7,206,1
7,207,1
7,208,1
7,209,1
7,210,1
7,211,1
7,212,3
7,213,1
7,214,2
7,215,1
7,216,3
7,217,1
7,218,1
7,219,1
7,220,1
7,221,2
7,222,2
7,223,1
7,224,1
7,225,1
7,226,1
7,227,1
7,228,1
7,229,2
7,230,1
7,231,1
7,232,1
7,233,1
7,234,1
7,235,1
7,236,1
7,237,2
7,238,4
7,239,1
7,240,6
7,241,1
7,242,2
7,243,1
7,244,1
7,245,1
7,246,7
7,247,1
7,248,1
7,249,2
7,250,1
7,251,2
7,252,1
7,253,1
7,254,1
7,255,1
7,256,1
7,257,1
7,258,2
7,259,1
7,260,1
7,261,1
7,262,1
7,263,1
7,264,1
7,265,1
7,266,1
7,267,1
7,268,5
7,269,1
7,270,2
7,271,2
7,272,1
7,273,1
7,274,1
7,275,1
7,276,1
7,277,2
7,278,1
7,279,1
7,280,1
7,281,1
7,282,1
7,283,1
7,284,1
7,285,1
7,286,1
7,287,1
7,288,1
7,289,1
7,290,1
7,291,1
7,292,1
7,293,1
7,294,1
7,295,2
7,296,1
7,297,1
7,298,1
7,299,1
7,300,2
7,301,2
7,302,1
7,303,1
7,304,3
7,305,1
7,306,2
7,307,1
7,308,1
7,309,1
7,310,1
7,311,1
7,312,1
7,313,1
7,314,2
7,315,1
7,316,1
7,317,1
7,318,1
7,319,1
7,320,1
7,321,1
7,322,1
7,323,1
7,324,1
7,325,1
7,326,1
7,327,1
7,328,1
7,329,1
7,330,1
7,331,1
7,332,1
7,333,1
7,334,1
7,335,1
7,336,1
7,337,1
7,338,1
7,339,1
7,340,1
7,341,1
7,342,1
7,343,1
7,344,1
7,345,1
7,346,2
7,347,1
7,348,1
7,349,1
7,350,1
7,351,1
7,352,1
7,353,1
7,354,1
7,355,1
7,356,1
7,357,1
7,358,1
7,359,1
7,360,1
7,361,1
7,362,1
7,363,3
7,364,1
7,365,1
7,366,1
7,367,1
7,368,1
7,369,1
7,370,1
7,371,1
7,372,1
7,373,1
7,374,1
7,375,1
7,376,1
7,377,1
7,378,1
7,379,1
7,380,1
7,381,1
7,382,1
7,383,1
7,384,1
7,385,1
7,386,1
7,387,1
7,388,1
7,389,1
7,390,1
7,391,1
7,392,1
7,393,1
7,394,1
7,395,1
7,396,1
7,397,1
7,398,1
7,399,1
7,400,1
7,401,1
7,402,1
7,403,1
7,404,1
7,405,1
7,406,1
7,407,1
7,408,1
7,12,1
7,14,1
7,46,1
7,18,1
7,26,1
7,27,1
7,92,1
7,4,1
7,69,1
7,10,1
7,42,1
8,0,1
8,1,24
8,2,70
8,3,22
8,41,56
8,5,58
8,15,42
8,7,2
8,8,41
8,126,42
8,10,41
8,11,6
8,50,43
8,13,21
8,14,25
8,16,28
8,17,1
8,18,2
8,19,2
8,20,29
8,21,28
8,22,3
8,23,1
8,24,44
8,25,13
8,26,1
8,27,1
8,28,42
8,29,1
8,30,5
8,31,45
8,32,36
8,33,1
8,34,4
8,35,2
8,36,36
8,37,4
8,38,1
8,40,1
8,42,35
8,43,4
8,45,11
8,46,1
8,47,1
8,48,6
8,49,4
8,51,1
8,52,1
8,53,3
8,54,23
8,55,1
8,56,1
8,57,8
8,58,1
8,59,1
8,60,1
8,61,1
8,62,1
8,63,5
8,64,1
8,65,1
8,66,2
8,67,3
8,68,24
8,69,1
8,70,2
8,71,1
8,72,1
8,73,1
8,74,1
8,75,1
8,76,1
8,77,1
8,78,1
8,79,1
8,80,1
8,81,1
8,82,1
8,83,1
8,84,1
8,85,11
8,86,1
8,87,1
8,88,1
8,89,1
8,90,1
8,91,1
8,92,1
8,93,2
8,94,2
8,95,1
8,96,1
8,97,1
8,98,3
8,99,4
8,100,1
8,101,1
8,102,1
8,103,1
8,104,1
8,105,3
8,106,1
8,107,1
8,108,1
8,109,1
8,110,1
8,111,1
8,112,1
8,113,1
8,114,1
8,115,1
8,116,1
8,117,1
8,118,1
8,119,1
8,120,1
8,121,1
8,122,5
8,123,1
8,124,1
8,125,1
8,127,1
8,128,1
8,129,4
8,130,1
8,131,1
8,132,2
8,133,1
8,134,1
8,135,1
8,136,1
8,137,1
8,138,1
8,139,1
8,140,1
8,141,1
8,142,1
8,143,1
8,144,1
8,145,1
8,146,1
8,147,1
8,148,2
8,149,1
8,150,1
8,151,1
8,152,2
8,153,2
8,154,1
8,155,1
8,156,1
8,157,2
8,158,1
8,159,1
8,160,1
8,161,1
8,162,1
8,163,1
8,164,1
8,165,1
8,166,1
8,167,1
8,168,1
8,169,1
8,170,1
8,171,1
8,172,1
8,173,2
8,174,1
8,175,1
8,176,1
8,177,1
8,178,1
8,179,1
8,180,1
8,181,1
8,182,1
8,183,1
8,184,2
8,185,1
8,186,1
8,187,1
8,188,2
8,189,1
8,190,1
8,191,1
8,192,1
8,193,1
8,194,1
8,195,1
8,196,1
8,197,1
8,198,1
8,199,1
8,200,1
8,201,1
8,202,1
8,203,1
8,204,1
8,205,1
8,206,1
8,207,1
8,208,1
8,209,1
8,210,1
8,211,1
8,212,1
8,213,1
8,214,1
8,215,1
8,216,1
8,217,1
8,218,1
8,219,1
8,220,1
8,221,1
8,222,1
8,223,1
8,224,1
8,225,1
8,226,1
8,227,1
8,4,1
8,6,1
8,39,1
8,9,1
8,12,1
8,44,1
9,0,1
9,1,1
9,2,9
9,3,3
9,4,1
9,169,24
9,6,1
9,7,1
9,8,2
9,9,2
9,61,28
9,11,3
9,12,22
9,13,2
9,14,1
9,152,37
9,27,18
9,17,1
9,18,1
9,19,3
9,56,43
9,21,1
9,22,1
9,23,1
9,24,2
9,72,23
9,37,16
9,68,36
9,31,20
9,30,3
9,32,1
9,33,10
9,35,28
9,38,5
9,39,2
9,41,1
9,42,8
9,43,19
9,44,1
9,46,1
9,47,1
9,48,4
9,49,3
9,50,1
9,51,13
9,52,4
9,53,1
9,54,5
9,55,1
9,57,5
9,58,2
9,59,4
9,62,1
9,63,3
9,64,10
9,65,5
9,66,1
9,67,2
9,70,1
9,73,10
9,74,1
9,75,1
9,76,1
9,77,1
9,78,1
9,79,1
9,80,1
9,81,1
9,82,2
9,83,1
9,84,7
9,85,1
9,86,1
9,87,1
9,88,5
9,89,1
9,90,2
9,91,1
9,92,1
9,93,1
9,95,1
9,96,1
9,97,1
9,98,1
9,100,1
9,101,1
9,102,7
9,103,1
9,104,1
9,105,1
9,106,2
9,107,7
9,108,1
9,109,2
9,110,1
9,112,1
9,125,11
9,114,1
9,115,1
9,116,2
9,117,1
9,118,1
9,119,1
9,120,2
9,122,1
9,123,1
9,124,2
9,126,1
9,127,1
9,128,1
9,129,1
9,130,2
9,131,1
9,133,1
9,134,2
9,135,1
9,136,1
9,137,1
9,138,2
9,139,3
9,141,4
9,142,1
9,143,1
9,144,1
9,145,1
9,146,1
9,147,1
9,148,2
9,149,1
9,150,1
9,151,1
9,153,1
9,154,1
9,155,3
9,156,1
9,158,1
9,159,1
9,160,1
9,161,2
9,162,1
9,163,1
9,164,1
9,165,1
9,166,1
9,167,1
9,168,6
9,170,1
9,171,2
9,172,1
9,173,4
9,174,1
9,175,1
9,176,1
9,177,1
9,178,1
9,179,1
9,180,1
9,181,1
9,182,2
9,183,2
9,184,1
9,185,1
9,186,1
9,187,1
9,188,1
9,189,1
9,190,1
9,191,1
9,192,1
9,193,1
9,194,1
9,195,1
9,196,1
9,197,1
9,198,1
9,199,1
9,200,1
9,201,1
9,202,1
9,203,1
9,204,1
9,205,1
9,206,1
9,207,1
9,208,1
9,209,1
9,210,1
9,211,1
9,212,1
9,213,1
9,214,1
9,215,1
9,216,1
9,217,1
9,218,1
9,219,1
9,220,1
9,221,1
9,222,1
9,223,1
9,224,1
9,225,1
9,226,1
9,227,1
9,228,1
9,229,1
9,230,1
9,231,2
9,232,1
9,233,1
9,234,1
9,235,1
9,236,1
9,237,1
9,238,1
9,239,1
9,240,1
9,241,1
9,242,1
9,243,1
9,244,1
9,245,2
9,246,1
9,247,1
9,248,1
9,249,1
9,250,1
9,251,1
9,252,1
9,253,1
9,254,1
9,255,1
9,256,1
9,257,1
9,258,1
9,259,1
9,260,1
9,261,1
9,262,1
9,263,1
9,264,1
9,265,1
9,266,1
9,267,1
9,268,1
9,269,1
9,270,1
9,271,1
9,272,1
9,273,1
9,274,1
9,275,1
9,276,1
9,277,1
9,278,1
9,279,1
9,280,1
9,281,1
9,282,1
9,283,1
9,284,1
9,285,1
9,286,1
9,287,1
9,288,1
9,289,1
9,290,1
9,291,1
9,292,1
9,293,1
9,294,2
9,295,1
9,296,1
9,297,1
9,298,1
9,299,1
9,300,1
9,301,1
9,302,1
9,303,1
9,304,1
9,305,1
9,306,1
9,307,1
9,308,1
9,309,1
9,310,1
9,311,1
9,132,1
9,5,1
9,10,1
9,140,1
9,15,1
9,16,1
9,20,1
9,25,1
9,26,1
9,28,2
9,29,1
9,157,1
9,34,1
9,36,1
9,40,1
9,45,1
9,60,1
9,69,1
9,71,1
9,94,1
9,99,1
9,111,1
9,113,1
9,121,1
10,0,16
10,1,4
10,2,4
10,72,23
10,12,32
10,5,2
10,6,1
10,7,83
10,8,6
10,9,5
10,10,4
10,31,18
10,13,3
10,14,1
10,15,2
10,16,1
10,17,1
10,18,25
10,20,1
10,21,8
10,22,4
10,23,1
10,24,1
10,25,7
10,26,6
10,27,7
10,28,9
10,30,4
10,32,1
10,33,2
10,34,5
10,35,3
10,36,1
10,37,1
10,38,3
10,39,5
10,40,1
10,41,1
10,42,1
10,44,9
10,45,1
10,46,1
10,47,6
10,49,1
10,50,4
10,51,3
10,52,2
10,53,5
10,54,4
10,55,22
10,56,3
10,57,5
10,58,1
10,59,1
10,60,1
10,61,1
10,62,4
10,63,1
10,64,5
10,65,1
10,66,1
10,67,1
10,68,1
10,69,1
10,70,1
10,71,1
10,73,1
10,74,1
10,75,1
10,76,3
10,77,8
10,78,3
10,79,3
10,80,1
10,81,1
10,82,1
10,83,1
10,84,7
10,85,1
10,86,1
10,87,1
10,88,1
10,89,4
10,90,1
10,91,5
10,92,1
10,93,1
10,95,1
10,96,1
10,97,4
10,98,4
10,99,1
10,100,12
10,101,5
10,102,1
10,103,1
10,104,3
10,105,1
10,106,3
10,107,1
10,108,1
10,109,2
10,110,3
10,111,1
10,112,1
10,113,1
10,114,17
10,115,3
10,116,1
10,118,1
10,119,2
10,120,1
10,121,1
10,122,1
10,123,3
10,124,10
10,125,3
10,126,4
10,127,4
10,128,3
10,129,1
10,130,4
10,131,1
10,132,1
10,133,1
10,134,1
10,135,1
10,136,2
10,137,3
10,139,4
10,140,7
10,141,3
10,142,1
10,144,4
10,145,1
10,146,1
10,147,1
10,148,1
10,149,1
10,150,1
10,151,3
10,153,3
10,154,1
10,155,1
10,156,1
10,157,1
10,158,3
10,160,2
10,161,1
10,162,1
10,163,1
10,164,1
10,165,1
10,166,1
10,167,2
10,168,1
10,170,1
10,171,1
10,172,2
10,173,1
10,174,1
10,175,1
10,176,1
10,177,2
10,178,1
10,179,1
10,180,2
10,181,1
10,182,3
10,183,1
10,184,1
10,185,1
10,186,1
10,187,1
10,188,4
10,189,1
10,190,1
10,191,1
10,192,2
10,193,1
10,194,4
10,195,1
10,196,1
10,197,1
10,198,1
10,199,1
10,200,1
10,201,2
10,202,1
10,203,1
10,204,1
10,205,1
10,206,1
10,207,1
10,208,1
10,209,1
10,210,4
10,211,1
10,212,1
10,213,1
10,214,1
10,215,1
10,216,3
10,217,1
10,218,1
10,219,1
10,220,2
10,221,1
10,222,1
10,223,1
10,224,1
10,225,2
10,226,1
10,227,2
10,228,1
10,229,3
10,230,1
10,231,2
10,232,1
10,233,1
10,234,1
10,235,1
10,236,4
10,237,1
10,238,1
10,239,4
10,240,2
10,241,1
10,242,1
10,243,1
10,244,1
10,245,1
10,246,1
10,247,1
10,248,2
10,249,2
10,250,1
10,251,2
10,252,1
10,253,1
10,254,2
10,255,1
10,256,1
10,257,1
10,258,1
10,259,1
10,260,1
10,261,2
10,262,1
10,263,5
10,264,1
10,265,1
10,266,2
10,267,1
10,268,1
10,269,1
10,270,2
10,271,1
10,272,1
10,273,1
10,274,1
10,275,1
10,276,1
10,277,1
10,278,3
10,279,1
10,280,1
10,281,1
10,282,2
10,283,1
10,284,2
10,285,3
10,286,1
10,287,1
10,288,1
10,289,1
10,290,3
10,291,1
10,292,1
10,293,1
10,294,4
10,295,1
10,296,1
10,297,1
10,298,1
10,299,1
10,300,1
10,301,1
10,302,1
10,303,1
10,304,1
10,305,1
10,306,2
10,307,2
10,308,1
10,309,1
10,310,1
10,311,1
10,312,1
10,313,2
10,314,2
10,315,1
10,316,1
10,317,1
10,318,1
10,319,1
10,320,1
10,321,1
10,322,3
10,323,1
10,324,1
10,325,1
10,326,1
10,327,1
10,328,2
10,329,1
10,330,1
10,331,1
10,332,1
10,333,1
10,334,1
10,335,1
10,336,1
10,337,1
10,338,1
10,339,1
10,340,1
10,341,4
10,342,1
10,343,1
10,344,1
10,345,1
10,346,1
10,347,1
10,348,1
10,349,1
10,350,1
10,351,1
10,352,1
10,353,1
10,354,1
10,355,1
10,356,1
10,357,2
10,358,1
10,359,2
10,360,1
10,361,1
10,362,1
10,363,1
10,364,1
10,365,1
10,366,1
10,367,1
10,368,1
10,369,1
10,370,1
10,371,1
10,372,1
10,373,1
10,374,1
10,375,1
10,376,1
10,377,2
10,378,1
10,379,1
10,380,1
10,381,1
10,382,1
10,383,1
10,384,1
10,385,1
10,386,1
10,387,1
10,388,1
10,389,1
10,390,1
10,391,1
10,392,1
10,393,1
10,394,1
10,395,1
10,396,1
10,397,1
10,398,1
10,399,1
10,400,1
10,401,1
10,402,1
10,403,1
10,404,1
10,405,1
10,406,1
10,407,1
10,408,1
10,409,1
10,410,1
10,411,1
10,412,1
10,413,1
10,414,1
10,415,1
10,416,1
10,417,1
10,418,1
10,419,1
10,420,1
10,421,1
10,422,1
10,423,1
10,424,1
10,425,2
10,426,1
10,427,1
10,428,1
10,429,2
10,430,1
10,431,1
10,432,1
10,433,1
10,434,1
10,435,1
10,436,1
10,437,1
10,438,1
10,439,1
10,440,1
10,441,1
10,442,1
10,443,1
10,444,1
10,445,1
10,446,1
10,447,1
10,448,1
10,449,1
10,450,1
10,451,1
10,452,1
10,453,1
10,454,1
10,455,1
10,456,1
10,457,1
10,3,1
10,4,1
10,169,1
10,138,1
10,11,1
10,43,1
10,143,1
10,48,1
10,19,1
10,117,1
10,152,1
10,29,1
10,94,1
10,159,1
11,0,1
11,1,6
11,2,24
11,77,26
11,37,28
11,65,37
11,6,49
11,62,12
11,8,3
11,9,1
11,10,3
11,11,1
11,12,13
11,13,4
11,14,2
11,15,1
11,16,2
11,17,1
11,18,1
11,19,2
11,21,7
11,22,1
11,23,1
11,24,25
11,25,1
11,26,6
11,27,4
11,28,1
11,29,6
11,81,24
11,45,21
11,32,1
11,33,1
11,34,1
11,35,1
11,36,1
11,110,11
11,39,1
11,40,1
11,41,9
11,42,1
11,43,1
11,44,1
11,46,1
11,47,1
11,48,2
11,49,5
11,50,1
11,51,1
11,3,21
11,53,1
11,54,4
11,55,1
11,56,3
11,57,1
11,58,6
11,59,1
11,60,1
11,61,1
11,63,2
11,64,2
11,66,5
11,67,2
11,117,13
11,69,1
11,70,2
11,71,5
11,78,9
11,74,1
11,75,1
11,76,2
11,79,1
11,80,1
11,82,1
11,83,1
11,84,1
11,85,1
11,86,1
11,87,1
11,88,1
11,89,1
11,90,1
11,91,1
11,92,1
11,93,1
11,94,1
11,95,2
11,96,1
11,97,1
11,98,1
11,99,3
11,100,2
11,101,6
11,102,1
11,103,2
11,105,1
11,106,1
11,107,1
11,108,1
11,109,1
11,111,1
11,112,2
11,113,1
11,114,3
11,115,1
11,116,8
11,118,1
11,119,1
11,120,1
11,121,1
11,122,1
11,123,1
11,124,1
11,125,4
11,126,1
11,127,1
11,128,1
11,129,1
11,130,1
11,131,1
11,132,1
11,133,1
11,134,2
11,135,2
11,136,5
11,137,2
11,138,1
11,139,1
11,140,2
11,141,1
11,142,1
11,143,1
11,144,1
11,145,6
11,146,1
11,147,1
11,148,1
11,149,1
11,150,1
11,151,1
11,152,1
11,153,3
11,154,1
11,155,1
11,156,1
11,157,1
11,158,1
11,159,1
11,161,1
11,162,1
11,163,4
11,164,2
11,165,1
11,166,1
11,167,1
11,168,1
11,169,1
11,170,1
11,171,2
11,172,1
11,173,1
11,174,1
11,175,1
11,176,1
11,177,1
11,178,1
11,179,1
11,180,1
11,181,1
11,182,1
11,183,1
11,184,1
11,185,1
11,186,1
11,187,1
11,188,1
11,189,1
11,190,1
11,191,2
11,192,1
11,193,1
11,194,1
11,195,1
11,196,1
11,197,1
11,198,1
11,199,1
11,200,1
11,201,1
11,202,1
11,203,1
11,204,1
11,205,1
11,206,1
11,207,1
11,208,1
11,209,1
11,210,1
11,211,1
11,212,1
11,213,1
11,214,1
11,215,1
11,216,1
11,217,1
11,218,1
11,219,2
11,220,1
11,221,1
11,222,1
11,223,1
11,224,1
11,225,1
11,226,1
11,227,1
11,228,1
11,229,1
11,230,1
11,231,1
11,232,1
11,233,1
11,234,1
11,235,1
11,236,1
11,237,1
11,238,1
11,239,1
11,240,1
11,241,1
11,242,1
11,243,1
11,244,1
11,245,1
11,246,1
11,247,1
11,248,1
11,249,1
11,250,1
11,251,1
11,252,1
11,253,1
11,254,1
11,255,1
11,256,1
11,257,1
11,258,1
11,259,1
11,260,1
11,261,1
11,262,1
11,263,1
11,264,1
11,265,1
11,266,1
11,267,1
11,268,1
11,269,1
11,270,1
11,271,1
11,272,1
11,273,1
11,274,1
11,275,1
11,276,1
11,277,1
11,278,1
11,279,1
11,280,1
11,281,1
11,73,1
11,104,1
11,20,1
11,52,1
11,30,1
11,31,1
11,160,1
11,4,1
11,5,1
11,38,1
11,7,1
11,68,1
11,72,1
12,0,33
12,1,18
12,2,24
12,33,24
12,4,31
12,5,1
12,6,15
12,7,47
12,8,26
12,9,3
12,11,1
12,12,1
12,13,27
12,14,1
12,15,9
12,16,1
12,17,20
12,18,1
12,19,16
12,20,16
12,21,1
12,22,1
12,23,10
12,24,3
12,25,1
12,26,13
12,27,1
12,28,26
12,29,15
12,30,1
12,31,1
12,32,1
12,34,1
12,35,2
12,37,1
12,38,1
12,39,1
12,40,1
12,41,1
12,42,18
12,43,1
12,44,1
12,45,1
12,46,12
12,47,1
12,48,5
12,49,2
12,50,1
12,51,1
12,52,7
12,53,1
12,54,1
12,55,2
12,56,3
12,57,1
12,58,1
12,59,1
12,60,1
12,61,1
12,62,1
12,63,1
12,64,1
12,65,1
12,66,1
12,67,1
12,68,1
12,69,1
12,70,1
12,71,1
12,72,1
12,73,1
12,74,1
12,75,1
12,76,1
12,77,3
12,78,1
12,79,2
12,80,1
12,81,1
12,82,1
12,83,1
12,84,1
12,85,1
12,86,1
12,87,1
12,88,1
12,89,1
12,90,1
12,91,2
12,92,1
12,93,1
12,94,1
12,95,1
12,96,1
12,97,1
12,98,1
12,99,1
12,100,1
12,101,1
12,3,1
12,36,1
12,10,1
13,0,62
13,1,2
13,2,1
13,3,28
13,4,51
13,5,12
13,6,7
13,7,18
13,8,31
13,9,1
13,10,27
13,63,33
13,12,11
13,13,5
13,14,1
13,15,1
13,16,1
13,41,28
13,18,1
13,19,13
13,20,13
13,21,1
13,22,1
13,23,9
13,24,18
13,25,1
13,26,3
13,27,1
13,28,9
13,29,1
13,30,1
13,31,2
13,32,20
13,33,1
13,34,15
13,35,1
13,36,1
13,37,1
13,38,1
13,39,16
13,40,2
13,42,20
13,43,1
13,45,1
13,46,1
13,47,1
13,48,1
13,49,1
13,50,2
13,51,1
13,52,1
13,53,2
13,54,2
13,55,1
13,56,1
13,57,6
13,58,3
13,59,1
13,60,5
13,61,1
13,62,1
13,64,1
13,65,1
13,66,1
13,67,1
13,68,1
13,69,2
13,70,29
13,71,1
13,72,2
13,73,1
13,74,1
13,75,1
13,76,1
13,77,1
13,78,4
13,79,1
13,80,1
13,81,1
13,82,1
13,83,1
13,84,1
13,85,1
13,86,1
13,87,4
13,88,13
13,89,1
13,90,1
13,91,1
13,92,1
13,93,3
13,94,1
13,95,1
13,96,1
13,97,1
13,98,1
13,99,1
13,100,1
13,101,2
13,102,4
13,103,1
13,104,1
13,105,2
13,107,1
13,108,1
13,109,1
13,110,1
13,111,1
13,112,2
13,113,1
13,114,1
13,115,2
13,116,5
13,117,1
13,118,5
13,119,1
13,120,1
13,121,1
13,122,1
13,123,1
13,124,3
13,125,1
13,126,1
13,127,1
13,128,1
13,129,1
13,130,1
13,131,1
13,132,1
13,133,1
13,134,1
13,135,1
13,136,1
13,137,3
13,138,1
13,139,1
13,140,1
13,141,1
13,142,1
13,143,1
13,144,1
13,145,1
13,146,1
13,147,1
13,148,1
13,149,2
13,150,1
13,151,1
13,152,1
13,153,1
13,154,1
13,155,1
13,156,1
13,157,1
13,158,1
13,159,1
13,160,1
13,161,1
13,162,1
13,163,1
13,164,1
13,165,1
13,166,1
13,167,2
13,168,1
13,169,1
13,170,1
13,171,4
13,172,1
13,173,1
13,174,1
13,175,1
13,176,1
13,177,3
13,178,1
13,179,1
13,180,1
13,181,1
13,182,1
13,183,1
13,184,1
13,185,1
13,186,1
13,187,1
13,188,1
13,189,1
13,190,1
13,191,1
13,192,1
13,193,1
13,194,1
13,195,1
13,196,1
13,197,2
13,198,1
13,199,1
13,200,1
13,201,1
13,202,1
13,203,1
13,204,1
13,205,1
13,206,1
13,207,1
13,208,1
13,209,1
13,210,1
13,211,1
13,212,1
13,213,1
13,214,1
13,215,2
13,216,1
13,217,1
13,218,1
13,219,1
13,220,1
13,221,1
13,222,1
13,223,1
13,224,1
13,225,1
13,226,1
13,227,1
13,228,1
13,229,1
13,230,1
13,231,1
13,232,1
13,233,1
13,234,2
13,235,1
13,236,1
13,237,1
13,238,1
13,239,1
13,240,1
13,241,1
13,242,1
13,243,1
13,244,1
13,245,1
13,246,1
13,247,1
13,248,1
13,249,1
13,250,1
13,251,1
13,252,1
13,253,1
13,254,1
13,255,1
13,256,1
13,257,1
13,258,1
13,259,1
13,260,1
13,261,1
13,262,2
13,263,1
13,264,1
13,265,1
13,266,1
13,267,1
13,268,1
13,269,1
13,270,1
13,271,1
13,272,1
13,273,1
13,274,1
13,275,1
13,276,1
13,277,1
13,278,1
13,279,1
13,280,1
13,281,1
13,282,1
13,283,1
13,284,1
13,106,1
13,11,1
13,44,1
13,17,1
14,0,4
14,1,24
14,2,24
14,24,22
14,4,19
14,5,18
14,6,23
14,7,20
14,8,6
14,9,19
14,10,2
14,11,2
14,12,17
14,13,3
14,14,11
14,15,25
14,16,20
14,17,3
14,18,7
14,19,25
14,20,17
14,21,1
14,22,1
14,23,1
14,25,2
14,26,2
14,27,10
14,28,1
14,29,2
14,30,1
14,31,2
14,32,1
14,33,8
14,34,1
14,35,1
14,36,1
14,37,3
14,38,2
14,39,1
14,40,2
14,41,1
14,42,1
14,43,1
14,44,1
14,45,1
14,46,1
14,47,2
14,48,1
14,49,1
14,50,4
14,51,3
14,52,1
14,53,2
14,54,1
14,55,1
14,56,1
14,57,3
14,58,1
14,59,1
14,60,1
14,61,2
14,62,1
14,63,1
14,64,1
14,65,1
14,66,1
14,67,1
14,68,1
14,69,1
14,70,1
14,71,1
14,72,1
14,73,2
14,74,1
14,75,1
14,76,1
14,77,1
14,78,2
14,79,1
14,80,1
14,81,1
14,82,1
14,83,1
14,84,1
14,85,1
14,86,1
14,87,1
14,88,1
14,89,1
14,90,1
14,3,1
15,26,37
15,1,8
15,2,23
15,3,16
15,4,1
15,5,43
15,6,1
15,7,18
15,8,5
15,9,20
15,29,25
15,11,2
15,12,28
15,13,35
15,14,21
15,15,1
15,16,19
15,17,7
15,18,1
15,19,1
15,20,1
15,21,1
15,22,4
15,23,1
15,24,10
15,25,11
15,28,1
15,30,1
15,31,9
15,32,5
15,33,2
15,34,3
15,35,1
15,36,2
15,37,2
15,38,1
15,39,1
15,40,6
15,41,1
15,42,3
15,43,1
15,44,1
15,45,2
15,46,2
15,47,2
15,48,1
15,49,1
15,50,1
15,51,1
15,52,1
15,53,1
15,54,6
15,55,2
15,56,1
15,57,1
15,58,1
15,59,1
15,60,2
15,61,1
15,62,1
15,63,1
15,64,1
15,65,1
15,66,1
15,67,1
15,68,1
15,69,5
15,70,1
15,71,1
15,72,1
15,73,1
15,74,1
15,75,1
15,76,1
15,77,1
15,78,1
15,79,8
15,80,4
15,81,1
15,82,5
15,83,1
15,84,1
15,85,1
15,86,2
15,87,1
15,88,1
15,89,1
15,90,1
15,91,1
15,92,1
15,93,1
15,94,1
15,95,1
15,96,1
15,97,1
15,98,1
15,99,1
15,100,4
15,101,1
15,102,1
15,103,1
15,104,2
15,105,3
15,106,3
15,107,1
15,108,1
15,109,1
15,110,1
15,111,2
15,112,2
15,113,1
15,114,1
15,115,1
15,116,1
15,117,1
15,118,2
15,119,1
15,120,1
15,121,1
15,122,1
15,123,1
15,124,1
15,125,3
15,126,1
15,127,1
15,128,1
15,129,1
15,130,1
15,131,1
15,132,1
15,133,1
15,134,1
15,135,1
15,136,1
15,137,1
15,138,1
15,139,1
15,140,1
15,141,1
15,142,1
15,143,1
15,144,1
15,145,1
15,146,1
15,147,1
15,148,3
15,149,1
15,150,1
15,151,1
15,152,1
15,153,1
15,154,2
15,155,1
15,156,1
15,157,1
15,158,1
15,159,1
15,160,1
15,161,2
15,162,1
15,163,1
15,164,1
15,165,1
15,166,1
15,167,1
15,168,3
15,169,1
15,170,1
15,171,1
15,172,1
15,173,1
15,174,1
15,175,1
15,176,2
15,177,1
15,178,1
15,179,1
15,180,1
15,181,1
15,182,1
15,183,1
15,184,1
15,185,1
15,186,1
15,187,1
15,188,1
15,189,1
15,190,1
15,191,1
15,192,1
15,193,1
15,194,1
15,195,1
15,196,1
15,197,1
15,198,1
15,199,1
15,200,1
15,201,1
15,202,1
15,203,1
15,204,1
15,205,1
15,206,1
15,207,1
15,208,1
15,209,1
15,210,1
15,211,1
15,212,1
15,213,1
15,214,1
15,215,1
15,216,1
15,217,1
15,218,1
15,219,1
15,220,1
15,221,1
15,222,1
15,223,1
15,224,1
15,225,1
15,226,1
15,227,1
15,228,1
15,229,1
15,230,1
15,27,1
15,0,1
15,10,1
16,0,1
16,1,17
16,36,16
16,3,31
16,4,1
16,5,1
16,6,1
16,7,30
16,65,16
16,9,18
16,10,1
16,11,17
16,12,3
16,14,1
16,16,17
16,17,3
16,18,2
16,19,1
16,20,1
16,52,22
16,67,22
16,24,4
16,25,1
16,27,4
16,29,2
16,34,19
16,32,9
16,35,2
16,37,1
16,38,2
16,39,1
16,40,1
16,41,9
16,42,3
16,43,1
16,44,1
16,45,5
16,23,8
16,47,1
16,48,1
16,49,3
16,51,1
16,53,2
16,54,2
16,55,2
16,57,2
16,58,3
16,59,1
16,60,1
16,61,1
16,62,4
16,63,1
16,64,1
16,66,1
16,69,1
16,70,1
16,71,1
16,72,1
16,73,1
16,74,1
16,75,1
16,76,2
16,77,1
16,78,1
16,79,1
16,80,1
16,81,1
16,82,13
16,83,1
16,84,2
16,85,1
16,86,1
16,87,1
16,88,1
16,89,2
16,90,2
16,92,1
16,93,2
16,94,2
16,95,2
16,97,2
16,98,1
16,99,2
16,100,1
16,101,3
16,102,1
16,103,1
16,104,1
16,105,1
16,106,1
16,107,1
16,108,3
16,109,1
16,110,2
16,111,1
16,112,1
16,113,1
16,114,1
16,115,1
16,116,2
16,117,2
16,118,1
16,119,1
16,120,1
16,121,1
16,122,1
16,123,1
16,124,2
16,125,1
16,126,1
16,127,1
16,128,1
16,129,1
16,130,1
16,131,3
16,132,1
16,133,1
16,134,1
16,135,1
16,136,1
16,137,1
16,138,2
16,139,1
16,140,1
16,141,1
16,142,1
16,143,1
16,144,1
16,145,1
16,146,1
16,147,1
16,148,1
16,150,1
16,151,1
16,152,1
16,153,1
16,154,1
16,155,1
16,156,1
16,157,1
16,158,1
16,159,1
16,160,1
16,161,2
16,162,1
16,163,1
16,164,1
16,165,1
16,166,1
16,167,2
16,168,1
16,169,1
16,170,1
16,171,1
16,172,1
16,173,1
16,174,1
16,175,1
16,176,1
16,177,3
16,178,1
16,179,1
16,180,1
16,181,2
16,182,1
16,183,1
16,184,1
16,185,2
16,186,1
16,187,1
16,188,1
16,189,1
16,190,1
16,191,1
16,192,1
16,193,1
16,194,1
16,195,1
16,196,1
16,197,1
16,198,1
16,199,1
16,200,1
16,201,1
16,202,1
16,203,1
16,204,1
16,205,1
16,206,1
16,207,1
16,208,1
16,209,1
16,210,1
16,211,1
16,212,1
16,213,1
16,214,1
16,215,1
16,216,1
16,217,1
16,218,1
16,219,1
16,220,1
16,221,1
16,222,1
16,223,1
16,96,1
16,33,1
16,2,1
16,68,1
16,8,1
16,13,1
16,46,1
16,15,1
16,50,1
16,21,1
16,22,1
16,149,1
16,56,1
16,26,1
16,91,1
16,28,1
16,30,1
16,31,1
17,0,2
17,1,1
17,2,1
17,3,37
17,4,36
17,5,38
17,11,34
17,8,1
17,9,18
17,10,27
17,78,43
17,26,36
17,14,5
17,16,14
17,17,17
17,18,26
17,19,1
17,20,27
17,21,3
17,22,36
17,23,15
17,24,3
17,25,26
17,27,3
17,28,1
17,29,1
17,30,1
17,31,3
17,38,24
17,33,9
17,34,3
17,35,1
17,36,5
17,39,9
17,41,1
17,42,3
17,43,1
17,44,9
17,46,1
17,47,1
17,48,2
17,49,1
17,50,1
17,51,12
17,52,1
17,53,2
17,54,1
17,55,2
17,56,1
17,57,2
17,58,6
17,59,3
17,60,1
17,61,3
17,62,8
17,63,13
17,64,1
17,65,5
17,66,1
17,67,1
17,68,1
17,69,2
17,70,2
17,71,1
17,72,2
17,73,1
17,74,1
17,75,8
17,76,1
17,77,3
17,79,9
17,80,3
17,81,1
17,82,1
17,84,1
17,85,1
17,86,1
17,87,1
17,88,5
17,89,3
17,90,1
17,91,2
17,92,2
17,102,19
17,94,1
17,95,1
17,96,1
17,97,2
17,98,1
17,99,1
17,100,5
17,101,1
17,103,1
17,104,2
17,105,2
17,106,2
17,107,1
17,108,1
17,109,2
17,110,1
17,111,1
17,112,5
17,113,1
17,114,2
17,115,1
17,116,3
17,117,1
17,118,1
17,119,4
17,120,1
17,121,2
17,122,1
17,123,1
17,124,2
17,125,1
17,126,1
17,127,3
17,128,1
17,129,1
17,130,2
17,131,2
17,132,1
17,133,1
17,134,1
17,135,4
17,136,1
17,137,1
17,138,1
17,139,1
17,140,1
17,141,1
17,142,1
17,143,1
17,144,1
17,145,1
17,146,1
17,147,1
17,148,1
17,149,1
17,150,1
17,151,1
17,152,1
17,153,1
17,154,1
17,155,1
17,156,1
17,157,1
17,158,1
17,159,2
17,160,1
17,161,1
17,162,1
17,163,1
17,164,1
17,165,1
17,166,1
17,167,1
17,168,1
17,169,1
17,170,1
17,171,1
17,172,1
17,173,1
17,174,1
17,175,1
17,176,4
17,177,1
17,178,1
17,179,1
17,180,2
17,181,1
17,182,1
17,183,1
17,184,1
17,185,1
17,186,1
17,187,1
17,188,1
17,189,1
17,190,1
17,191,1
17,192,1
17,193,1
17,194,2
17,195,1
17,196,1
17,197,1
17,32,1
17,37,1
17,6,1
17,7,2
17,40,1
17,12,1
17,13,1
17,45,1
17,15,1
17,83,1
17,93,1
18,0,1
18,1,29
18,2,8
18,3,1
18,4,11
18,5,11
18,6,27
18,7,1
18,8,1
18,10,1
18,11,9
18,27,19
18,13,9
18,15,1
18,16,1
18,17,12
18,18,17
18,19,3
18,20,12
18,21,1
18,22,18
18,23,2
18,24,1
18,26,9
18,40,14
18,30,4
18,31,2
18,51,11
18,33,1
18,34,2
18,50,13
18,37,1
18,38,5
18,39,5
18,41,1
18,42,5
18,43,1
18,44,2
18,45,3
18,46,2
18,47,1
18,48,1
18,49,1
18,52,1
18,54,2
18,56,1
18,57,1
18,58,1
18,59,1
18,60,5
18,61,1
18,62,1
18,64,1
18,65,2
18,66,1
18,67,1
18,68,1
18,69,2
18,70,1
18,71,1
18,72,1
18,73,1
18,74,1
18,75,3
18,76,3
18,77,1
18,78,2
18,79,4
18,80,1
18,81,1
18,82,1
18,84,1
18,85,1
18,86,2
18,87,1
18,88,4
18,89,1
18,90,1
18,91,1
18,92,2
18,93,1
18,94,1
18,95,1
18,96,1
18,97,1
18,98,1
18,99,3
18,100,1
18,101,1
18,102,1
18,103,1
18,104,2
18,105,1
18,106,1
18,107,1
18,108,1
18,109,1
18,110,1
18,111,1
18,112,2
18,113,1
18,114,1
18,115,1
18,116,1
18,117,1
18,118,1
18,119,2
18,120,1
18,121,1
18,122,1
18,123,1
18,124,1
18,125,1
18,29,1
18,63,1
18,32,1
18,35,1
18,36,1
18,9,1
18,12,1
18,14,2
18,83,1
18,53,1
18,55,1
18,25,1
18,28,1
19,0,20
19,1,46
19,2,2
19,3,5
19,4,27
19,5,2
19,6,5
19,16,30
19,8,11
19,9,26
19,10,20
19,11,2
19,12,26
19,13,6
19,14,5
19,15,17
19,17,1
19,18,29
19,19,26
19,20,29
19,21,1
19,22,3
19,23,9
19,24,4
19,25,1
19,26,4
19,28,1
19,29,1
19,30,1
19,31,3
19,32,15
19,33,3
19,34,6
19,35,2
19,36,18
19,38,7
19,39,3
19,40,2
19,41,3
19,42,2
19,43,1
19,44,1
19,45,2
19,46,4
19,47,4
19,48,10
19,49,1
19,50,5
19,51,2
19,52,31
19,53,5
19,54,17
19,56,1
19,57,2
19,58,7
19,59,2
19,60,1
19,61,9
19,62,1
19,63,2
19,64,2
19,65,1
19,66,2
19,67,1
19,68,3
19,69,2
19,70,2
19,71,1
19,72,1
19,73,1
19,74,2
19,75,1
19,76,4
19,77,2
19,78,1
19,79,1
19,80,1
19,81,1
19,82,5
19,83,1
19,84,1
19,85,3
19,86,5
19,87,6
19,88,1
19,89,1
19,90,1
19,91,6
19,92,2
19,93,2
19,94,1
19,95,1
19,96,1
19,97,1
19,98,7
19,99,1
19,100,8
19,101,1
19,102,1
19,103,1
19,104,1
19,105,7
19,106,1
19,107,1
19,108,1
19,109,1
19,110,1
19,111,1
19,112,1
19,113,1
19,114,1
19,115,3
19,116,1
19,117,1
19,118,3
19,119,1
19,120,1
19,121,2
19,122,1
19,123,1
19,124,1
19,125,2
19,126,1
19,127,1
19,128,2
19,129,2
19,130,2
19,131,1
19,132,1
19,133,2
19,134,1
19,135,2
19,136,1
19,137,1
19,138,1
19,139,3
19,140,1
19,141,1
19,142,1
19,143,1
19,144,1
19,145,1
19,146,1
19,147,3
19,148,1
19,149,1
19,150,1
19,151,2
19,152,2
19,153,1
19,154,1
19,155,2
19,156,1
19,157,1
19,158,1
19,159,1
19,160,1
19,161,1
19,162,1
19,163,1
19,164,2
19,165,1
19,166,2
19,167,1
19,168,1
19,169,1
19,170,1
19,171,1
19,172,1
19,173,1
19,174,1
19,175,3
19,176,1
19,177,1
19,178,1
19,179,1
19,180,1
19,181,1
19,182,1
19,183,1
19,184,1
19,185,1
19,186,2
19,187,1
19,188,1
19,189,1
19,190,1
19,191,1
19,192,1
19,193,1
19,194,1
19,195,1
19,196,1
19,197,1
19,37,1
19,7,1
19,55,1
19,27,1
20,0,1
20,1,5
20,2,15
20,3,39
20,4,34
20,5,1
20,15,33
20,7,23
20,8,15
20,9,1
20,10,25
20,11,24
20,12,9
20,13,3
20,14,24
20,16,1
20,17,29
20,18,1
20,19,23
20,20,1
20,21,34
20,22,16
20,23,26
20,24,30
20,25,2
20,26,9
20,27,1
20,28,17
20,29,28
20,30,1
20,31,1
20,32,1
20,91,30
20,34,2
20,35,2
20,36,1
20,37,1
20,38,1
20,39,1
20,40,5
20,41,1
20,43,1
20,44,1
20,45,10
20,46,6
20,47,2
20,48,4
20,49,1
20,50,2
20,51,1
20,52,1
20,53,1
20,54,1
20,55,1
20,56,1
20,57,11
20,58,2
20,59,4
20,60,1
20,61,1
20,62,3
20,63,1
20,65,1
20,66,1
20,67,1
20,68,2
20,69,3
20,70,1
20,71,1
20,72,1
20,73,1
20,75,1
20,76,1
20,77,1
20,78,3
20,79,1
20,80,1
20,81,1
20,82,1
20,83,1
20,84,10
20,85,1
20,86,15
20,87,1
20,88,1
20,89,1
20,90,1
20,92,1
20,93,1
20,94,1
20,95,2
20,96,1
20,97,4
20,98,1
20,99,1
20,100,1
20,101,1
20,102,1
20,103,1
20,104,2
20,105,1
20,106,2
20,107,1
20,108,3
20,109,1
20,110,1
20,111,1
20,112,1
20,113,1
20,114,1
20,115,1
20,116,2
20,117,1
20,118,1
20,119,1
20,120,1
20,121,1
20,122,2
20,123,1
20,124,1
20,125,1
20,126,3
20,127,1
20,128,1
20,129,1
20,130,1
20,131,1
20,132,1
20,133,1
20,134,1
20,135,1
20,136,1
20,137,1
20,138,1
20,139,1
20,140,1
20,141,1
20,142,3
20,143,1
20,144,1
20,145,1
20,146,1
20,147,1
20,148,1
20,149,1
20,150,1
20,151,1
20,152,1
20,153,2
20,154,1
20,155,1
20,156,1
20,157,1
20,158,1
20,159,2
20,160,2
20,161,3
20,162,1
20,163,1
20,164,1
20,165,1
20,166,5
20,167,1
20,168,1
20,169,1
20,170,1
20,171,1
20,172,1
20,173,1
20,174,2
20,175,1
20,176,1
20,177,1
20,178,1
20,179,1
20,180,1
20,181,1
20,182,1
20,183,1
20,184,1
20,185,1
20,186,1
20,187,1
20,188,1
20,189,1
20,190,1
20,191,1
20,192,1
20,193,1
20,194,1
20,195,1
20,196,2
20,197,1
20,198,1
20,199,1
20,200,1
20,201,1
20,202,1
20,203,1
20,204,1
20,205,1
20,206,1
20,207,1
20,208,1
20,209,1
20,210,1
20,211,1
20,212,1
20,213,1
20,214,1
20,215,1
20,216,1
20,217,4
20,218,1
20,219,1
20,220,1
20,221,1
20,222,1
20,223,1
20,224,1
20,225,1
20,226,1
20,227,2
20,228,1
20,229,1
20,230,1
20,231,1
20,232,1
20,233,1
20,234,1
20,235,1
20,236,1
20,237,2
20,238,1
20,239,1
20,240,1
20,241,1
20,242,1
20,243,2
20,244,1
20,245,1
20,246,1
20,247,1
20,248,1
20,249,1
20,250,1
20,251,1
20,252,1
20,253,2
20,254,1
20,255,1
20,256,1
20,257,1
20,258,1
20,259,2
20,260,1
20,261,1
20,262,1
20,263,1
20,264,1
20,265,1
20,266,1
20,267,1
20,268,1
20,269,1
20,270,1
20,271,1
20,272,1
20,273,1
20,274,1
20,275,1
20,276,1
20,277,1
20,278,1
20,279,1
20,280,1
20,281,1
20,282,1
20,283,1
20,284,1
20,285,1
20,286,1
20,287,1
20,288,1
20,289,1
20,290,1
20,291,1
20,292,1
20,293,1
20,294,1
20,295,1
20,296,1
20,297,1
20,298,1
20,299,1
20,300,1
20,301,1
20,302,1
20,303,1
20,304,1
20,305,1
20,306,1
20,307,1
20,308,1
20,309,1
20,310,1
20,311,1
20,312,1
20,313,1
20,314,1
20,315,1
20,316,1
20,317,1
20,318,1
20,319,1
20,320,1
20,321,1
20,322,2
20,323,1
20,324,1
20,325,1
20,326,1
20,64,1
20,33,1
20,6,1
20,42,1
20,74,1
21,0,20
21,1,11
21,2,1
21,3,1
21,4,1
21,18,40
21,52,17
21,7,67
21,79,11
21,86,20
21,10,1
21,11,28
21,12,15
21,13,2
21,14,1
21,15,2
21,16,41
21,17,5
21,30,16
21,19,1
21,20,1
21,21,1
21,22,1
21,23,3
21,25,1
21,26,23
21,27,2
21,29,1
21,31,1
21,33,1
21,34,13
21,35,1
21,37,1
21,38,1
21,39,1
21,40,1
21,41,3
21,42,1
21,43,1
21,44,2
21,45,1
21,46,8
21,47,1
21,48,1
21,49,1
21,50,1
21,51,1
21,113,18
21,53,1
21,54,1
21,56,5
21,57,1
21,58,1
21,59,1
21,60,1
21,61,1
21,62,1
21,63,1
21,64,1
21,65,1
21,66,1
21,67,1
21,68,1
21,69,1
21,70,3
21,71,2
21,72,1
21,73,3
21,74,1
21,75,1
21,76,1
21,77,1
21,78,1
21,80,1
21,81,1
21,82,8
21,83,1
21,85,1
21,87,14
21,88,1
21,89,3
21,90,1
21,91,5
21,92,1
21,93,1
21,94,1
21,95,1
21,96,2
21,97,1
21,98,5
21,99,1
21,100,1
21,101,1
21,102,1
21,103,1
21,104,1
21,105,1
21,131,9
21,107,1
21,108,1
21,109,2
21,110,1
21,111,1
21,112,1
21,114,2
21,115,1
21,116,1
21,118,1
21,120,1
21,121,1
21,122,1
21,124,1
21,125,1
21,126,1
21,127,1
21,128,1
21,129,3
21,130,1
21,132,1
21,133,1
21,134,1
21,135,1
21,136,1
21,137,1
21,138,1
21,139,1
21,140,2
21,141,2
21,142,1
21,143,1
21,144,3
21,145,1
21,146,1
21,147,1
21,148,1
21,149,1
21,150,1
21,151,1
21,152,1
21,153,2
21,154,1
21,155,1
21,156,1
21,157,1
21,158,1
21,159,1
21,160,1
21,161,1
21,162,1
21,163,1
21,164,1
21,165,1
21,166,1
21,167,1
21,168,1
21,169,1
21,170,1
21,171,1
21,172,1
21,173,1
21,174,1
21,175,1
21,176,1
21,177,1
21,178,1
21,179,1
21,180,1
21,181,1
21,182,1
21,183,1
21,184,1
21,185,1
21,186,1
21,187,1
21,188,1
21,189,1
21,190,1
21,191,1
21,192,1
21,193,1
21,194,1
21,195,1
21,196,1
21,197,1
21,198,1
21,199,1
21,200,1
21,201,1
21,202,1
21,203,1
21,204,1
21,205,2
21,206,1
21,207,1
21,208,1
21,209,1
21,210,1
21,211,1
21,212,1
21,213,1
21,214,1
21,215,1
21,216,1
21,217,1
21,218,1
21,219,1
21,220,1
21,221,1
21,222,1
21,223,1
21,224,1
21,225,1
21,226,1
21,227,1
21,228,1
21,229,1
21,230,1
21,231,1
21,232,1
21,233,1
21,234,1
21,235,1
21,236,1
21,237,1
21,32,1
21,36,1
21,5,1
21,6,1
21,8,1
21,9,1
21,106,1
21,84,1
21,117,1
21,119,1
21,55,1
21,24,1
21,123,1
21,28,1
22,0,325
22,1,37
22,2,140
22,3,24
22,4,20
22,5,28
22,6,4
22,7,30
22,8,8
22,9,3
22,10,71
22,11,6
22,12,6
22,13,1
22,14,8
22,15,4
22,16,1
22,17,1
22,18,31
22,19,3
22,21,11
22,22,2
22,23,20
22,25,10
22,26,3
22,27,1
22,28,3
22,29,1
22,30,4
22,31,9
22,32,1
22,33,5
22,34,4
22,35,8
22,36,1
22,37,37
22,38,1
22,39,2
22,40,33
22,41,1
22,42,22
22,43,5
22,44,1
22,45,6
22,46,1
22,47,1
22,48,1
22,49,1
22,50,1
22,51,5
22,52,1
22,53,4
22,54,17
22,55,1
22,56,3
22,57,1
22,58,4
22,59,5
22,60,8
22,61,5
22,62,7
22,63,3
22,64,1
22,65,1
22,66,8
22,67,1
22,68,8
22,69,2
22,70,3
22,71,5
22,72,1
22,73,1
22,74,1
22,75,1
22,76,5
22,77,3
22,78,9
22,79,5
22,80,1
22,81,1
22,82,7
22,83,1
22,84,6
22,85,1
22,86,1
22,87,3
22,88,5
22,89,2
22,90,7
22,91,3
22,92,9
22,93,4
22,94,1
22,95,1
22,96,1
22,97,6
22,98,1
22,99,2
22,100,1
22,101,1
22,102,1
22,103,1
22,104,1
22,105,1
22,106,1
22,107,1
22,108,12
22,109,3
22,110,1
22,111,1
22,112,1
22,113,1
22,114,1
22,115,1
22,116,1
22,117,1
22,118,3
22,119,1
22,120,1
22,121,33
22,122,4
22,123,10
22,124,1
22,125,5
22,126,1
22,127,1
22,128,2
22,129,1
22,130,1
22,131,2
22,132,1
22,133,8
22,134,5
22,135,1
22,136,3
22,137,1
22,138,2
22,139,1
22,140,1
22,141,1
22,142,1
22,143,1
22,144,1
22,145,1
22,146,8
22,147,1
22,148,5
22,149,1
22,150,1
22,151,1
22,152,1
22,153,1
22,154,2
22,155,1
22,156,2
22,157,1
22,158,5
22,159,1
22,160,1
22,161,1
22,162,1
22,163,1
22,164,1
22,165,5
22,166,1
22,167,1
22,168,1
22,169,4
22,170,1
22,171,2
22,172,1
22,173,1
22,174,4
22,175,1
22,176,1
22,177,1
22,178,1
22,179,1
22,180,4
22,181,1
22,182,1
22,183,4
22,184,1
22,185,1
22,186,4
22,187,1
22,188,1
22,189,1
22,190,3
22,191,1
22,192,1
22,193,1
22,194,6
22,195,3
22,196,1
22,197,1
22,198,1
22,199,5
22,200,1
22,201,1
22,202,1
22,203,1
22,204,1
22,205,2
22,206,2
22,207,1
22,208,1
22,209,1
22,210,1
22,211,1
22,212,1
22,213,1
22,214,1
22,215,1
22,216,4
22,217,4
22,218,1
22,219,1
22,220,7
22,221,1
22,222,7
22,223,1
22,224,1
22,225,4
22,226,2
22,227,1
22,228,1
22,229,1
22,230,5
22,231,1
22,232,1
22,233,1
22,234,1
22,235,2
22,236,2
22,237,1
22,238,2
22,239,1
22,240,1
22,241,1
22,242,1
22,243,7
22,244,1
22,245,1
22,246,3
22,247,1
22,248,1
22,249,1
22,250,1
22,251,1
22,252,1
22,253,1
22,254,2
22,255,2
22,256,1
22,257,1
22,258,1
22,259,1
22,260,1
22,261,1
22,262,1
22,263,1
22,264,1
22,265,1
22,266,1
22,267,1
22,268,1
22,269,1
22,270,1
22,271,3
22,272,1
22,273,1
22,274,1
22,275,2
22,276,1
22,277,1
22,278,1
22,279,1
22,280,1
22,281,3
22,282,1
22,283,1
22,284,1
22,285,1
22,286,1
22,287,1
22,288,1
22,289,1
22,290,2
22,291,1
22,292,1
22,293,1
22,294,1
22,295,1
22,296,1
22,297,1
22,298,1
22,299,1
22,300,1
22,301,3
22,302,1
22,303,1
22,304,1
22,305,1
22,306,1
22,307,1
22,308,1
22,309,1
22,310,1
22,311,1
22,312,1
22,313,1
22,314,1
22,315,2
22,316,4
22,317,1
22,318,1
22,319,1
22,320,1
22,321,1
22,322,1
22,323,1
22,324,1
22,325,1
22,326,1
22,327,1
22,328,1
22,329,1
22,330,1
22,331,1
22,332,2
22,333,1
22,334,1
22,335,1
22,336,1
22,337,1
22,338,1
22,339,2
22,340,1
22,341,1
22,342,1
22,343,1
22,344,3
22,345,1
22,346,1
22,347,1
22,348,1
22,349,1
22,350,1
22,351,1
22,352,1
22,353,1
22,354,1
22,355,1
22,356,1
22,357,1
22,358,1
22,359,1
22,360,2
22,361,1
22,362,1
22,363,1
22,364,1
22,365,1
22,366,1
22,367,1
22,368,1
22,369,1
22,370,1
22,371,1
22,372,1
22,373,1
22,374,1
22,375,1
22,376,1
22,377,1
22,378,1
22,379,1
22,380,1
22,381,1
22,382,1
22,383,1
22,384,1
22,385,1
22,386,1
22,387,1
22,388,1
22,389,1
22,390,1
22,391,1
22,392,1
22,393,1
22,394,1
22,395,1
22,396,2
22,397,1
22,398,1
22,399,1
22,400,1
22,401,1
22,402,1
22,403,1
22,404,1
22,405,1
22,406,1
22,407,1
22,408,1
22,409,1
22,410,2
22,411,2
22,412,1
22,413,1
22,414,1
22,415,1
22,416,1
22,417,1
22,418,1
22,419,1
22,420,1
22,421,1
22,422,1
22,423,1
22,424,1
22,425,1
22,426,1
22,427,1
22,428,1
22,429,1
22,430,1
22,431,1
22,432,1
22,433,1
22,434,1
22,435,1
22,436,1
22,437,1
22,438,2
22,439,1
22,440,1
22,441,1
22,442,1
22,443,1
22,444,2
22,445,1
22,446,1
22,447,1
22,448,1
22,449,1
22,450,1
22,451,1
22,452,1
22,453,1
22,454,1
22,455,1
22,456,1
22,457,1
22,458,1
22,459,1
22,460,3
22,461,1
22,462,1
22,463,1
22,464,1
22,465,1
22,466,1
22,467,2
22,468,1
22,469,1
22,470,1
22,471,1
22,472,1
22,473,1
22,474,1
22,475,1
22,476,1
22,477,1
22,478,1
22,479,1
22,480,1
22,481,1
22,482,1
22,483,1
22,484,1
22,485,1
22,486,1
22,487,1
22,488,1
22,489,1
22,490,1
22,491,1
22,492,1
22,493,1
22,494,1
22,495,1
22,496,1
22,497,1
22,498,1
22,499,1
22,500,1
22,501,1
22,502,1
22,503,1
22,504,1
22,505,1
22,506,1
22,507,1
22,508,2
22,509,1
22,510,1
22,511,1
22,512,1
22,513,1
22,514,1
22,515,1
22,516,1
22,517,1
22,518,1
22,519,1
22,520,1
22,521,1
22,522,1
22,523,1
22,524,1
22,525,1
22,526,1
22,527,1
22,528,1
22,529,1
22,530,1
22,531,1
22,532,1
22,533,1
22,534,1
22,535,1
22,24,1
22,20,1
23,0,27
23,1,27
23,2,55
23,30,19
23,5,25
23,6,56
23,7,58
23,8,1
23,22,21
23,10,20
23,11,3
23,12,30
23,35,26
23,14,35
23,16,1
23,17,13
23,18,29
23,19,1
23,20,2
23,49,37
23,23,5
23,24,1
23,25,34
23,26,1
23,27,4
23,28,1
23,29,51
23,76,26
23,32,1
23,33,1
23,69,31
23,36,1
23,37,2
23,39,1
23,40,10
23,41,6
23,42,25
23,53,32
23,45,1
23,46,1
23,47,8
23,48,24
23,50,28
23,52,1
23,82,33
23,55,1
23,56,3
23,57,1
23,58,48
23,83,35
23,61,4
23,62,4
23,64,5
23,65,1
23,66,6
23,67,4
23,68,2
23,70,1
23,71,6
23,72,3
23,102,23
23,74,3
23,75,1
23,77,1
23,78,1
23,79,10
23,80,2
23,81,1
23,84,1
23,85,1
23,86,4
23,87,3
23,88,1
23,89,2
23,90,7
23,91,5
23,92,1
23,93,1
23,94,1
23,95,1
23,96,1
23,97,1
23,98,1
23,99,8
23,100,1
23,101,1
23,103,1
23,104,1
23,105,1
23,106,1
23,107,1
23,109,1
23,110,1
23,111,2
23,112,3
23,113,3
23,114,1
23,115,1
23,116,2
23,117,2
23,118,4
23,119,1
23,120,3
23,121,1
23,122,6
23,123,1
23,124,1
23,125,1
23,126,4
23,127,1
23,128,1
23,129,1
23,130,1
23,131,4
23,132,2
23,133,1
23,134,1
23,135,1
23,136,1
23,137,1
23,138,1
23,139,1
23,140,3
23,141,1
23,142,1
23,143,2
23,144,1
23,145,1
23,146,1
23,147,1
23,148,2
23,149,1
23,150,2
23,151,1
23,152,1
23,153,1
23,154,1
23,155,1
23,156,1
23,157,2
23,158,1
23,159,1
23,160,1
23,161,1
23,162,1
23,163,1
23,164,1
23,165,5
23,166,1
23,167,1
23,168,1
23,169,1
23,170,1
23,171,2
23,172,1
23,173,1
23,174,3
23,175,1
23,176,1
23,177,1
23,178,3
23,179,1
23,180,1
23,181,1
23,182,1
23,183,1
23,184,1
23,185,1
23,186,1
23,187,1
23,188,1
23,189,2
23,190,1
23,191,1
23,192,1
23,193,1
23,194,1
23,195,1
23,196,1
23,197,1
23,198,1
23,199,1
23,200,1
23,201,2
23,202,1
23,203,1
23,204,1
23,205,1
23,206,1
23,207,1
23,208,1
23,209,1
23,9,1
23,73,1
23,43,1
23,44,1
23,13,1
23,108,1
23,15,1
23,51,1
23,21,1
23,54,1
23,59,1
23,60,1
23,63,1
23,31,1
23,34,1
23,3,1
23,4,1
23,38,1
24,0,70
24,1,8
24,2,13
24,3,37
24,4,7
24,6,15
24,7,1
24,8,41
24,9,30
24,10,1
24,11,29
24,12,18
24,36,34
24,14,47
24,33,23
24,16,6
24,23,42
24,18,60
24,19,2
24,20,32
24,22,2
24,24,15
24,25,2
24,17,40
24,27,1
24,28,3
24,30,30
24,45,34
24,32,2
24,34,1
24,37,10
24,38,18
24,39,1
24,40,1
24,41,22
24,42,1
24,43,2
24,54,25
24,46,1
24,51,8
24,52,5
24,53,3
24,56,2
24,57,1
24,58,2
24,59,1
24,60,1
24,61,1
24,62,1
24,63,1
24,65,4
24,66,2
24,67,1
24,68,27
24,69,1
24,71,1
24,73,1
24,74,39
24,75,1
24,76,1
24,77,2
24,79,1
24,80,2
24,81,1
24,83,8
24,84,2
24,85,1
24,86,1
24,87,4
24,88,1
24,89,4
24,90,1
24,91,1
24,92,1
24,93,11
24,94,2
24,95,3
24,96,2
24,97,1
24,98,1
24,99,5
24,100,1
24,101,1
24,102,1
24,103,1
24,104,2
24,106,1
24,107,3
24,108,4
24,109,1
24,110,6
24,111,1
24,112,1
24,113,1
24,114,1
24,115,4
24,116,7
24,118,1
24,119,1
24,120,1
24,121,4
24,122,1
24,123,1
24,124,1
24,125,1
24,126,3
24,127,1
24,128,1
24,129,1
24,130,2
24,131,1
24,132,3
24,133,13
24,134,1
24,135,1
24,136,1
24,137,3
24,138,1
24,139,1
24,140,2
24,141,1
24,142,1
24,143,1
24,144,1
24,145,1
24,146,6
24,147,1
24,148,1
24,149,1
24,150,1
24,151,1
24,152,1
24,153,1
24,154,1
24,155,1
24,156,1
24,157,2
24,158,1
24,159,1
24,160,4
24,161,1
24,162,1
24,163,1
24,164,1
24,165,1
24,166,1
24,167,1
24,168,1
24,169,1
24,170,1
24,171,1
24,172,4
24,173,1
24,174,2
24,175,1
24,176,1
24,177,2
24,178,1
24,179,3
24,180,1
24,181,1
24,182,1
24,183,1
24,184,1
24,185,1
24,186,1
24,187,1
24,188,1
24,189,1
24,190,1
24,191,1
24,192,1
24,193,1
24,194,1
24,195,1
24,196,1
24,197,1
24,198,4
24,199,1
24,200,1
24,201,1
24,202,1
24,203,1
24,204,1
24,205,1
24,206,1
24,207,1
24,208,1
24,209,1
24,210,2
24,211,1
24,212,1
24,213,1
24,214,1
24,215,1
24,216,1
24,217,3
24,218,1
24,219,1
24,220,1
24,221,1
24,222,1
24,223,1
24,224,1
24,225,1
24,226,1
24,227,1
24,228,1
24,229,1
24,230,1
24,231,1
24,232,1
24,233,1
24,234,1
24,235,1
24,236,1
24,237,1
24,238,1
24,239,1
24,240,1
24,241,1
24,242,1
24,243,1
24,244,1
24,245,1
24,246,1
24,247,1
24,248,2
24,249,1
24,250,1
24,251,1
24,252,2
24,253,1
24,105,1
24,117,1
24,5,1
24,13,1
24,15,1
24,21,1
24,26,1
24,29,1
24,31,1
24,35,1
24,44,1
24,47,1
24,48,1
24,49,1
24,50,1
24,55,1
24,64,1
24,70,1
24,72,1
24,78,1
24,82,1
25,0,19
25,1,29
25,2,1
25,3,1
25,4,67
25,5,75
25,6,26
25,7,18
25,8,10
25,9,1
25,10,1
25,11,1
25,12,1
25,13,1
25,14,1
25,15,21
25,16,1
25,17,29
25,18,1
25,19,29
25,20,33
25,21,1
25,22,1
25,23,5
25,24,1
25,25,2
25,26,5
25,27,1
25,29,2
25,30,16
25,31,2
25,32,1
25,33,1
25,34,5
25,35,2
25,36,1
25,37,1
25,38,1
25,39,16
25,40,3
25,41,2
25,42,1
25,43,1
25,44,1
25,45,1
25,46,2
25,47,2
25,48,1
25,49,1
25,50,1
25,51,1
25,52,2
25,53,1
25,54,2
25,55,1
25,56,1
25,57,1
25,58,2
25,59,3
25,60,1
25,61,1
25,62,1
25,63,1
25,64,1
25,65,1
25,66,1
25,67,1
25,68,1
25,69,1
25,70,1
25,71,1
25,72,1
25,73,4
25,74,1
25,75,1
25,76,1
25,77,1
25,78,3
25,79,1
25,80,1
25,81,1
25,82,1
25,83,1
25,84,1
25,85,2
25,86,1
25,87,1
25,88,2
25,89,1
25,90,1
25,91,1
25,92,2
25,93,1
25,94,1
25,95,1
25,96,2
25,97,1
25,98,1
25,99,1
25,100,1
25,101,1
25,102,1
25,103,1
25,104,2
25,105,1
25,106,2
25,107,1
25,108,1
25,109,1
25,110,1
25,111,2
25,112,1
25,113,1
25,114,1
25,115,1
25,116,1
25,117,1
25,118,2
25,119,1
25,120,2
25,121,1
25,122,1
25,123,1
25,124,1
25,125,1
25,126,1
25,127,1
25,128,1
25,129,1
25,130,1
25,131,1
25,132,1
25,133,1
25,134,1
25,135,1
25,136,1
25,137,1
25,138,1
25,139,1
25,140,1
25,141,1
25,142,2
25,143,1
25,144,1
25,145,1
25,146,1
25,147,1
25,148,1
25,149,1
25,150,1
25,151,1
25,152,2
25,153,1
25,154,1
25,155,1
25,156,1
25,157,1
25,158,1
25,159,1
25,160,1
25,161,1
25,162,1
25,163,1
25,164,1
25,165,1
25,166,1
25,167,1
25,168,1
25,169,1
25,170,1
25,171,1
25,172,1
25,173,1
25,174,1
25,175,1
25,176,1
25,28,1
26,0,34
26,1,8
26,2,32
26,3,2
26,4,18
26,5,9
26,6,7
26,7,1
26,8,19
26,9,1
26,10,25
26,11,4
26,12,1
26,13,1
26,14,1
26,15,22
26,16,1
26,17,5
26,18,1
26,19,7
26,20,1
26,21,3
26,22,4
26,23,1
26,24,10
26,25,10
26,26,12
26,27,5
26,28,1
26,29,2
26,30,2
26,31,2
26,32,23
26,33,1
26,34,22
26,35,1
26,36,1
26,37,1
26,38,1
26,39,7
26,40,6
26,41,1
26,42,1
26,43,1
26,44,1
26,45,8
26,46,2
26,47,1
26,48,1
26,49,5
26,50,1
26,51,1
26,52,1
26,53,4
26,54,1
26,56,11
26,57,1
26,58,2
26,59,1
26,60,10
26,61,1
26,62,1
26,63,1
26,64,1
26,65,2
26,66,1
26,67,2
26,68,1
26,69,1
26,70,2
26,71,1
26,72,2
26,73,1
26,74,1
26,75,1
26,76,1
26,77,3
26,78,1
26,79,1
26,80,1
26,81,1
26,82,1
26,83,1
26,84,1
26,85,1
26,86,1
26,87,1
26,88,1
26,89,1
26,90,1
26,91,1
26,92,1
26,93,1
26,94,1
26,95,1
26,96,3
26,97,1
26,98,3
26,99,1
26,100,1
26,101,1
26,102,3
26,103,2
26,104,1
26,105,3
26,106,4
26,107,1
26,108,1
26,109,1
26,110,1
26,111,1
26,112,1
26,113,1
26,114,1
26,115,1
26,116,1
26,117,1
26,118,1
26,119,1
26,120,1
26,121,1
26,122,1
26,123,1
26,124,1
26,125,1
26,126,1
26,127,1
26,128,1
26,129,1
26,130,3
26,131,1
26,132,1
26,133,1
26,134,1
26,135,3
26,136,1
26,137,1
26,138,1
26,139,1
26,140,1
26,141,1
26,142,1
26,143,1
26,144,2
26,145,1
26,146,2
26,147,1
26,148,1
26,149,1
26,150,1
26,151,1
26,152,1
26,153,1
26,154,2
26,155,1
26,156,1
26,157,1
26,158,1
26,159,1
26,160,1
26,161,1
26,162,1
26,163,1
26,164,1
26,165,1
26,166,1
26,167,1
26,168,1
26,169,1
26,170,1
26,171,1
26,172,1
26,173,1
26,174,2
26,175,1
26,176,1
26,177,1
26,178,1
26,179,1
26,180,1
26,181,1
26,55,1
27,0,2
27,1,1
27,2,7
27,3,4
27,4,1
27,5,10
27,6,9
27,7,4
27,8,1
27,9,1
27,10,4
27,24,11
27,12,1
27,13,1
27,14,1
27,15,1
27,16,1
27,17,1
27,18,2
27,19,1
27,20,1
27,21,1
27,22,1
27,23,1
27,25,1
27,26,2
27,27,1
27,28,1
27,29,3
27,30,1
27,31,1
27,32,1
27,33,1
27,34,1
27,35,1
27,36,3
27,37,1
27,38,1
27,39,1
27,40,1
27,41,1
27,42,2
27,43,1
27,44,1
27,45,1
27,46,1
27,47,1
27,48,1
27,49,2
27,50,1
27,51,1
27,52,1
27,53,1
27,54,1
27,55,1
27,56,1
27,57,1
27,58,1
27,59,1
27,60,1
27,61,1
27,62,1
27,63,3
27,64,1
27,65,1
27,66,1
27,67,1
27,68,1
27,69,1
27,70,1
27,71,1
27,72,1
27,73,1
27,74,1
27,75,1
27,76,1
27,77,1
27,78,1
27,79,1
27,80,1
27,81,1
27,82,1
27,83,1
27,84,1
27,85,3
27,86,1
27,87,3
27,88,1
27,89,1
27,90,1
27,91,1
27,92,1
27,93,1
27,94,1
27,95,1
27,96,1
27,97,1
27,98,1
27,99,1
27,100,1
27,101,1
27,102,1
27,103,1
27,104,1
27,105,1
27,106,1
27,107,1
27,108,1
27,109,1
27,110,1
27,111,1
27,112,1
27,113,1
27,114,1
27,115,1
27,116,1
27,117,1
27,118,1
27,119,1
27,120,1
27,121,1
27,122,1
27,123,1
27,124,1
27,125,1
27,126,1
27,127,1
27,128,1
27,129,1
27,130,1
27,131,1
27,132,1
27,133,1
27,134,1
27,135,1
27,136,1
27,137,1
27,138,1
27,139,1
27,140,1
27,141,1
27,142,1
27,143,1
27,144,1
27,145,1
27,146,1
27,147,1
27,148,1
27,11,1
28,0,12
28,1,12
28,2,15
28,3,3
28,45,20
28,5,1
28,6,1
28,7,1
28,8,1
28,9,1
28,10,1
28,11,7
28,12,1
28,18,21
28,14,1
28,15,1
28,17,1
28,19,1
28,20,1
28,21,1
28,22,7
28,23,2
28,24,11
28,26,1
28,41,15
28,28,3
28,29,6
28,30,1
28,31,2
28,32,2
28,33,1
28,34,1
28,35,1
28,36,1
28,37,1
28,39,1
28,40,1
28,42,1
28,43,1
28,44,3
28,46,3
28,47,1
28,48,1
28,49,1
28,50,1
28,51,1
28,52,7
28,53,2
28,54,1
28,56,1
28,57,1
28,58,1
28,59,1
28,60,1
28,61,1
28,62,1
28,63,1
28,64,1
28,65,2
28,66,1
28,67,1
28,68,1
28,69,1
28,70,2
28,71,1
28,72,1
28,73,2
28,74,1
28,75,2
28,76,1
28,77,1
28,78,2
28,79,1
28,80,1
28,81,1
28,82,1
28,83,1
28,84,1
28,85,1
28,86,1
28,87,1
28,88,1
28,89,1
28,90,1
28,91,1
28,92,1
28,93,1
28,94,1
28,95,1
28,96,1
28,97,1
28,98,1
28,99,3
28,100,1
28,101,1
28,102,1
28,103,1
28,104,1
28,105,1
28,106,1
28,107,1
28,108,1
28,109,1
28,110,1
28,111,1
28,112,1
28,113,1
28,114,2
28,115,1
28,116,1
28,117,1
28,118,1
28,119,1
28,120,1
28,121,1
28,122,1
28,123,1
28,124,1
28,125,1
28,126,1
28,127,1
28,128,1
28,129,1
28,130,1
28,131,1
28,132,1
28,133,1
28,134,1
28,135,1
28,136,1
28,137,1
28,138,1
28,139,1
28,140,1
28,141,1
28,4,1
28,38,1
28,13,1
28,16,1
28,55,1
28,25,1
28,27,1
29,0,23
29,1,4
29,2,17
29,12,33
29,14,40
29,123,24
29,6,1
29,106,30
29,8,6
29,9,2
29,10,15
29,11,1
29,63,34
29,46,28
29,16,23
29,19,39
29,20,6
29,21,1
29,40,38
29,24,1
29,25,1
29,26,32
29,27,43
29,50,43
29,30,6
29,31,3
29,61,25
29,33,1
29,34,2
29,35,19
29,36,2
29,96,42
29,38,15
29,84,25
29,42,27
29,43,1
29,121,30
29,45,2
29,66,27
29,48,1
29,87,26
29,51,2
29,52,1
29,53,2
29,72,32
29,55,1
29,56,8
29,57,1
29,59,5
29,62,1
29,64,1
29,65,5
29,67,1
29,68,2
29,69,7
29,70,1
29,71,2
29,74,3
29,75,1
29,76,1
29,77,1
29,78,4
29,79,6
29,80,1
29,81,1
29,82,4
29,83,2
29,85,1
29,86,20
29,88,1
29,90,5
29,91,1
29,92,1
29,93,2
29,94,7
29,95,1
29,97,1
29,98,2
29,99,2
29,100,1
29,101,2
29,102,1
29,103,1
29,104,3
29,105,2
29,107,1
29,108,3
29,109,1
29,110,1
29,111,1
29,112,1
29,113,1
29,114,1
29,115,1
29,116,4
29,117,1
29,118,3
29,119,1
29,120,1
29,122,1
29,124,1
29,125,1
29,126,1
29,127,5
29,128,1
29,129,7
29,130,4
29,131,1
29,132,2
29,133,8
29,134,2
29,135,1
29,136,1
29,137,1
29,138,2
29,139,1
29,140,1
29,141,1
29,142,2
29,143,1
29,144,1
29,145,1
29,146,1
29,147,4
29,148,4
29,149,1
29,150,2
29,151,4
29,152,5
29,153,1
29,154,1
29,155,1
29,157,1
29,158,1
29,159,2
29,160,6
29,161,1
29,162,1
29,163,1
29,164,1
29,165,1
29,166,1
29,167,1
29,168,1
29,169,1
29,170,1
29,171,2
29,172,1
29,173,1
29,174,1
29,175,5
29,177,1
29,178,2
29,179,2
29,180,1
29,181,1
29,182,1
29,183,1
29,184,1
29,185,1
29,186,1
29,187,1
29,188,1
29,189,1
29,190,1
29,191,1
29,192,1
29,193,1
29,194,1
29,195,1
29,196,1
29,197,1
29,198,1
29,199,1
29,200,1
29,201,1
29,202,1
29,203,1
29,204,1
29,205,2
29,206,1
29,207,1
29,208,1
29,209,1
29,210,2
29,211,1
29,212,1
29,213,1
29,214,2
29,215,3
29,216,2
29,217,1
29,218,2
29,219,1
29,220,1
29,221,1
29,222,1
29,223,1
29,224,1
29,225,2
29,226,1
29,227,1
29,228,1
29,229,1
29,230,1
29,231,1
29,232,1
29,233,1
29,234,1
29,235,1
29,236,3
29,237,1
29,238,1
29,239,1
29,240,1
29,241,1
29,242,1
29,243,1
29,244,1
29,245,2
29,246,1
29,247,1
29,248,1
29,249,1
29,250,1
29,251,1
29,252,1
29,253,1
29,254,1
29,255,1
29,256,1
29,257,2
29,258,2
29,259,1
29,260,1
29,261,1
29,262,2
29,263,1
29,264,1
29,265,2
29,266,1
29,267,1
29,268,1
29,269,1
29,270,1
29,271,1
29,272,1
29,273,1
29,274,1
29,275,1
29,276,1
29,277,2
29,278,1
29,279,1
29,280,1
29,281,1
29,282,1
29,283,1
29,284,1
29,285,1
29,286,1
29,287,1
29,288,1
29,289,1
29,290,1
29,291,1
29,292,1
29,293,1
29,294,1
29,295,1
29,3,1
29,4,1
29,5,1
29,7,1
29,13,1
29,15,1
29,17,1
29,18,1
29,22,1
29,23,1
29,28,1
29,29,1
29,156,1
29,32,1
29,37,1
29,39,1
29,41,1
29,44,1
29,47,1
29,176,1
29,49,1
29,54,1
29,58,1
29,60,1
29,73,1
29,89,1
30,0,19
30,1,1
30,2,3
30,3,3
30,4,6
30,5,24
30,6,22
30,7,38
30,8,30
30,9,11
30,10,1
30,11,18
30,12,1
30,14,1
30,15,1
30,16,2
30,17,1
30,18,1
30,19,22
30,20,1
30,21,15
30,22,1
30,23,2
30,24,1
30,25,4
30,26,19
30,27,15
30,36,15
30,29,13
30,30,2
30,31,24
30,32,2
30,33,1
30,34,1
30,37,1
30,38,1
30,39,2
30,40,2
30,41,1
30,42,3
30,43,1
30,44,1
30,45,8
30,46,1
30,47,2
30,48,3
30,49,1
30,50,1
30,51,1
30,52,1
30,53,9
30,54,1
30,55,1
30,56,2
30,57,1
30,58,1
30,59,1
30,60,1
30,61,1
30,62,1
30,63,1
30,64,1
30,65,1
30,66,2
30,67,1
30,68,1
30,69,2
30,70,1
30,71,1
30,72,2
30,73,3
30,74,9
30,75,1
30,76,6
30,77,1
30,78,1
30,79,1
30,80,7
30,81,2
30,82,1
30,83,2
30,84,2
30,85,1
30,86,1
30,87,1
30,88,1
30,89,1
30,90,1
30,91,2
30,92,1
30,93,1
30,94,1
30,95,1
30,96,1
30,97,1
30,98,1
30,99,2
30,100,1
30,101,1
30,102,1
30,103,1
30,104,1
30,105,2
30,106,2
30,107,2
30,108,1
30,109,1
30,110,1
30,111,1
30,112,2
30,113,1
30,114,3
30,115,1
30,116,1
30,117,1
30,118,1
30,119,1
30,120,2
30,121,1
30,122,1
30,123,1
30,124,1
30,125,1
30,126,1
30,127,1
30,128,2
30,129,1
30,130,1
30,131,1
30,132,1
30,133,1
30,134,2
30,135,1
30,136,1
30,137,1
30,138,1
30,139,1
30,140,1
30,141,1
30,142,2
30,143,1
30,144,1
30,145,2
30,146,1
30,147,1
30,148,1
30,149,1
30,150,1
30,151,1
30,152,1
30,153,1
30,154,3
30,155,1
30,156,1
30,157,1
30,158,2
30,159,1
30,160,1
30,161,1
30,162,1
30,163,1
30,164,1
30,165,1
30,166,1
30,167,1
30,168,1
30,169,1
30,170,1
30,35,1
30,28,1
30,13,1
31,52,20
31,1,19
31,2,40
31,3,1
31,4,1
31,5,1
31,6,1
31,43,18
31,8,1
31,9,1
31,10,28
31,12,14
31,62,28
31,34,26
31,15,11
31,16,32
31,17,25
31,18,1
31,19,14
31,20,18
31,21,1
31,22,22
31,23,29
31,24,1
31,25,44
31,26,3
31,27,1
31,28,1
31,29,4
31,30,1
31,31,1
31,32,1
31,33,20
31,35,1
31,36,1
31,37,1
31,38,1
31,39,3
31,40,2
31,41,1
31,42,1
31,44,2
31,45,1
31,46,3
31,47,1
31,48,30
31,49,1
31,50,1
31,51,1
31,53,1
31,54,1
31,55,2
31,56,1
31,57,1
31,58,1
31,59,1
31,60,1
31,61,1
31,63,1
31,13,18
31,65,1
31,66,1
31,67,1
31,68,1
31,69,1
31,70,1
31,71,3
31,72,1
31,73,2
31,74,3
31,75,1
31,76,1
31,77,2
31,78,1
31,79,1
31,80,4
31,81,3
31,82,1
31,83,2
31,84,2
31,85,2
31,86,2
31,87,1
31,88,1
31,89,1
31,90,1
31,91,2
31,92,1
31,93,1
31,94,1
31,95,1
31,96,1
31,97,3
31,98,1
31,99,1
31,100,2
31,101,1
31,102,1
31,103,1
31,104,1
31,105,1
31,106,1
31,107,1
31,108,1
31,109,1
31,110,1
31,111,1
31,112,1
31,113,1
31,114,2
31,115,1
31,116,1
31,117,1
31,118,1
31,119,1
31,120,1
31,121,1
31,122,1
31,123,1
31,124,1
31,125,1
31,126,3
31,127,1
31,128,1
31,129,2
31,130,1
31,131,1
31,132,1
31,133,1
31,134,2
31,135,1
31,136,1
31,137,1
31,138,1
31,139,1
31,140,1
31,141,1
31,142,1
31,143,2
31,144,1
31,145,1
31,146,1
31,147,1
31,148,1
31,149,1
31,150,1
31,151,1
31,152,1
31,153,1
31,154,1
31,155,1
31,156,1
31,157,1
31,158,1
31,159,1
31,160,1
31,161,1
31,162,1
31,163,1
31,164,1
31,165,1
31,166,1
31,167,1
31,168,1
31,169,2
31,170,1
31,171,1
31,172,1
31,173,1
31,174,1
31,175,1
31,176,1
31,177,1
31,178,1
31,179,1
31,180,1
31,181,1
31,182,1
31,183,2
31,184,1
31,185,1
31,186,1
31,187,1
31,188,1
31,189,1
31,190,1
31,191,1
31,192,1
31,193,1
31,194,1
31,195,1
31,196,1
31,197,1
31,198,1
31,199,1
31,200,1
31,201,1
31,202,1
31,203,1
31,204,1
31,205,1
31,206,1
31,207,1
31,208,1
31,209,1
31,210,1
31,211,1
31,212,1
31,213,1
31,214,1
31,215,1
31,216,1
31,217,1
31,218,1
31,219,1
31,220,1
31,221,1
31,222,1
31,223,1
31,224,1
31,225,1
31,226,1
31,227,1
31,228,1
31,229,1
31,230,1
31,231,1
31,232,1
31,233,1
31,0,1
31,64,1
31,7,1
31,11,1
31,14,1
32,0,88
32,1,7
32,2,32
32,3,27
32,4,5
32,5,23
32,6,5
32,7,33
32,8,2
32,9,1
32,10,40
32,11,79
32,12,20
32,13,1
32,14,2
32,15,2
32,16,1
32,17,1
32,18,4
32,19,2
32,37,30
32,21,10
32,22,7
32,23,3
32,24,2
32,25,1
32,26,2
32,27,86
32,29,19
32,30,1
32,31,5
32,32,1
32,33,34
32,98,44
32,35,1
32,36,5
32,38,1
32,39,10
32,40,2
32,41,6
32,42,2
32,43,15
32,44,2
32,45,9
32,46,14
32,47,56
32,48,1
32,50,1
32,51,1
32,52,9
32,53,1
32,54,1
32,55,9
32,56,1
32,57,2
32,58,2
32,60,1
32,61,1
32,62,2
32,63,4
32,64,9
32,65,1
32,66,1
32,67,3
32,68,2
32,69,1
32,70,1
32,71,2
32,72,1
32,73,1
32,74,12
32,75,7
32,76,2
32,77,10
32,78,1
32,79,3
32,80,4
32,81,1
32,82,1
32,83,6
32,84,1
32,85,1
32,87,6
32,88,2
32,89,2
32,90,1
32,91,1
32,92,1
32,93,1
32,94,5
32,95,1
32,96,1
32,97,2
32,99,3
32,100,8
32,101,1
32,102,1
32,103,1
32,104,1
32,105,1
32,106,10
32,107,1
32,108,15
32,109,1
32,110,1
32,111,1
32,112,1
32,113,5
32,114,3
32,115,2
32,116,1
32,117,1
32,118,1
32,119,1
32,120,1
32,121,1
32,122,1
32,123,1
32,124,1
32,125,1
32,126,2
32,127,2
32,128,1
32,129,1
32,130,4
32,131,1
32,132,1
32,133,1
32,134,1
32,135,1
32,136,1
32,137,2
32,138,5
32,139,4
32,140,1
32,141,1
32,142,9
32,143,1
32,144,1
32,145,8
32,146,2
32,147,1
32,148,4
32,149,1
32,150,1
32,151,1
32,152,1
32,153,4
32,154,1
32,155,2
32,156,5
32,157,2
32,158,1
32,159,1
32,160,1
32,161,1
32,162,10
32,163,1
32,164,3
32,165,1
32,166,2
32,167,1
32,168,1
32,169,2
32,170,2
32,171,1
32,172,1
32,173,1
32,174,1
32,175,1
32,176,4
32,177,1
32,178,1
32,179,1
32,180,1
32,181,1
32,182,2
32,183,1
32,184,3
32,185,1
32,186,4
32,187,2
32,188,1
32,189,1
32,190,1
32,191,1
32,192,1
32,193,1
32,194,1
32,195,1
32,196,2
32,197,5
32,198,1
32,199,2
32,200,1
32,201,1
32,202,1
32,203,1
32,204,1
32,205,1
32,206,2
32,207,1
32,208,2
32,209,1
32,210,1
32,211,1
32,212,1
32,213,1
32,214,1
32,215,1
32,216,1
32,217,1
32,218,1
32,219,1
32,220,1
32,221,1
32,222,1
32,223,1
32,224,1
32,225,1
32,226,1
32,227,1
32,228,1
32,229,1
32,230,1
32,231,1
32,232,1
32,233,1
32,234,1
32,235,1
32,236,1
32,237,1
32,238,5
32,239,1
32,240,3
32,241,1
32,242,1
32,243,1
32,244,1
32,245,1
32,246,1
32,247,1
32,248,1
32,249,5
32,250,1
32,251,2
32,252,1
32,253,1
32,254,2
32,255,1
32,256,1
32,257,4
32,258,1
32,259,1
32,260,1
32,261,1
32,262,1
32,263,2
32,264,1
32,265,1
32,266,1
32,267,1
32,268,1
32,269,2
32,270,1
32,271,1
32,272,1
32,273,1
32,274,1
32,275,1
32,276,4
32,277,1
32,278,1
32,279,3
32,280,1
32,281,1
32,282,1
32,283,1
32,284,1
32,285,1
32,286,1
32,287,1
32,288,1
32,289,1
32,290,1
32,291,1
32,292,2
32,293,1
32,294,1
32,295,1
32,296,1
32,297,1
32,298,1
32,299,1
32,300,1
32,301,1
32,302,1
32,303,1
32,304,1
32,305,1
32,306,1
32,307,2
32,308,1
32,309,1
32,310,2
32,311,1
32,312,1
32,313,1
32,314,1
32,315,1
32,316,1
32,317,1
32,318,1
32,319,1
32,320,1
32,321,1
32,322,1
32,323,1
32,324,1
32,325,1
32,326,1
32,327,2
32,328,1
32,329,2
32,330,1
32,331,1
32,332,1
32,333,1
32,334,1
32,335,1
32,336,1
32,337,1
32,338,1
32,339,1
32,340,1
32,341,1
32,342,1
32,343,1
32,344,1
32,345,1
32,346,1
32,347,1
32,348,1
32,349,1
32,350,1
32,351,1
32,352,1
32,353,1
32,354,1
32,355,1
32,356,1
32,357,1
32,358,1
32,359,1
32,360,1
32,361,1
32,362,1
32,363,1
32,364,1
32,365,1
32,366,1
32,367,1
32,368,1
32,369,1
32,370,1
32,371,1
32,372,1
32,373,1
32,374,1
32,375,1
32,376,1
32,377,1
32,378,1
32,379,1
32,380,1
32,381,1
32,382,1
32,383,1
32,384,1
32,385,1
32,386,1
32,387,1
32,388,1
32,389,1
32,390,1
32,391,1
32,392,1
32,393,1
32,394,1
32,395,1
32,396,1
32,397,1
32,398,2
32,399,1
32,400,1
32,401,1
32,402,1
32,34,1
32,49,1
32,20,1
32,86,1
32,59,1
32,28,1
33,0,27
33,1,19
33,2,18
33,3,28
33,5,34
33,6,12
33,7,1
33,28,35
33,9,5
33,10,1
33,11,33
33,12,5
33,13,1
33,24,32
33,15,19
33,16,21
33,19,27
33,20,24
33,21,19
33,22,32
33,23,1
33,25,1
33,26,1
33,27,1
33,29,1
33,30,13
33,31,1
33,32,1
33,33,1
33,34,1
33,35,1
33,36,1
33,37,1
33,38,1
33,39,1
33,40,1
33,41,1
33,42,1
33,43,1
33,44,1
33,45,1
33,46,1
33,47,1
33,48,1
33,49,1
33,50,1
33,51,1
33,52,1
33,53,1
33,54,1
33,55,1
33,4,1
33,8,1
33,14,1
33,17,1
33,18,1
34,0,11
34,1,93
34,2,24
34,3,8
34,4,19
34,5,8
34,6,30
34,7,23
34,8,26
34,9,3
34,10,1
34,11,1
34,12,21
34,13,15
34,14,18
34,15,3
34,16,2
34,17,2
34,18,29
34,19,1
34,20,4
34,21,18
34,22,1
34,23,1
34,24,1
34,25,1
34,26,1
34,27,1
34,28,1
34,29,1
34,30,2
34,31,1
34,32,10
34,33,1
34,35,1
34,36,1
34,37,1
34,38,2
34,39,1
34,40,1
34,41,1
34,42,1
34,43,1
34,44,1
34,45,1
34,46,1
34,47,1
34,48,1
34,49,1
34,50,2
34,51,1
34,52,1
34,53,1
34,54,1
34,55,1
34,56,1
34,57,1
34,58,1
34,59,2
34,60,1
34,61,1
34,62,1
34,63,8
34,64,1
34,65,1
34,66,4
34,67,1
34,68,1
34,69,2
34,70,1
34,71,1
34,72,1
34,73,1
34,74,2
34,75,1
34,76,2
34,77,1
34,78,1
34,79,1
34,80,1
34,81,1
34,82,1
34,83,1
34,84,1
34,85,1
34,86,1
34,87,1
34,88,3
34,89,1
34,90,1
34,91,1
34,92,1
34,93,1
34,94,1
34,95,1
34,96,1
34,97,1
34,98,1
34,99,1
34,100,1
34,101,1
34,102,1
34,103,1
34,104,1
34,105,1
34,106,1
34,107,1
34,108,1
34,109,1
34,110,1
34,111,1
34,112,1
34,113,1
34,114,1
34,115,1
34,116,1
34,117,1
34,118,1
34,119,1
34,120,1
34,121,1
34,122,1
34,123,1
34,124,1
34,125,1
34,126,1
34,127,1
34,128,1
34,129,1
34,130,1
34,131,1
34,132,1
34,133,1
34,134,1
34,135,1
34,136,1
34,137,1
34,138,1
34,139,1
34,140,1
34,141,1
34,142,1
34,143,1
34,144,1
34,145,1
34,146,1
34,147,1
34,148,1
34,34,1
35,0,1
35,43,25
35,2,35
35,3,53
35,4,1
35,5,13
35,29,20
35,7,52
35,8,9
35,9,42
35,65,43
35,13,59
35,12,2
35,14,38
35,15,30
35,16,68
35,17,28
35,18,1
35,19,1
35,20,1
35,21,1
35,22,9
35,23,2
35,25,11
35,26,3
35,27,1
35,28,1
35,78,27
35,70,37
35,31,1
35,32,32
35,33,1
35,34,5
35,35,3
35,36,14
35,37,1
35,38,23
35,39,1
35,40,23
35,41,2
35,44,1
35,45,1
35,46,10
35,47,1
35,48,6
35,49,2
35,50,1
35,51,1
35,52,7
35,53,1
35,54,6
35,55,6
35,56,2
35,57,1
35,58,6
35,59,2
35,60,1
35,61,1
35,62,3
35,63,2
35,64,1
35,66,1
35,68,1
35,69,3
35,86,26
35,72,1
35,74,1
35,75,2
35,76,1
35,77,1
35,79,1
35,80,25
35,81,1
35,82,5
35,83,1
35,84,1
35,87,1
35,88,1
35,89,1
35,90,1
35,91,4
35,92,1
35,93,1
35,94,1
35,95,1
35,96,1
35,97,1
35,98,1
35,99,1
35,100,1
35,101,1
35,102,2
35,104,1
35,105,1
35,106,1
35,107,1
35,108,8
35,109,2
35,110,1
35,111,1
35,112,2
35,113,1
35,114,9
35,115,1
35,116,1
35,117,1
35,118,1
35,119,1
35,120,1
35,121,1
35,122,1
35,123,1
35,124,1
35,125,2
35,126,1
35,127,1
35,128,2
35,129,1
35,130,1
35,131,1
35,132,1
35,133,1
35,134,1
35,135,2
35,136,1
35,137,1
35,138,1
35,139,1
35,140,1
35,141,1
35,142,1
35,143,2
35,144,1
35,145,1
35,146,1
35,147,24
35,148,1
35,149,1
35,150,5
35,151,1
35,152,8
35,153,1
35,154,1
35,155,1
35,156,1
35,157,1
35,158,1
35,159,1
35,160,1
35,161,1
35,162,1
35,163,1
35,164,1
35,165,2
35,166,1
35,167,1
35,168,1
35,169,1
35,170,1
35,171,1
35,172,1
35,173,2
35,174,1
35,175,1
35,176,1
35,177,2
35,178,1
35,179,2
35,180,1
35,181,1
35,182,1
35,183,3
35,184,1
35,185,1
35,186,1
35,187,5
35,188,1
35,189,1
35,190,2
35,191,1
35,192,1
35,193,1
35,194,1
35,195,1
35,196,1
35,197,1
35,198,1
35,199,3
35,200,1
35,201,1
35,202,1
35,203,1
35,204,1
35,205,1
35,206,1
35,207,1
35,208,1
35,209,2
35,210,1
35,211,1
35,212,1
35,213,1
35,214,1
35,215,1
35,216,1
35,217,1
35,218,8
35,219,3
35,220,1
35,221,1
35,222,3
35,223,1
35,224,1
35,225,1
35,226,1
35,227,1
35,228,1
35,229,1
35,230,1
35,231,1
35,232,1
35,233,1
35,234,1
35,235,1
35,236,1
35,237,1
35,238,1
35,239,1
35,240,1
35,241,1
35,242,1
35,243,7
35,244,1
35,245,1
35,246,1
35,247,2
35,248,1
35,249,1
35,250,1
35,251,1
35,252,1
35,253,1
35,254,1
35,255,1
35,256,1
35,257,1
35,258,1
35,259,1
35,260,1
35,261,1
35,262,1
35,263,1
35,264,1
35,265,1
35,266,1
35,267,1
35,268,1
35,269,1
35,270,1
35,271,1
35,272,1
35,273,1
35,274,1
35,275,2
35,276,1
35,277,1
35,278,1
35,279,1
35,280,1
35,281,1
35,282,1
35,283,1
35,284,1
35,285,1
35,286,2
35,287,1
35,288,1
35,289,1
35,290,1
35,291,1
35,292,1
35,293,1
35,294,1
35,295,1
35,296,1
35,297,1
35,298,1
35,299,2
35,300,1
35,301,1
35,302,2
35,303,1
35,304,1
35,305,1
35,306,1
35,307,1
35,308,1
35,309,1
35,310,1
35,311,1
35,312,1
35,313,1
35,314,1
35,315,1
35,316,1
35,317,1
35,318,1
35,319,1
35,320,1
35,321,1
35,322,1
35,323,1
35,324,1
35,325,1
35,326,1
35,327,1
35,328,1
35,329,1
35,330,1
35,331,1
35,332,1
35,333,1
35,334,1
35,335,1
35,336,1
35,337,1
35,338,1
35,339,1
35,340,1
35,341,1
35,342,1
35,343,1
35,344,1
35,345,1
35,346,1
35,347,1
35,348,1
35,349,1
35,350,1
35,351,1
35,352,1
35,353,1
35,354,1
35,355,2
35,356,1
35,357,1
35,358,1
35,359,1
35,360,1
35,361,2
35,362,1
35,363,1
35,364,1
35,365,1
35,366,1
35,367,1
35,368,1
35,369,1
35,370,1
35,371,1
35,372,1
35,373,1
35,374,1
35,375,1
35,376,1
35,377,1
35,378,1
35,379,2
35,380,1
35,381,1
35,382,1
35,383,1
35,384,1
35,385,1
35,386,1
35,387,1
35,388,1
35,389,1
35,390,1
35,391,1
35,392,1
35,393,1
35,394,1
35,395,2
35,396,1
35,397,1
35,398,1
35,399,1
35,400,1
35,401,1
35,402,1
35,403,1
35,404,1
35,405,1
35,406,1
35,407,1
35,408,1
35,409,1
35,410,1
35,411,1
35,412,2
35,413,1
35,414,1
35,415,1
35,416,1
35,417,1
35,418,1
35,419,1
35,420,1
35,421,1
35,422,1
35,423,1
35,424,1
35,425,1
35,426,1
35,427,1
35,428,1
35,429,1
35,430,1
35,431,1
35,432,1
35,433,1
35,434,1
35,435,1
35,436,1
35,437,1
35,438,1
35,439,1
35,440,1
35,441,1
35,442,1
35,443,1
35,444,1
35,445,1
35,446,1
35,447,1
35,448,1
35,449,1
35,450,1
35,451,1
35,452,1
35,453,1
35,454,1
35,455,1
35,456,1
35,457,1
35,458,1
35,459,1
35,460,1
35,461,1
35,462,1
35,463,1
35,1,1
35,67,1
35,6,1
35,71,1
35,103,1
35,73,1
35,10,1
35,11,1
35,42,1
35,85,1
35,24,1
35,30,1
36,0,32
36,1,61
36,2,52
36,3,5
36,4,1
36,5,65
36,6,1
36,7,6
36,8,62
36,9,1
36,10,1
36,11,31
36,12,1
36,13,62
36,14,1
36,15,1
36,16,33
36,17,61
36,18,8
36,19,78
36,20,1
36,21,34
36,22,1
36,23,17
36,24,33
36,25,14
36,26,14
36,27,1
36,28,1
36,29,39
36,30,1
36,31,1
36,32,19
36,33,2
36,34,1
36,35,1
36,36,1
36,37,1
36,38,1
36,39,1
36,40,25
36,41,1
36,42,1
36,43,1
36,44,18
36,45,2
36,46,17
36,47,1
36,48,1
36,49,1
36,50,1
36,92,47
36,52,37
36,53,1
36,54,2
36,55,2
36,56,1
36,57,1
36,58,1
36,59,1
36,60,1
36,61,1
36,62,1
36,63,1
36,64,1
36,65,1
36,66,1
36,67,7
36,68,1
36,69,1
36,70,1
36,71,1
36,72,1
36,73,24
36,74,1
36,75,10
36,76,1
36,77,1
36,78,6
36,79,1
36,80,5
36,81,9
36,82,1
36,83,1
36,84,1
36,85,1
36,86,1
36,87,1
36,88,1
36,89,1
36,90,1
36,91,1
36,93,5
36,94,1
36,95,1
36,96,1
36,97,23
36,98,1
36,99,1
36,100,1
36,101,1
36,102,1
36,103,1
36,104,1
36,105,1
36,106,3
36,107,1
36,108,6
36,109,1
36,110,1
36,111,1
36,112,1
36,113,1
36,114,1
36,115,1
36,116,12
36,117,1
36,118,1
36,119,1
36,120,7
36,121,1
36,122,1
36,123,1
36,124,2
36,125,7
36,126,3
36,127,16
36,128,1
36,129,1
36,130,1
36,131,1
36,132,1
36,133,1
36,134,1
36,135,1
36,136,1
36,137,1
36,138,1
36,139,3
36,140,1
36,141,4
36,142,1
36,143,2
36,144,1
36,145,1
36,146,1
36,147,1
36,148,1
36,149,1
36,150,1
36,151,1
36,152,2
36,153,1
36,154,5
36,155,1
36,156,1
36,157,1
36,158,2
36,159,1
36,160,1
36,161,1
36,162,1
36,163,1
36,164,1
36,165,1
36,166,1
36,167,1
36,168,1
36,169,1
36,170,1
36,171,1
36,172,1
36,173,1
36,174,1
36,175,1
36,176,1
36,177,1
36,178,1
36,179,1
36,180,1
36,181,1
36,182,1
36,183,2
36,184,1
36,185,1
36,186,1
36,187,1
36,188,1
36,189,1
36,190,1
36,191,1
36,192,1
36,193,1
36,194,1
36,195,1
36,196,2
36,197,1
36,198,1
36,199,1
36,200,1
36,201,3
36,202,1
36,203,1
36,204,1
36,205,1
36,206,1
36,207,1
36,208,1
36,209,1
36,210,1
36,211,1
36,212,2
36,213,1
36,214,1
36,215,1
36,216,1
36,217,1
36,218,1
36,219,1
36,220,1
36,221,1
36,222,1
36,223,1
36,224,1
36,225,1
36,226,1
36,227,1
36,228,2
36,229,1
36,230,1
36,231,1
36,232,1
36,233,2
36,234,1
36,235,1
36,236,1
36,237,1
36,238,1
36,239,1
36,240,1
36,241,1
36,242,1
36,243,1
36,244,1
36,245,1
36,246,1
36,247,1
36,248,1
36,249,1
36,250,1
36,251,1
36,252,1
36,253,1
36,254,1
36,255,1
36,256,1
36,257,2
36,258,1
36,259,1
36,260,1
36,261,1
36,262,1
36,263,3
36,264,1
36,265,6
36,266,1
36,267,1
36,268,1
36,269,1
36,270,1
36,271,1
36,272,1
36,273,1
36,274,1
36,275,1
36,276,1
36,277,1
36,278,1
36,279,1
36,280,1
36,281,1
36,282,1
36,283,1
36,284,1
36,285,1
36,286,1
36,287,1
36,288,1
36,289,1
36,290,1
36,291,1
36,292,1
36,293,1
36,294,1
36,295,1
36,296,1
36,297,1
36,298,1
36,299,1
36,300,1
36,301,1
36,302,1
36,303,2
36,304,2
36,305,2
36,306,1
36,307,1
36,308,1
36,309,1
36,310,1
36,311,1
36,312,1
36,313,1
36,314,1
36,315,1
36,316,1
36,317,1
36,318,1
36,319,1
36,320,1
36,321,2
36,322,1
36,323,1
36,324,1
36,325,1
36,326,1
36,327,1
36,328,1
36,329,1
36,330,1
36,331,1
36,332,1
36,333,1
36,334,1
36,335,1
36,336,1
36,337,1
36,338,2
36,339,1
36,340,1
36,341,1
36,342,1
36,343,1
36,344,1
36,345,1
36,346,1
36,347,1
36,348,1
36,349,6
36,350,1
36,351,1
36,352,1
36,353,1
36,354,1
36,355,1
36,356,1
36,357,1
36,358,1
36,359,1
36,360,1
36,361,1
36,362,1
36,363,1
36,364,1
36,365,1
36,366,1
36,367,1
36,368,1
36,369,1
36,370,1
36,371,1
36,372,1
36,373,1
36,374,1
36,375,1
36,376,1
36,377,1
36,378,1
36,379,1
36,380,1
36,381,1
36,382,1
36,383,1
36,384,1
36,385,1
36,386,1
36,387,1
36,388,1
36,389,1
36,390,1
36,391,1
36,392,1
36,393,1
36,394,1
36,395,1
36,396,1
36,397,1
36,398,1
36,399,1
36,400,1
36,401,1
36,402,1
36,403,1
36,404,1
36,405,1
36,406,1
36,407,1
36,408,1
36,409,1
36,410,1
36,411,1
36,412,1
36,413,1
36,414,1
36,415,1
36,416,1
36,417,1
36,418,1
36,419,1
36,420,1
36,421,1
36,422,1
36,423,1
36,424,1
36,425,1
36,426,1
36,427,1
36,428,1
36,429,1
36,430,1
36,431,1
36,432,1
36,433,1
36,434,1
36,435,1
36,436,1
36,437,1
36,438,1
36,439,1
36,440,2
36,441,1
36,442,1
36,443,1
36,444,1
36,445,1
36,446,1
36,447,1
36,448,1
36,449,1
36,450,1
36,451,1
36,452,1
36,453,1
36,454,1
36,455,1
36,456,1
36,457,1
36,458,1
36,459,1
36,460,1
36,461,1
36,462,1
36,463,1
36,464,1
36,465,1
36,466,1
36,467,1
36,468,1
36,469,1
36,470,1
36,471,2
36,472,1
36,473,1
36,474,1
36,475,1
36,476,1
36,477,1
36,478,1
36,479,1
36,480,1
36,481,1
36,482,1
36,483,1
36,484,1
36,485,1
36,486,1
36,487,1
36,488,1
36,489,1
36,490,1
36,491,1
36,492,2
36,493,1
36,494,1
36,495,1
36,496,2
36,497,1
36,498,1
36,499,1
36,500,1
36,501,1
36,502,1
36,503,1
36,504,1
36,505,1
36,506,1
36,507,1
36,508,1
36,509,1
36,510,1
36,511,1
36,512,1
36,513,1
36,514,1
36,515,1
36,516,1
36,517,1
36,518,1
36,519,1
36,520,1
36,521,2
36,522,1
36,523,1
36,524,1
36,525,1
36,526,1
36,527,1
36,528,1
36,529,1
36,530,1
36,531,1
36,532,1
36,533,1
36,534,1
36,535,1
36,536,1
36,537,1
36,538,1
36,539,1
36,540,1
36,541,1
36,542,1
36,543,1
36,544,1
36,545,1
36,546,1
36,547,1
36,548,1
36,549,1
36,550,1
36,551,1
36,552,1
36,553,1
36,554,1
36,555,1
36,556,1
36,557,1
36,558,1
36,559,1
36,560,1
36,561,1
36,562,1
36,563,1
36,564,1
36,565,1
36,566,1
36,567,1
36,568,1
36,569,1
36,570,1
36,571,1
36,572,1
36,573,1
36,574,1
36,575,1
36,576,1
36,577,1
36,578,1
36,579,1
36,580,1
36,581,1
36,582,1
36,583,1
36,584,1
36,585,1
36,586,1
36,587,1
36,588,1
36,589,1
36,590,1
36,591,1
36,592,1
36,593,1
36,594,1
36,595,1
36,596,1
36,597,1
36,598,1
36,599,1
36,600,1
36,601,1
36,602,1
36,603,1
36,604,1
36,605,1
36,606,1
36,607,1
36,608,1
36,609,1
36,610,1
36,611,1
36,612,1
36,613,1
36,614,1
36,615,1
36,616,1
36,617,1
36,618,1
36,619,1
36,620,1
36,621,1
36,622,1
36,623,1
36,624,2
36,625,1
36,626,1
36,627,1
36,628,1
36,629,1
36,630,1
36,631,1
36,632,1
36,633,1
36,634,1
36,635,1
36,636,1
36,637,1
36,638,1
36,639,1
36,640,1
36,641,1
36,642,1
36,643,1
36,644,1
36,645,1
36,646,1
36,647,1
36,648,1
36,649,1
36,650,1
36,651,1
36,652,1
36,653,1
36,654,1
36,655,1
36,656,1
36,657,1
36,658,1
36,659,1
36,660,1
36,661,1
36,662,1
36,663,1
36,664,1
36,665,1
36,666,1
36,667,1
36,668,1
36,669,1
36,670,1
36,671,1
36,672,1
36,673,1
36,674,1
36,675,1
36,676,1
36,677,1
36,678,1
36,679,1
36,680,1
36,681,1
36,682,1
36,683,1
36,684,1
36,685,1
36,686,1
36,51,1
37,0,25
37,1,37
37,2,35
37,3,32
37,4,1
37,5,25
37,6,13
37,21,19
37,8,2
37,13,24
37,10,32
37,19,23
37,12,35
37,14,1
37,15,1
37,16,20
37,17,1
37,18,16
37,20,1
37,33,25
37,24,1
37,25,6
37,26,12
37,27,1
37,28,2
37,29,1
37,30,1
37,31,1
37,32,1
37,34,1
37,35,1
37,36,1
37,37,4
37,38,2
37,39,1
37,40,1
37,41,1
37,42,2
37,43,1
37,44,1
37,45,1
37,46,1
37,47,1
37,48,1
37,49,1
37,50,1
37,51,1
37,52,1
37,53,1
37,54,1
37,55,1
37,56,1
37,57,1
37,58,1
37,59,1
37,60,1
37,61,1
37,62,1
37,63,1
37,64,1
37,65,3
37,66,1
37,67,1
37,68,2
37,69,1
37,70,1
37,71,1
37,72,1
37,73,1
37,74,1
37,75,1
37,76,1
37,77,1
37,78,1
37,79,1
37,80,1
37,81,1
37,82,1
37,83,1
37,84,1
37,85,1
37,86,1
37,87,1
37,88,1
37,89,1
37,90,1
37,91,1
37,92,1
37,93,1
37,94,1
37,95,2
37,96,1
37,97,1
37,98,1
37,99,1
37,100,1
37,101,1
37,102,1
37,103,1
37,104,1
37,105,1
37,106,1
37,107,1
37,108,1
37,109,1
37,110,1
37,111,1
37,112,1
37,113,1
37,114,1
37,115,1
37,116,1
37,117,1
37,118,1
37,119,1
37,120,1
37,121,1
37,122,1
37,123,1
37,9,1
37,11,1
37,22,1
37,23,1
37,7,1
38,0,28
38,2,27
38,3,48
38,4,45
38,5,34
38,6,44
38,7,4
38,8,31
38,9,25
38,10,1
38,11,10
38,12,45
38,13,10
38,14,1
38,15,32
38,16,25
38,17,4
38,19,1
38,20,24
38,21,2
38,22,16
38,23,1
38,24,25
38,25,19
38,26,7
38,61,28
38,29,1
38,30,17
38,31,1
38,32,5
38,33,2
38,34,1
38,36,1
38,37,1
38,38,5
38,39,1
38,40,1
38,41,3
38,42,1
38,43,1
38,44,1
38,45,7
38,46,1
38,47,2
38,48,1
38,49,1
38,50,1
38,51,1
38,52,2
38,53,10
38,54,1
38,55,1
38,56,1
38,57,1
38,58,1
38,59,2
38,60,1
38,81,21
38,64,8
38,65,1
38,66,2
38,67,2
38,68,2
38,69,2
38,70,2
38,71,1
38,72,2
38,73,1
38,74,1
38,75,1
38,76,1
38,77,3
38,78,1
38,79,1
38,80,1
38,82,1
38,83,1
38,84,1
38,85,1
38,86,1
38,87,1
38,88,3
38,89,1
38,90,1
38,91,1
38,92,1
38,93,1
38,94,5
38,95,1
38,96,1
38,97,1
38,98,1
38,99,1
38,100,2
38,101,1
38,102,1
38,103,1
38,104,1
38,105,1
38,106,1
38,107,1
38,108,1
38,109,1
38,110,1
38,111,1
38,112,1
38,113,1
38,114,1
38,115,1
38,116,1
38,117,1
38,118,1
38,119,1
38,120,1
38,121,1
38,122,1
38,123,1
38,124,1
38,125,1
38,126,1
38,127,1
38,128,1
38,129,1
38,130,1
38,131,1
38,132,1
38,133,1
38,134,1
38,135,1
38,136,1
38,137,1
38,138,1
38,139,1
38,140,1
38,141,1
38,142,1
38,143,1
38,144,1
38,145,1
38,146,1
38,147,1
38,148,1
38,149,1
38,150,1
38,151,1
38,152,1
38,153,1
38,154,1
38,155,1
38,156,1
38,157,1
38,62,1
38,63,1
38,1,1
38,35,1
38,18,1
38,27,1
38,28,1
39,0,70
39,1,30
39,2,19
39,3,43
39,4,67
39,5,61
39,6,42
39,29,38
39,8,36
39,9,24
39,10,44
39,70,27
39,13,33
39,14,1
39,15,25
39,16,26
39,17,1
39,18,39
39,61,27
39,20,1
39,21,1
39,22,1
39,23,3
39,24,2
39,25,1
39,43,26
39,27,12
39,28,27
39,31,1
39,32,1
39,46,27
39,34,1
39,74,26
39,36,5
39,37,25
39,38,24
39,47,27
39,40,1
39,41,7
39,45,3
39,49,3
39,50,1
39,51,1
39,57,27
39,53,2
39,54,2
39,55,1
39,56,1
39,58,1
39,59,1
39,60,1
39,62,2
39,63,1
39,71,25
39,65,1
39,66,5
39,67,1
39,68,1
39,69,1
39,72,1
39,73,2
39,75,1
39,76,1
39,77,1
39,78,1
39,79,1
39,80,1
39,81,5
39,83,1
39,84,27
39,85,3
39,86,1
39,87,1
39,88,1
39,89,1
39,90,1
39,91,2
39,92,1
39,93,1
39,95,1
39,96,1
39,97,5
39,98,1
39,99,1
39,100,1
39,101,2
39,102,1
39,104,13
39,105,1
39,106,1
39,107,1
39,108,2
39,109,2
39,110,1
39,111,1
39,112,1
39,113,1
39,114,2
39,115,1
39,116,1
39,117,1
39,118,1
39,119,2
39,120,1
39,121,1
39,122,1
39,123,1
39,124,1
39,125,1
39,126,1
39,127,1
39,128,1
39,129,1
39,130,1
39,131,1
39,132,1
39,133,1
39,134,3
39,135,1
39,136,3
39,137,1
39,138,1
39,139,1
39,140,1
39,141,1
39,142,1
39,143,1
39,144,1
39,145,1
39,146,1
39,147,1
39,148,1
39,149,6
39,150,1
39,151,3
39,152,1
39,153,2
39,154,1
39,155,2
39,156,1
39,157,1
39,158,1
39,159,1
39,160,1
39,161,1
39,162,1
39,163,1
39,164,1
39,165,2
39,166,1
39,167,1
39,168,4
39,169,3
39,170,1
39,171,1
39,172,1
39,173,1
39,174,2
39,175,1
39,176,1
39,177,1
39,178,1
39,179,1
39,180,1
39,181,3
39,182,1
39,183,1
39,184,1
39,185,1
39,186,1
39,187,1
39,188,1
39,189,1
39,190,1
39,191,1
39,192,1
39,193,1
39,194,1
39,195,1
39,196,1
39,197,1
39,198,1
39,199,1
39,200,1
39,201,1
39,202,2
39,203,1
39,204,1
39,205,1
39,206,1
39,207,1
39,208,1
39,209,1
39,210,1
39,39,1
39,103,1
39,42,1
39,11,1
39,12,1
39,44,1
39,48,1
39,82,1
39,19,1
39,52,1
39,94,1
39,26,1
39,30,1
39,64,1
39,33,1
39,35,1
39,7,1
40,0,30
40,1,1
40,2,98
40,3,1
40,4,92
40,52,43
40,6,39
40,7,49
40,8,68
40,9,9
40,10,1
40,11,1
40,50,62
40,13,1
40,14,1
40,15,16
40,16,1
40,17,1
40,18,19
40,19,50
40,20,14
40,21,1
40,22,40
40,23,1
40,24,45
40,25,1
40,26,2
40,27,33
40,28,2
40,29,1
40,30,1
40,31,1
40,32,1
40,33,2
40,34,1
40,35,19
40,36,15
40,37,12
40,38,2
40,39,1
40,40,1
40,41,1
40,42,13
40,43,5
40,44,2
40,45,1
40,46,1
40,47,16
40,48,1
40,49,1
40,66,23
40,53,19
40,54,21
40,55,11
40,56,1
40,57,1
40,58,1
40,59,1
40,60,1
40,61,1
40,62,1
40,63,1
40,64,1
40,65,1
40,67,3
40,68,1
40,69,1
40,70,8
40,71,1
40,72,1
40,73,1
40,74,2
40,75,1
40,76,1
40,77,2
40,78,6
40,79,1
40,80,1
40,81,1
40,82,1
40,83,1
40,84,1
40,85,1
40,86,1
40,87,1
40,88,1
40,89,2
40,90,1
40,91,1
40,92,1
40,93,1
40,94,2
40,95,1
40,96,1
40,97,1
40,98,1
40,99,1
40,100,1
40,101,1
40,102,1
40,103,1
40,104,1
40,105,1
40,106,1
40,107,1
40,108,4
40,109,1
40,110,1
40,111,1
40,112,1
40,113,1
40,114,2
40,115,1
40,116,4
40,117,1
40,118,1
40,119,1
40,120,1
40,121,1
40,122,1
40,123,1
40,124,1
40,125,1
40,126,1
40,127,1
40,128,1
40,129,2
40,130,3
40,131,1
40,132,1
40,133,1
40,134,1
40,135,1
40,136,1
40,137,1
40,138,1
40,139,1
40,140,1
40,141,1
40,142,1
40,143,1
40,144,1
40,145,5
40,146,1
40,147,1
40,148,4
40,149,2
40,150,1
40,151,1
40,152,1
40,153,1
40,154,1
40,155,1
40,156,1
40,157,1
40,158,1
40,159,1
40,160,1
40,161,1
40,162,1
40,163,1
40,164,1
40,165,1
40,166,1
40,167,1
40,168,1
40,169,1
40,170,1
40,171,1
40,172,1
40,173,2
40,174,1
40,175,1
40,176,1
40,177,3
40,178,1
40,179,1
40,180,2
40,181,1
40,182,1
40,183,2
40,184,1
40,185,1
40,186,1
40,187,1
40,188,1
40,189,1
40,190,1
40,191,1
40,192,1
40,193,1
40,194,1
40,195,1
40,196,1
40,197,1
40,198,1
40,199,1
40,200,1
40,201,1
40,202,1
40,203,1
40,204,1
40,205,1
40,206,1
40,207,1
40,208,1
40,209,1
40,210,1
40,211,1
40,212,1
40,213,1
40,214,1
40,215,1
40,216,2
40,217,1
40,218,1
40,219,1
40,220,1
40,221,1
40,222,1
40,223,1
40,224,1
40,225,1
40,226,1
40,227,1
40,228,1
40,229,1
40,230,1
40,231,1
40,232,1
40,233,3
40,234,1
40,235,1
40,236,1
40,237,1
40,238,1
40,239,1
40,240,1
40,241,1
40,242,1
40,243,1
40,244,1
40,245,1
40,246,1
40,247,1
40,248,1
40,249,2
40,250,1
40,251,1
40,252,1
40,253,1
40,254,1
40,255,1
40,256,1
40,257,1
40,258,1
40,259,1
40,260,1
40,261,1
40,262,1
40,263,1
40,264,1
40,265,1
40,266,1
40,267,1
40,268,2
40,269,1
40,270,1
40,271,1
40,272,1
40,273,1
40,274,1
40,275,1
40,276,1
40,277,1
40,278,1
40,279,1
40,280,1
40,281,1
40,282,1
40,283,1
40,284,1
40,285,1
40,286,1
40,287,1
40,288,1
40,289,1
40,290,1
40,291,1
40,292,1
40,293,1
40,294,1
40,295,1
40,296,1
40,297,1
40,298,1
40,299,1
40,300,1
40,301,1
40,302,1
40,303,1
40,304,1
40,305,1
40,306,1
40,307,1
40,308,1
40,309,1
40,310,1
40,311,1
40,312,1
40,313,1
40,314,1
40,315,1
40,316,1
40,317,1
40,318,1
40,319,1
40,320,1
40,321,1
40,322,1
40,323,1
40,324,1
40,51,1
40,12,1
40,5,1
41,0,48
41,1,1
41,2,43
41,3,49
41,4,1
41,5,70
41,6,15
41,7,21
41,8,52
41,9,61
41,10,15
41,11,31
41,12,11
41,13,30
41,14,10
41,15,38
41,16,4
41,17,8
41,18,5
41,19,1
41,20,1
41,21,63
41,22,1
41,23,7
41,24,6
41,25,1
41,49,28
41,27,1
41,54,31
41,29,4
41,30,1
41,60,38
41,32,2
41,33,11
41,34,1
41,35,1
41,36,1
41,37,16
41,38,1
41,39,3
41,40,4
41,41,1
41,42,11
41,43,2
41,44,1
41,45,2
41,47,1
41,48,2
41,50,1
41,51,1
41,52,3
41,53,1
41,55,2
41,56,4
41,57,1
41,58,1
41,59,3
41,61,1
41,62,6
41,63,1
41,64,1
41,65,5
41,66,1
41,68,1
41,69,1
41,70,1
41,71,1
41,72,2
41,73,2
41,74,1
41,75,1
41,76,1
41,77,1
41,78,4
41,79,1
41,80,4
41,81,1
41,83,2
41,84,1
41,85,6
41,86,1
41,87,1
41,88,1
41,89,1
41,90,3
41,91,1
41,92,1
41,93,1
41,94,1
41,95,4
41,96,1
41,97,1
41,98,1
41,99,2
41,100,18
41,101,1
41,102,1
41,103,1
41,104,1
41,105,1
41,106,1
41,107,1
41,108,1
41,109,4
41,110,1
41,111,1
41,112,2
41,113,1
41,114,3
41,115,2
41,116,1
41,117,1
41,118,1
41,119,2
41,120,2
41,121,2
41,122,1
41,123,1
41,124,1
41,125,1
41,126,1
41,127,1
41,128,1
41,129,1
41,130,1
41,131,1
41,132,1
41,133,3
41,134,4
41,135,1
41,136,1
41,137,1
41,138,1
41,139,1
41,140,1
41,141,1
41,142,1
41,143,1
41,144,1
41,145,1
41,146,1
41,147,1
41,148,1
41,149,1
41,150,2
41,151,1
41,152,1
41,153,1
41,154,1
41,155,2
41,156,1
41,157,1
41,158,1
41,159,1
41,160,2
41,161,1
41,162,3
41,163,2
41,164,1
41,165,1
41,166,1
41,167,1
41,168,1
41,169,1
41,170,1
41,171,2
41,172,1
41,173,1
41,174,1
41,175,1
41,176,1
41,177,1
41,178,2
41,179,1
41,180,1
41,181,1
41,182,1
41,183,1
41,184,1
41,185,1
41,186,1
41,187,1
41,188,1
41,189,1
41,190,1
41,191,1
41,192,1
41,193,1
41,194,3
41,195,1
41,196,1
41,197,1
41,198,2
41,199,1
41,200,1
41,201,1
41,202,1
41,203,1
41,204,1
41,205,1
41,206,1
41,207,1
41,208,1
41,209,1
41,210,1
41,211,1
41,212,1
41,213,1
41,214,1
41,215,1
41,216,2
41,217,1
41,218,1
41,219,1
41,220,1
41,221,1
41,222,1
41,223,1
41,224,1
41,225,1
41,226,3
41,227,1
41,228,1
41,229,1
41,230,1
41,231,1
41,232,1
41,233,1
41,234,1
41,235,1
41,236,1
41,237,1
41,238,1
41,239,1
41,240,1
41,241,1
41,242,1
41,243,1
41,244,1
41,245,1
41,246,2
41,247,1
41,248,1
41,249,1
41,250,2
41,251,1
41,252,1
41,253,1
41,254,1
41,255,1
41,256,1
41,257,1
41,258,1
41,259,1
41,260,1
41,261,1
41,262,1
41,263,1
41,264,1
41,265,1
41,266,1
41,267,1
41,268,1
41,269,1
41,270,1
41,271,1
41,272,1
41,273,1
41,274,1
41,275,1
41,276,1
41,277,1
41,278,1
41,279,1
41,280,1
41,281,1
41,282,1
41,283,1
41,284,2
41,285,1
41,286,1
41,287,1
41,288,1
41,289,1
41,290,1
41,291,1
41,292,1
41,293,1
41,294,1
41,295,1
41,296,1
41,297,1
41,298,1
41,299,1
41,300,1
41,301,1
41,302,1
41,303,1
41,304,1
41,305,1
41,306,1
41,307,1
41,308,1
41,309,1
41,310,1
41,311,1
41,312,1
41,313,1
41,314,1
41,315,1
41,316,1
41,317,1
41,318,1
41,319,1
41,320,1
41,321,1
41,322,1
41,323,1
41,324,1
41,325,1
41,326,2
41,327,1
41,328,1
41,329,1
41,330,1
41,331,1
41,332,1
41,333,1
41,334,1
41,335,1
41,336,1
41,67,1
41,46,1
41,82,1
41,26,1
41,28,1
41,31,1
42,0,103
42,1,1
42,2,1
42,3,1
42,4,1
42,5,1
42,6,1
42,7,1
42,36,78
42,9,113
42,10,1
42,11,20
42,13,41
42,14,75
42,15,1
42,16,49
42,17,63
42,18,44
42,19,78
42,20,2
42,21,1
42,89,47
42,23,4
42,24,5
42,25,1
42,26,39
42,27,9
42,28,1
42,29,1
42,30,53
42,31,1
42,32,37
42,33,2
42,34,5
42,37,21
42,38,1
42,39,3
42,40,1
42,41,1
42,42,10
42,43,1
42,44,1
42,45,12
42,46,3
42,47,3
42,48,1
42,49,1
42,50,1
42,51,2
42,52,2
42,53,1
42,54,48
42,56,1
42,57,1
42,59,1
42,60,12
42,61,1
42,62,4
42,63,1
42,64,1
42,65,1
42,66,1
42,68,1
42,69,1
42,70,1
42,71,1
42,72,1
42,73,1
42,74,1
42,75,1
42,76,1
42,77,1
42,78,35
42,79,1
42,80,1
42,81,1
42,82,1
42,83,1
42,84,1
42,85,2
42,87,1
42,88,1
42,90,3
42,91,1
42,92,3
42,93,1
42,94,1
42,95,1
42,96,1
42,97,1
42,98,8
42,99,1
42,100,1
42,101,1
42,102,1
42,103,1
42,104,1
42,105,1
42,106,1
42,107,4
42,108,1
42,109,1
42,110,1
42,111,1
42,113,2
42,114,1
42,115,3
42,116,1
42,117,1
42,118,1
42,119,26
42,120,1
42,121,1
42,122,2
42,123,1
42,124,1
42,125,1
42,126,1
42,127,1
42,128,1
42,129,1
42,130,1
42,131,1
42,132,1
42,133,1
42,134,1
42,135,1
42,136,1
42,137,1
42,138,1
42,139,1
42,140,1
42,141,1
42,142,2
42,143,1
42,144,1
42,145,1
42,146,1
42,147,1
42,148,1
42,149,1
42,150,1
42,151,1
42,152,1
42,153,1
42,154,4
42,155,1
42,156,2
42,157,1
42,158,1
42,159,1
42,160,1
42,162,14
42,163,1
42,164,1
42,165,2
42,166,1
42,167,1
42,168,1
42,169,1
42,170,1
42,172,1
42,173,1
42,174,1
42,175,1
42,176,1
42,177,1
42,178,1
42,179,1
42,180,1
42,181,3
42,182,1
42,183,1
42,184,1
42,185,1
42,186,2
42,187,1
42,188,1
42,189,1
42,190,1
42,191,5
42,192,1
42,193,2
42,194,3
42,195,1
42,196,1
42,197,1
42,198,1
42,199,1
42,200,1
42,201,2
42,202,1
42,203,1
42,204,1
42,205,1
42,206,1
42,207,1
42,208,1
42,209,6
42,210,1
42,211,2
42,212,2
42,213,2
42,214,1
42,215,1
42,216,1
42,217,7
42,218,3
42,219,1
42,220,1
42,221,1
42,222,1
42,223,3
42,225,2
42,226,2
42,227,3
42,228,1
42,229,1
42,230,1
42,231,1
42,232,1
42,233,1
42,234,1
42,235,1
42,236,1
42,237,1
42,238,3
42,239,2
42,240,2
42,241,1
42,242,1
42,243,1
42,244,1
42,245,1
42,246,1
42,247,1
42,248,1
42,249,1
42,250,1
42,251,1
42,252,1
42,253,1
42,254,1
42,255,1
42,256,1
42,257,1
42,258,1
42,259,1
42,260,1
42,261,2
42,262,1
42,263,1
42,264,1
42,265,1
42,266,2
42,267,1
42,268,1
42,269,2
42,270,1
42,271,1
42,272,1
42,273,1
42,274,1
42,275,1
42,276,1
42,277,1
42,278,5
42,279,1
42,280,1
42,281,1
42,282,1
42,283,1
42,284,1
42,285,1
42,286,1
42,287,1
42,288,1
42,289,1
42,290,1
42,291,1
42,292,1
42,293,1
42,294,1
42,295,1
42,296,1
42,297,1
42,298,1
42,299,1
42,300,1
42,301,1
42,302,1
42,303,1
42,304,1
42,305,1
42,306,1
42,307,1
42,308,1
42,309,1
42,310,1
42,311,3
42,312,1
42,313,1
42,314,1
42,315,1
42,316,2
42,317,1
42,318,1
42,319,1
42,320,1
42,321,1
42,322,1
42,323,1
42,324,3
42,325,1
42,326,1
42,327,1
42,328,1
42,329,1
42,330,1
42,331,1
42,332,1
42,333,1
42,334,2
42,335,1
42,336,1
42,337,1
42,338,1
42,339,1
42,340,1
42,341,1
42,342,1
42,343,1
42,344,1
42,345,3
42,346,1
42,347,1
42,348,1
42,349,1
42,350,1
42,351,2
42,352,1
42,353,1
42,354,1
42,355,1
42,356,1
42,357,3
42,358,1
42,359,1
42,360,1
42,361,1
42,362,1
42,363,1
42,364,1
42,365,4
42,366,1
42,367,1
42,368,1
42,369,1
42,370,1
42,371,1
42,372,1
42,373,1
42,374,1
42,375,1
42,376,1
42,377,1
42,378,1
42,379,1
42,380,1
42,381,1
42,382,1
42,383,1
42,384,1
42,385,1
42,386,1
42,387,1
42,388,1
42,389,1
42,390,1
42,391,1
42,392,1
42,393,1
42,394,1
42,395,1
42,396,1
42,397,1
42,398,1
42,399,1
42,400,6
42,401,1
42,402,1
42,403,1
42,404,1
42,405,1
42,406,1
42,407,2
42,408,1
42,409,1
42,410,3
42,411,1
42,412,1
42,413,1
42,414,1
42,415,1
42,416,1
42,417,1
42,418,1
42,419,2
42,420,1
42,421,1
42,422,1
42,423,1
42,424,1
42,425,1
42,426,1
42,427,1
42,428,1
42,429,1
42,430,1
42,431,1
42,432,1
42,433,1
42,434,1
42,435,1
42,436,1
42,437,1
42,438,2
42,439,1
42,440,1
42,441,1
42,442,1
42,443,1
42,444,1
42,445,2
42,446,1
42,447,2
42,448,1
42,449,1
42,450,1
42,451,1
42,452,1
42,453,1
42,454,1
42,455,1
42,456,2
42,457,1
42,458,2
42,459,2
42,460,1
42,461,1
42,462,1
42,463,1
42,464,1
42,465,1
42,466,1
42,467,1
42,468,1
42,469,1
42,470,1
42,471,1
42,472,1
42,473,1
42,474,1
42,475,1
42,476,1
42,477,1
42,478,1
42,479,1
42,480,1
42,481,1
42,482,1
42,483,1
42,484,1
42,485,2
42,486,1
42,487,1
42,488,1
42,489,1
42,490,1
42,491,1
42,492,1
42,493,1
42,494,1
42,495,2
42,496,1
42,497,2
42,498,1
42,499,1
42,500,1
42,501,1
42,502,1
42,503,1
42,504,1
42,505,1
42,506,1
42,507,1
42,508,1
42,509,1
42,510,1
42,511,1
42,512,1
42,513,2
42,514,1
42,515,1
42,516,1
42,517,1
42,518,1
42,519,1
42,520,2
42,521,1
42,522,1
42,523,3
42,524,1
42,525,1
42,526,1
42,527,1
42,528,1
42,529,1
42,530,1
42,531,1
42,532,1
42,533,1
42,534,1
42,535,1
42,536,1
42,537,1
42,538,3
42,539,2
42,540,1
42,541,1
42,542,3
42,543,1
42,544,1
42,545,1
42,546,1
42,547,1
42,548,1
42,549,1
42,550,1
42,551,1
42,552,1
42,553,1
42,554,1
42,555,1
42,556,1
42,557,1
42,558,1
42,559,1
42,560,1
42,561,1
42,562,1
42,563,1
42,564,1
42,565,1
42,566,1
42,567,1
42,568,1
42,569,1
42,570,1
42,571,1
42,572,1
42,573,1
42,574,1
42,575,1
42,576,1
42,577,1
42,578,1
42,579,1
42,580,1
42,581,1
42,582,1
42,583,2
42,584,1
42,585,1
42,586,1
42,587,1
42,588,1
42,589,1
42,590,1
42,591,2
42,592,1
42,593,1
42,594,1
42,595,1
42,596,1
42,597,1
42,598,2
42,599,1
42,600,1
42,601,1
42,602,1
42,603,1
42,604,1
42,605,1
42,606,1
42,607,1
42,608,1
42,609,1
42,610,1
42,611,1
42,612,1
42,613,1
42,614,1
42,615,1
42,616,1
42,617,1
42,618,1
42,619,1
42,620,1
42,621,1
42,622,1
42,623,1
42,624,1
42,625,1
42,626,1
42,627,1
42,628,1
42,629,1
42,630,1
42,631,1
42,632,2
42,633,1
42,634,1
42,635,1
42,636,1
42,637,1
42,638,1
42,639,1
42,640,1
42,641,1
42,642,1
42,643,1
42,644,1
42,645,1
42,646,1
42,647,1
42,648,1
42,649,1
42,650,1
42,651,1
42,652,1
42,653,1
42,654,1
42,655,1
42,656,2
42,657,1
42,658,1
42,659,1
42,660,1
42,661,1
42,662,1
42,663,1
42,664,1
42,665,1
42,666,2
42,667,1
42,668,1
42,669,1
42,670,1
42,671,1
42,672,1
42,673,1
42,674,1
42,675,1
42,676,1
42,677,1
42,678,1
42,679,1
42,680,1
42,681,1
42,682,1
42,683,1
42,684,1
42,685,1
42,686,1
42,687,1
42,688,1
42,689,1
42,690,1
42,691,1
42,692,1
42,693,1
42,694,1
42,695,2
42,696,3
42,697,1
42,698,1
42,699,1
42,700,1
42,701,1
42,702,1
42,703,1
42,704,1
42,705,1
42,706,1
42,707,1
42,708,1
42,709,1
42,710,1
42,711,1
42,712,1
42,713,1
42,714,1
42,715,1
42,716,1
42,717,2
42,718,1
42,719,1
42,720,1
42,721,1
42,722,1
42,723,1
42,724,1
42,725,1
42,726,1
42,727,1
42,728,1
42,729,1
42,730,1
42,731,1
42,732,1
42,733,1
42,734,1
42,735,1
42,736,1
42,737,1
42,738,1
42,739,1
42,740,1
42,741,1
42,742,1
42,743,1
42,744,1
42,745,1
42,746,1
42,747,1
42,748,1
42,749,1
42,750,1
42,751,1
42,752,1
42,753,1
42,754,1
42,755,1
42,756,1
42,757,1
42,758,1
42,759,1
42,760,1
42,761,1
42,762,1
42,763,1
42,764,1
42,765,1
42,766,1
42,767,1
42,768,1
42,769,2
42,770,1
42,771,1
42,772,1
42,773,1
42,774,1
42,775,1
42,776,1
42,777,1
42,778,1
42,779,1
42,780,1
42,781,1
42,782,1
42,783,1
42,784,1
42,785,1
42,786,1
42,787,1
42,788,1
42,789,1
42,790,1
42,791,1
42,792,1
42,793,1
42,794,1
42,795,1
42,796,1
42,797,1
42,798,1
42,799,1
42,800,1
42,801,1
42,802,1
42,803,1
42,804,1
42,805,2
42,806,1
42,807,1
42,808,1
42,809,1
42,810,1
42,811,1
42,812,1
42,813,1
42,814,1
42,815,1
42,816,1
42,817,1
42,818,1
42,819,1
42,820,1
42,821,1
42,822,1
42,823,1
42,824,1
42,825,1
42,826,1
42,827,1
42,828,1
42,829,1
42,830,1
42,831,1
42,832,1
42,833,1
42,834,1
42,835,1
42,836,1
42,837,1
42,838,1
42,839,1
42,840,1
42,841,1
42,842,1
42,843,1
42,844,1
42,845,1
42,846,1
42,847,1
42,848,1
42,849,1
42,850,1
42,851,1
42,852,1
42,853,1
42,854,1
42,855,1
42,856,1
42,857,1
42,858,1
42,859,1
42,860,1
42,861,1
42,862,1
42,863,1
42,864,1
42,865,1
42,866,1
42,867,1
42,868,1
42,869,1
42,870,1
42,871,1
42,872,1
42,873,1
42,874,1
42,875,1
42,876,1
42,877,1
42,878,1
42,879,1
42,880,1
42,881,1
42,882,1
42,883,1
42,884,1
42,885,1
42,886,1
42,887,1
42,888,1
42,889,1
42,890,1
42,891,1
42,892,1
42,893,1
42,894,1
42,895,1
42,896,1
42,897,1
42,898,1
42,899,1
42,900,1
42,901,1
42,902,1
42,903,1
42,904,1
42,905,2
42,906,1
42,907,1
42,908,1
42,909,1
42,910,1
42,911,1
42,912,1
42,913,1
42,914,1
42,915,1
42,916,1
42,917,1
42,918,1
42,919,1
42,920,1
42,921,1
42,922,1
42,923,1
42,924,1
42,925,1
42,926,1
42,927,1
42,928,1
42,929,1
42,930,1
42,931,1
42,932,1
42,933,1
42,934,1
42,935,1
42,936,1
42,937,1
42,938,1
42,939,1
42,940,1
42,941,1
42,942,1
42,943,1
42,944,1
42,945,1
42,946,1
42,947,1
42,948,1
42,949,1
42,950,1
42,951,1
42,952,1
42,953,1
42,954,1
42,955,1
42,956,1
42,957,1
42,958,1
42,959,1
42,960,1
42,961,1
42,962,1
42,963,1
42,964,1
42,965,1
42,966,1
42,967,1
42,968,1
42,969,1
42,970,1
42,971,1
42,972,1
42,973,1
42,974,1
42,975,1
42,976,1
42,977,1
42,978,1
42,979,1
42,980,1
42,981,1
42,982,1
42,983,1
42,984,1
42,985,1
42,986,1
42,987,1
42,988,1
42,989,1
42,990,1
42,991,1
42,992,1
42,993,1
42,994,1
42,995,1
42,996,1
42,997,1
42,998,1
42,999,1
42,1000,1
42,1001,1
42,1002,1
42,224,1
42,161,1
42,35,1
42,67,1
42,8,1
42,171,1
42,12,1
42,112,1
42,22,1
42,55,1
42,86,1
42,58,1
43,0,65
43,1,2
43,2,14
43,3,16
43,4,52
43,5,1
43,6,3
43,7,70
43,8,2
43,9,20
43,50,64
43,29,31
43,12,34
43,13,1
43,14,44
43,15,2
43,16,1
43,17,29
43,18,2
43,19,32
43,20,9
43,21,1
43,30,33
43,23,45
43,24,1
43,25,1
43,26,1
43,27,54
43,28,1
43,31,3
43,32,1
43,33,2
43,34,1
43,35,2
43,36,1
43,37,1
43,38,1
43,39,1
43,40,3
43,41,1
43,42,4
43,43,2
43,44,2
43,45,1
43,46,1
43,47,1
43,48,1
43,49,5
43,51,1
43,52,2
43,53,1
43,54,29
43,55,1
43,56,1
43,57,1
43,58,1
43,59,2
43,60,1
43,61,1
43,62,1
43,63,2
43,64,1
43,65,6
43,66,27
43,67,2
43,68,1
43,69,10
43,70,1
43,71,1
43,72,19
43,73,1
43,74,1
43,75,2
43,76,1
43,77,1
43,78,3
43,79,1
43,80,1
43,81,3
43,82,2
43,83,1
43,84,1
43,85,3
43,86,1
43,87,2
43,88,1
43,89,1
43,90,1
43,91,1
43,92,1
43,93,1
43,94,1
43,95,1
43,96,1
43,97,1
43,98,2
43,99,1
43,100,5
43,101,1
43,102,1
43,103,1
43,104,1
43,105,1
43,106,2
43,107,1
43,108,1
43,109,1
43,110,1
43,111,2
43,112,1
43,113,1
43,114,1
43,115,1
43,116,1
43,117,3
43,118,1
43,119,7
43,120,6
43,121,1
43,122,1
43,123,1
43,124,1
43,125,2
43,126,3
43,127,1
43,128,1
43,129,1
43,130,1
43,131,2
43,132,1
43,133,3
43,134,1
43,135,1
43,136,1
43,137,1
43,138,1
43,139,1
43,140,1
43,141,1
43,142,5
43,143,1
43,144,1
43,145,1
43,146,1
43,147,1
43,148,12
43,149,1
43,150,6
43,151,1
43,152,1
43,153,1
43,154,2
43,155,1
43,156,1
43,157,1
43,158,1
43,159,1
43,160,1
43,161,1
43,162,1
43,163,1
43,164,1
43,165,1
43,166,1
43,167,1
43,168,1
43,169,1
43,170,1
43,171,1
43,172,1
43,173,4
43,174,1
43,175,1
43,176,1
43,177,1
43,178,1
43,179,2
43,180,1
43,181,2
43,182,1
43,183,1
43,184,1
43,185,1
43,186,1
43,187,3
43,188,1
43,189,1
43,190,1
43,191,3
43,192,9
43,193,1
43,194,1
43,195,1
43,196,1
43,197,2
43,198,1
43,199,1
43,200,3
43,201,1
43,202,1
43,203,1
43,204,3
43,205,1
43,206,1
43,207,2
43,208,2
43,209,1
43,210,1
43,211,1
43,212,1
43,213,1
43,214,1
43,215,1
43,216,2
43,217,1
43,218,3
43,219,3
43,220,1
43,221,1
43,222,1
43,223,1
43,224,1
43,225,1
43,226,2
43,227,1
43,228,3
43,229,2
43,230,1
43,231,1
43,232,1
43,233,1
43,234,1
43,235,1
43,236,1
43,237,1
43,238,1
43,239,1
43,240,2
43,241,1
43,242,2
43,243,1
43,244,1
43,245,1
43,246,1
43,247,1
43,248,3
43,249,1
43,250,1
43,251,1
43,252,1
43,253,1
43,254,1
43,255,1
43,256,1
43,257,1
43,258,1
43,259,1
43,260,1
43,261,1
43,262,1
43,263,1
43,264,2
43,265,1
43,266,1
43,267,1
43,268,2
43,269,1
43,270,1
43,271,1
43,272,1
43,273,2
43,274,1
43,275,1
43,276,1
43,277,3
43,278,1
43,279,2
43,280,1
43,281,1
43,282,1
43,283,2
43,284,1
43,285,2
43,286,2
43,287,1
43,288,1
43,289,1
43,290,1
43,291,1
43,292,1
43,293,1
43,294,2
43,295,1
43,296,3
43,297,5
43,298,1
43,299,1
43,300,1
43,301,2
43,302,2
43,303,1
43,304,1
43,305,1
43,306,1
43,307,1
43,308,1
43,309,1
43,310,1
43,311,1
43,312,1
43,313,1
43,314,1
43,315,1
43,316,1
43,317,1
43,318,1
43,319,1
43,320,2
43,321,1
43,322,1
43,323,1
43,324,1
43,325,1
43,326,1
43,327,1
43,328,2
43,329,1
43,330,1
43,331,2
43,332,1
43,333,1
43,334,1
43,335,3
43,336,1
43,337,1
43,338,1
43,339,2
43,340,1
43,341,1
43,342,1
43,343,1
43,344,1
43,345,2
43,346,1
43,347,1
43,348,1
43,349,1
43,350,1
43,351,1
43,352,1
43,353,1
43,354,1
43,355,1
43,356,1
43,357,1
43,358,1
43,359,2
43,360,1
43,361,1
43,362,1
43,363,1
43,364,1
43,365,1
43,366,1
43,367,1
43,368,1
43,369,1
43,370,1
43,371,1
43,372,1
43,373,1
43,374,1
43,375,1
43,376,1
43,377,1
43,378,1
43,379,1
43,380,1
43,381,2
43,382,1
43,383,1
43,384,1
43,385,1
43,386,1
43,387,2
43,388,1
43,389,1
43,390,1
43,391,1
43,392,3
43,393,1
43,394,1
43,395,1
43,396,1
43,397,1
43,398,1
43,399,1
43,400,2
43,401,1
43,402,1
43,403,1
43,404,1
43,405,1
43,406,1
43,407,1
43,408,1
43,409,1
43,410,1
43,411,1
43,412,1
43,413,1
43,414,1
43,415,1
43,416,1
43,417,1
43,418,1
43,419,1
43,420,1
43,421,1
43,422,1
43,423,1
43,424,1
43,425,1
43,426,1
43,427,2
43,428,1
43,429,1
43,430,1
43,431,1
43,432,1
43,433,1
43,434,1
43,435,1
43,436,1
43,437,1
43,438,1
43,439,1
43,440,1
43,441,1
43,442,1
43,443,1
43,444,1
43,445,1
43,446,1
43,447,1
43,448,1
43,449,2
43,450,1
43,451,1
43,452,1
43,453,1
43,454,1
43,455,1
43,456,1
43,457,1
43,458,1
43,459,3
43,460,1
43,461,2
43,462,1
43,463,1
43,464,1
43,465,2
43,466,1
43,467,1
43,468,1
43,469,1
43,470,3
43,471,1
43,472,1
43,473,1
43,474,1
43,475,1
43,476,1
43,477,1
43,478,1
43,479,1
43,480,1
43,481,1
43,482,1
43,483,1
43,484,1
43,485,1
43,486,1
43,487,1
43,488,1
43,489,1
43,490,1
43,491,1
43,492,1
43,493,1
43,494,1
43,495,1
43,496,1
43,497,1
43,498,1
43,499,1
43,500,1
43,501,1
43,502,1
43,503,1
43,504,1
43,505,1
43,506,1
43,507,1
43,508,1
43,509,1
43,510,1
43,511,1
43,512,1
43,513,1
43,514,1
43,515,1
43,516,1
43,517,1
43,518,1
43,519,1
43,520,1
43,521,1
43,522,1
43,523,1
43,524,1
43,525,1
43,526,1
43,527,1
43,528,1
43,529,1
43,530,1
43,10,1
43,11,1
43,22,1
44,18,34
44,1,1
44,2,39
44,10,79
44,4,13
44,5,31
44,6,22
44,7,24
44,8,110
44,9,8
44,14,55
44,13,90
44,15,1
44,17,1
44,19,1
44,20,2
44,21,57
44,22,86
44,80,31
44,24,9
44,25,1
44,26,11
44,27,9
44,29,4
44,30,1
44,31,8
44,32,3
44,33,13
44,34,10
44,36,21
44,37,43
44,38,50
44,39,2
44,40,9
44,41,5
44,42,1
44,43,1
44,12,11
44,45,21
44,46,12
44,47,37
44,48,11
44,49,1
44,50,15
44,51,12
44,52,10
44,53,1
44,54,30
44,55,1
44,56,1
44,57,1
44,58,22
44,59,10
44,184,32
44,61,1
44,62,10
44,63,1
44,64,14
44,66,4
44,67,1
44,68,13
44,69,4
44,70,1
44,71,9
44,72,15
44,73,1
44,74,1
44,75,1
44,76,8
44,77,1
44,78,6
44,79,10
44,81,10
44,82,10
44,83,10
44,84,1
44,85,1
44,86,5
44,87,1
44,88,8
44,89,1
44,98,20
44,91,2
44,92,8
44,93,2
44,94,1
44,95,1
44,96,1
44,97,1
44,99,10
44,100,1
44,101,2
44,102,1
44,103,8
44,104,18
44,105,9
44,106,1
44,107,5
44,108,1
44,109,1
44,110,1
44,111,1
44,112,2
44,113,1
44,114,1
44,115,1
44,116,1
44,117,1
44,118,1
44,119,10
44,120,1
44,121,1
44,123,1
44,124,10
44,125,4
44,126,1
44,127,1
44,128,1
44,129,3
44,130,1
44,131,1
44,132,1
44,133,2
44,134,3
44,135,1
44,136,1
44,137,6
44,138,1
44,139,1
44,140,1
44,141,1
44,142,1
44,143,1
44,144,3
44,145,1
44,146,1
44,147,1
44,148,1
44,149,1
44,150,1
44,151,1
44,152,2
44,153,2
44,154,1
44,155,1
44,156,1
44,157,1
44,158,10
44,159,1
44,160,1
44,161,1
44,162,1
44,163,4
44,164,3
44,165,1
44,166,1
44,167,1
44,168,1
44,169,1
44,170,2
44,171,1
44,172,1
44,173,3
44,174,1
44,175,9
44,176,1
44,177,1
44,178,1
44,179,2
44,180,1
44,181,1
44,182,1
44,183,1
44,185,1
44,186,1
44,187,1
44,188,1
44,189,1
44,190,1
44,191,1
44,192,1
44,193,1
44,194,1
44,195,1
44,196,1
44,197,1
44,198,1
44,199,1
44,200,1
44,201,1
44,202,1
44,203,1
44,204,1
44,205,1
44,206,1
44,207,1
44,208,1
44,209,1
44,210,1
44,211,1
44,212,1
44,213,1
44,214,1
44,215,2
44,216,1
44,217,1
44,218,1
44,219,1
44,220,1
44,221,1
44,222,1
44,223,1
44,224,1
44,225,1
44,226,1
44,227,2
44,228,1
44,229,1
44,230,1
44,231,1
44,232,1
44,233,3
44,234,1
44,235,1
44,236,1
44,237,1
44,238,1
44,239,1
44,240,1
44,241,2
44,242,1
44,243,1
44,244,1
44,245,1
44,246,1
44,247,1
44,248,1
44,249,1
44,250,1
44,251,1
44,252,1
44,253,1
44,254,1
44,255,1
44,256,1
44,257,1
44,258,1
44,259,1
44,260,1
44,261,1
44,262,1
44,263,1
44,264,1
44,265,1
44,266,1
44,267,1
44,268,1
44,0,1
44,65,1
44,3,1
44,35,1
44,122,1
44,11,1
44,44,1
44,60,1
44,16,1
44,23,1
44,90,1
44,28,1
45,0,40
45,1,95
45,2,56
45,3,22
45,4,63
45,5,93
45,6,96
45,7,74
45,8,70
45,9,62
45,10,8
45,11,2
45,12,1
45,13,4
45,14,7
45,15,1
45,16,41
45,17,2
45,18,1
45,19,1
45,20,52
45,21,45
45,22,1
45,23,1
45,24,10
45,25,1
45,26,8
45,27,1
45,28,2
45,29,1
45,30,1
45,31,14
45,32,1
45,33,1
45,34,1
45,35,10
45,36,2
45,37,1
45,38,5
45,39,2
45,40,5
45,41,4
45,42,3
45,43,1
45,44,8
45,45,12
45,46,5
45,47,1
45,48,1
45,49,1
45,50,1
45,51,2
45,52,1
45,53,14
45,54,1
45,56,1
45,57,1
45,58,6
45,59,1
45,60,1
45,61,1
45,62,1
45,63,1
45,64,1
45,65,1
45,66,3
45,67,1
45,114,22
45,69,1
45,70,1
45,71,6
45,72,1
45,73,1
45,74,1
45,75,2
45,76,1
45,77,1
45,78,1
45,79,1
45,80,1
45,81,2
45,82,2
45,83,2
45,84,6
45,85,1
45,86,1
45,87,1
45,88,1
45,89,2
45,90,1
45,91,1
45,92,1
45,93,4
45,94,1
45,95,2
45,96,1
45,97,1
45,98,1
45,99,2
45,100,1
45,101,1
45,102,2
45,103,1
45,104,1
45,105,1
45,106,1
45,107,1
45,108,1
45,109,1
45,110,5
45,111,1
45,112,1
45,113,1
45,115,1
45,116,1
45,117,2
45,118,1
45,119,1
45,120,1
45,121,1
45,122,1
45,123,1
45,124,1
45,125,1
45,126,2
45,127,1
45,128,3
45,129,1
45,130,1
45,131,1
45,132,2
45,133,1
45,134,1
45,135,1
45,136,2
45,137,1
45,138,1
45,139,2
45,140,1
45,141,1
45,142,1
45,143,1
45,144,1
45,145,1
45,146,1
45,147,1
45,148,1
45,149,1
45,150,1
45,151,1
45,152,2
45,153,1
45,154,1
45,155,2
45,156,1
45,157,4
45,158,1
45,159,2
45,160,1
45,161,1
45,162,1
45,163,1
45,164,1
45,165,1
45,166,1
45,167,1
45,168,1
45,169,1
45,170,3
45,171,1
45,172,1
45,173,1
45,174,1
45,175,1
45,176,1
45,177,2
45,178,1
45,179,1
45,180,1
45,181,1
45,182,1
45,183,1
45,184,1
45,185,1
45,186,1
45,187,1
45,188,2
45,189,1
45,190,1
45,191,1
45,192,1
45,193,1
45,194,1
45,195,1
45,196,1
45,197,1
45,198,1
45,199,1
45,200,1
45,201,1
45,202,1
45,203,1
45,204,1
45,205,1
45,206,1
45,207,1
45,208,1
45,209,1
45,210,1
45,211,1
45,212,1
45,213,1
45,214,1
45,215,1
45,216,1
45,217,1
45,218,1
45,219,1
45,220,2
45,221,1
45,222,1
45,223,1
45,224,1
45,225,1
45,226,1
45,227,1
45,228,1
45,229,1
45,230,1
45,231,1
45,232,1
45,233,1
45,234,1
45,235,1
45,236,1
45,237,1
45,238,1
45,239,1
45,240,1
45,241,1
45,242,1
45,243,1
45,244,1
45,245,1
45,68,1
45,55,1
46,51,34
46,1,17
46,24,43
46,3,1
46,4,2
46,5,10
46,9,23
46,7,1
46,16,29
46,10,22
46,11,2
46,12,27
46,13,1
46,14,4
46,15,21
46,17,1
46,19,1
46,20,3
46,22,1
46,25,1
46,26,1
46,27,1
46,28,1
46,29,1
46,30,1
46,31,4
46,32,8
46,33,1
46,35,13
46,36,1
46,37,2
46,38,5
46,39,3
46,40,1
46,41,1
46,42,1
46,43,1
46,44,1
46,45,7
46,46,1
46,47,2
46,48,1
46,49,1
46,50,1
46,52,1
46,53,1
46,54,5
46,55,1
46,56,1
46,57,4
46,58,2
46,59,2
46,60,1
46,61,1
46,62,1
46,63,1
46,64,1
46,65,1
46,66,1
46,67,1
46,68,1
46,83,26
46,70,1
46,71,1
46,72,1
46,73,1
46,74,1
46,75,1
46,76,1
46,77,1
46,78,1
46,79,9
46,80,1
46,81,1
46,82,1
46,84,1
46,85,1
46,86,8
46,87,1
46,88,1
46,89,1
46,90,4
46,91,3
46,92,1
46,93,1
46,94,1
46,95,1
46,96,1
46,97,1
46,98,1
46,99,1
46,100,1
46,101,1
46,102,3
46,103,1
46,104,5
46,105,1
46,106,1
46,107,1
46,108,1
46,109,1
46,110,1
46,111,1
46,112,1
46,113,1
46,114,1
46,115,1
46,116,1
46,117,1
46,118,2
46,119,1
46,120,1
46,121,1
46,122,1
46,123,1
46,124,1
46,125,1
46,126,1
46,127,1
46,128,1
46,129,1
46,130,1
46,131,1
46,132,1
46,133,1
46,134,1
46,135,1
46,136,1
46,137,1
46,138,1
46,139,1
46,140,1
46,141,1
46,142,1
46,143,1
46,144,1
46,145,1
46,146,6
46,147,1
46,148,1
46,149,1
46,150,2
46,151,4
46,152,1
46,153,1
46,154,2
46,155,1
46,156,1
46,157,1
46,158,1
46,159,2
46,160,1
46,161,1
46,162,1
46,163,2
46,164,1
46,165,1
46,166,1
46,167,1
46,168,1
46,169,1
46,170,1
46,171,1
46,172,1
46,173,1
46,174,1
46,175,1
46,176,1
46,177,1
46,178,1
46,179,1
46,180,1
46,181,1
46,182,1
46,183,1
46,184,1
46,185,1
46,186,1
46,187,1
46,188,1
46,189,1
46,190,1
46,191,1
46,192,1
46,193,1
46,194,1
46,195,1
46,196,1
46,197,1
46,198,1
46,199,1
46,200,1
46,201,1
46,202,1
46,203,1
46,204,1
46,205,1
46,206,1
46,207,1
46,208,1
46,209,1
46,210,1
46,211,1
46,212,1
46,213,1
46,214,1
46,215,1
46,216,1
46,217,1
46,218,1
46,219,1
46,220,1
46,221,1
46,222,1
46,223,1
46,224,1
46,225,2
46,226,1
46,227,1
46,228,1
46,229,1
46,230,1
46,231,1
46,232,1
46,233,1
46,234,1
46,235,1
46,236,1
46,237,1
46,238,1
46,239,1
46,240,1
46,241,1
46,242,1
46,243,1
46,244,1
46,245,1
46,246,1
46,247,1
46,248,1
46,249,1
46,250,1
46,251,1
46,252,1
46,253,1
46,254,1
46,255,1
46,256,1
46,257,1
46,258,1
46,259,1
46,260,1
46,261,1
46,262,1
46,263,1
46,264,1
46,265,1
46,266,1
46,267,1
46,268,1
46,269,1
46,270,1
46,271,1
46,272,1
46,273,1
46,274,1
46,275,1
46,276,1
46,277,1
46,278,1
46,279,1
46,280,1
46,281,1
46,282,1
46,283,1
46,284,1
46,285,1
46,286,1
46,287,1
46,288,1
46,289,1
46,290,1
46,291,1
46,292,1
46,293,1
46,294,1
46,295,1
46,296,1
46,297,1
46,298,1
46,299,1
46,300,1
46,301,1
46,302,1
46,303,1
46,304,1
46,305,1
46,306,1
46,307,1
46,308,1
46,309,1
46,310,1
46,311,1
46,312,1
46,313,1
46,314,1
46,315,1
46,316,1
46,317,1
46,318,1
46,319,1
46,320,1
46,321,1
46,322,1
46,323,1
46,324,1
46,325,1
46,326,1
46,327,1
46,328,1
46,329,1
46,330,1
46,331,1
46,332,1
46,333,1
46,334,1
46,335,1
46,336,1
46,337,1
46,338,1
46,339,1
46,340,1
46,341,1
46,342,1
46,343,1
46,344,1
46,345,1
46,346,1
46,347,1
46,348,1
46,349,1
46,350,1
46,351,1
46,352,1
46,353,1
46,354,1
46,355,1
46,356,1
46,357,1
46,358,1
46,359,1
46,360,1
46,361,1
46,362,1
46,363,1
46,364,1
46,365,1
46,366,1
46,367,1
46,368,1
46,369,1
46,370,1
46,371,1
46,372,1
46,373,1
46,374,1
46,375,1
46,376,1
46,377,1
46,69,1
46,6,1
46,8,1
46,18,1
46,21,1
46,23,1
46,0,1
46,2,1
46,34,1
47,0,18
47,1,24
47,2,26
47,3,35
47,4,69
47,5,49
47,6,45
47,7,30
47,8,12
47,21,36
47,25,17
47,11,53
47,12,23
47,13,1
47,14,1
47,15,1
47,16,60
47,17,21
47,19,27
47,20,3
47,22,17
47,23,14
47,24,21
47,26,1
47,27,1
47,28,1
47,29,11
47,30,2
47,31,1
47,32,1
47,33,1
47,34,1
47,35,1
47,36,1
47,37,1
47,38,2
47,39,2
47,40,1
47,41,1
47,42,3
47,43,1
47,44,1
47,45,15
47,46,1
47,47,1
47,48,1
47,49,1
47,50,1
47,51,4
47,52,3
47,53,1
47,54,2
47,55,4
47,56,1
47,57,2
47,58,1
47,59,1
47,60,1
47,61,1
47,62,3
47,63,1
47,64,1
47,65,3
47,66,1
47,67,2
47,68,1
47,69,1
47,70,4
47,71,1
47,72,2
47,73,1
47,74,1
47,75,2
47,76,1
47,77,1
47,78,1
47,79,1
47,80,1
47,81,1
47,82,1
47,83,1
47,84,1
47,85,2
47,86,1
47,87,1
47,88,1
47,89,1
47,90,2
47,91,1
47,92,1
47,93,1
47,94,1
47,95,2
47,96,1
47,97,2
47,98,3
47,99,1
47,100,2
47,101,1
47,102,1
47,103,1
47,104,1
47,105,1
47,106,2
47,107,1
47,108,1
47,109,1
47,110,1
47,111,1
47,112,1
47,113,1
47,114,1
47,115,1
47,116,1
47,117,1
47,118,1
47,119,1
47,120,1
47,121,1
47,122,1
47,123,1
47,124,1
47,125,1
47,126,1
47,127,1
47,128,1
47,129,1
47,130,1
47,131,2
47,132,2
47,133,1
47,134,2
47,135,1
47,136,1
47,137,1
47,138,2
47,139,1
47,140,1
47,141,1
47,142,1
47,143,1
47,144,1
47,145,1
47,146,1
47,147,1
47,148,1
47,149,1
47,150,1
47,151,1
47,152,1
47,153,1
47,154,1
47,155,1
47,156,1
47,157,1
47,158,2
47,159,2
47,160,1
47,161,1
47,162,1
47,163,1
47,164,1
47,165,1
47,166,1
47,167,1
47,168,1
47,169,1
47,170,1
47,171,1
47,172,1
47,173,1
47,174,1
47,175,1
47,176,1
47,177,1
47,178,1
47,179,1
47,180,1
47,181,1
47,182,1
47,183,1
47,184,1
47,185,1
47,186,1
47,187,1
47,188,1
47,189,1
47,190,1
47,191,1
47,192,1
47,193,1
47,194,1
47,195,1
47,196,1
47,197,1
47,198,1
47,199,1
47,200,1
47,201,1
47,202,1
47,9,1
47,10,1
47,18,1
48,0,16
48,68,14
48,13,17
48,3,1
48,28,36
48,5,20
48,6,79
48,7,1
48,8,1
48,1,20
48,10,33
48,52,26
48,12,1
48,20,15
48,14,17
48,15,1
48,16,1
48,17,1
48,18,17
48,19,4
48,21,1
48,22,1
48,23,2
48,24,1
48,25,1
48,26,1
48,29,1
48,31,1
48,34,2
48,35,2
48,36,1
48,37,1
48,38,2
48,39,1
48,41,2
48,42,1
48,43,1
48,44,1
48,45,3
48,46,1
48,47,1
48,48,1
48,49,1
48,50,1
48,51,1
48,53,1
48,54,1
48,55,3
48,56,1
48,57,1
48,58,3
48,59,1
48,60,2
48,61,1
48,62,1
48,63,1
48,64,1
48,65,1
48,66,1
48,67,1
48,69,1
48,70,1
48,71,1
48,72,1
48,73,1
48,75,1
48,76,1
48,77,1
48,78,1
48,79,1
48,80,1
48,81,1
48,82,1
48,83,1
48,84,1
48,85,1
48,86,1
48,87,1
48,88,1
48,89,1
48,90,1
48,91,1
48,92,1
48,93,1
48,94,1
48,95,1
48,96,1
48,97,1
48,98,1
48,99,1
48,100,1
48,101,1
48,102,2
48,103,1
48,104,1
48,105,1
48,106,1
48,107,2
48,108,1
48,109,1
48,110,1
48,111,1
48,112,1
48,113,1
48,114,1
48,115,1
48,116,1
48,117,1
48,118,1
48,119,1
48,120,1
48,121,1
48,122,1
48,123,1
48,124,1
48,125,1
48,126,1
48,127,1
48,128,1
48,129,1
48,130,1
48,131,1
48,132,1
48,133,1
48,134,1
48,135,1
48,136,1
48,137,1
48,138,1
48,139,1
48,140,1
48,141,1
48,142,1
48,143,1
48,144,1
48,145,1
48,146,1
48,147,1
48,148,1
48,149,1
48,150,1
48,151,1
48,152,1
48,153,1
48,154,1
48,155,1
48,74,1
48,11,1
48,27,1
48,30,1
48,32,1
48,33,1
48,2,1
48,4,1
48,40,1
48,9,1
49,0,22
49,1,12
49,2,14
49,3,63
49,4,33
49,5,26
49,6,1
49,7,31
49,8,2
49,41,22
49,10,1
49,11,18
49,12,1
49,13,1
49,14,1
49,15,13
49,16,1
49,17,8
49,18,1
49,20,1
49,21,14
49,22,4
49,23,11
49,24,1
49,25,11
49,44,13
49,27,4
49,28,1
49,29,1
49,30,1
49,31,2
49,32,1
49,33,1
49,34,1
49,35,1
49,36,1
49,37,9
49,38,1
49,39,2
49,40,8
49,45,18
49,42,6
49,43,1
49,52,21
49,46,7
49,47,1
49,48,3
49,49,2
49,50,1
49,51,1
49,53,1
49,54,1
49,55,1
49,56,1
49,57,1
49,58,1
49,59,1
49,60,1
49,61,1
49,62,1
49,63,1
49,64,1
49,65,1
49,66,1
49,67,1
49,68,1
49,69,1
49,70,1
49,71,2
49,72,1
49,73,1
49,74,1
49,75,1
49,76,1
49,77,1
49,78,1
49,79,1
49,80,1
49,81,1
49,82,2
49,83,1
49,84,1
49,85,1
49,86,1
49,87,1
49,88,1
49,89,1
49,90,1
49,91,1
49,92,1
49,93,1
49,94,1
49,95,1
49,96,1
49,97,1
49,98,1
49,99,1
49,100,1
49,101,1
49,102,1
49,19,1
49,9,1
49,26,1
